"sample_id","seq1","seq2","position","allele_seq1","allele_seq2"
"RADDL3-1045","RADDL3-1045__ritm_archive2_nb22__instance1","RADDL3-1045__run2_21__instance2",955,"C","T"
"RADDL3-1045","RADDL3-1045__ritm_archive2_nb22__instance1","RADDL3-1045__run2_21__instance2",1674,"G","A"
"RADDL3-1045","RADDL3-1045__ritm_archive2_nb22__instance1","RADDL3-1045__run2_21__instance2",2543,"T","C"
"RADDL3-1045","RADDL3-1045__ritm_archive2_nb22__instance1","RADDL3-1045__run2_21__instance2",6230,"C","T"
"RADDL3-1045","RADDL3-1045__ritm_archive2_nb22__instance1","RADDL3-1045__run2_21__instance2",6743,"A","G"
"RADDL3-1045","RADDL3-1045__ritm_archive2_nb22__instance1","RADDL3-1045__run2_21__instance2",9611,"G","A"
"RADDL3-15-172","RADDL3-15-172__ritm_archive2_nb22__instance1","RADDL3-15-172__run2_21__instance2",955,"C","T"
"RADDL3-15-172","RADDL3-15-172__ritm_archive2_nb22__instance1","RADDL3-15-172__run2_21__instance2",2972,"C","T"
"RADDL3-15-172","RADDL3-15-172__ritm_archive2_nb22__instance1","RADDL3-15-172__run2_21__instance2",6342,"T","C"
"RADDL3-15-172","RADDL3-15-172__ritm_archive2_nb22__instance1","RADDL3-15-172__run2_21__instance2",8831,"A","G"
"RADDL3-845","RADDL3-845__ritm_archive2_nb22__instance1","RADDL3-845__run2_21__instance2",2972,"C","T"
"RADDL3-845","RADDL3-845__ritm_archive2_nb22__instance1","RADDL3-845__run2_21__instance2",4877,"T","C"
"RADDL3-845","RADDL3-845__ritm_archive2_nb22__instance1","RADDL3-845__run2_21__instance2",8832,"A","G"
"RADDL5-005","RADDL5-005__ritm_archive2_nb22__instance1","RADDL5-005__run1_21__instance2",955,"C","T"
"RADDL5-005","RADDL5-005__ritm_archive2_nb22__instance1","RADDL5-005__run1_21__instance2",2972,"C","T"
"RADDL5-005","RADDL5-005__ritm_archive2_nb22__instance1","RADDL5-005__run1_21__instance2",3197,"A","C"
"RADDL5-005","RADDL5-005__ritm_archive2_nb22__instance1","RADDL5-005__run1_21__instance2",3482,"C","T"
"RADDL5-005","RADDL5-005__ritm_archive2_nb22__instance1","RADDL5-005__run1_21__instance2",8831,"A","G"
"Z-12-012","Z-12-012__run2_21__instance2","Z-12-012__workshop2__instance1",2972,"T","C"
"Z-12-012","Z-12-012__run2_21__instance2","Z-12-012__workshop2__instance1",8831,"G","A"
"Z-12-012","Z-12-012__run2_21__instance2","Z-12-012__workshop2__instance1",10490,"C","T"
"Z-12-149","Z-12-149__ritm_archive2_nb22__instance1","Z-12-149__run1_21__instance2",2972,"C","T"
"Z-12-149","Z-12-149__ritm_archive2_nb22__instance1","Z-12-149__run1_21__instance2",8832,"A","G"
"Z-13-032","Z-13-032__ritm_archive1_NB24__instance1","Z-13-032__run2_21__instance2",6776,"A","G"
"Z-13-032","Z-13-032__ritm_archive1_NB24__instance1","Z-13-032__run2_21__instance2",8832,"A","G"
"Z-13-032","Z-13-032__ritm_archive1_NB24__instance1","Z-13-032__run2_21__instance2",10490,"T","C"
"Z-13-066","Z-13-066__ritm_archive1_NB24__instance1","Z-13-066__run1_21__instance2",2027,"C","A"
"Z-13-066","Z-13-066__ritm_archive1_NB24__instance1","Z-13-066__run1_21__instance2",2028,"G","T"
"Z-13-066","Z-13-066__ritm_archive1_NB24__instance1","Z-13-066__run1_21__instance2",2031,"T","A"
"Z-13-066","Z-13-066__ritm_archive1_NB24__instance1","Z-13-066__run1_21__instance2",2033,"G","C"
"Z-13-066","Z-13-066__ritm_archive1_NB24__instance1","Z-13-066__run1_21__instance2",2035,"G","C"
"Z-13-066","Z-13-066__ritm_archive1_NB24__instance1","Z-13-066__run1_21__instance2",2037,"C","T"
"Z-13-066","Z-13-066__ritm_archive1_NB24__instance1","Z-13-066__run1_21__instance2",3049,"C","T"
"Z-13-066","Z-13-066__ritm_archive1_NB24__instance1","Z-13-066__run1_21__instance2",3637,"C","T"
"Z-13-066","Z-13-066__ritm_archive1_NB24__instance1","Z-13-066__run1_21__instance2",7096,"A","G"
"Z-13-066","Z-13-066__ritm_archive1_NB24__instance1","Z-13-066__run1_21__instance2",9497,"A","G"
"Z-13-066","Z-13-066__ritm_archive1_NB24__instance1","Z-13-066__run1_21__instance2",12304,"C","T"
"Z-13-066","Z-13-066__ritm_archive1_NB24__instance1","Z-13-066__run5_22__instance3",2027,"C","A"
"Z-13-066","Z-13-066__ritm_archive1_NB24__instance1","Z-13-066__run5_22__instance3",2028,"G","T"
"Z-13-066","Z-13-066__ritm_archive1_NB24__instance1","Z-13-066__run5_22__instance3",2031,"T","A"
"Z-13-066","Z-13-066__ritm_archive1_NB24__instance1","Z-13-066__run5_22__instance3",2033,"G","C"
"Z-13-066","Z-13-066__ritm_archive1_NB24__instance1","Z-13-066__run5_22__instance3",2035,"G","C"
"Z-13-066","Z-13-066__ritm_archive1_NB24__instance1","Z-13-066__run5_22__instance3",2037,"C","T"
"Z-13-066","Z-13-066__ritm_archive1_NB24__instance1","Z-13-066__run5_22__instance3",3049,"C","T"
"Z-13-066","Z-13-066__ritm_archive1_NB24__instance1","Z-13-066__run5_22__instance3",3637,"C","T"
"Z-13-066","Z-13-066__ritm_archive1_NB24__instance1","Z-13-066__run5_22__instance3",7096,"A","G"
"Z-13-066","Z-13-066__ritm_archive1_NB24__instance1","Z-13-066__run5_22__instance3",9497,"A","G"
"Z-13-066","Z-13-066__ritm_archive1_NB24__instance1","Z-13-066__run5_22__instance3",12304,"C","T"
"Z-13-071","Z-13-071__ritm_archive1_NB24__instance1","Z-13-071__run3_22__instance2",2972,"C","T"
"Z-13-071","Z-13-071__ritm_archive1_NB24__instance1","Z-13-071__run3_22__instance2",6776,"A","G"
"Z-13-071","Z-13-071__ritm_archive1_NB24__instance1","Z-13-071__run3_22__instance2",8831,"A","G"
"Z-13-071","Z-13-071__ritm_archive1_NB24__instance1","Z-13-071__run3_22__instance2",10490,"T","C"
"Z-13-094","Z-13-094__ritm_archive1_NB24__instance1","Z-13-094__run2_21__instance2",2972,"C","T"
"Z-13-094","Z-13-094__ritm_archive1_NB24__instance1","Z-13-094__run2_21__instance2",8831,"A","G"
"Z-13-094","Z-13-094__ritm_archive1_NB24__instance1","Z-13-094__run2_21__instance2",9249,"A","G"
"Z-13-094","Z-13-094__ritm_archive1_NB24__instance1","Z-13-094__run2_21__instance2",10490,"T","C"
"Z-13-094","Z-13-094__ritm_archive1_NB24__instance1","Z-13-094__run2_21__instance2",10665,"A","G"
"Z-13-096","Z-13-096__ritm_archive1_NB24__instance1","Z-13-096__run2_21__instance2",1207,"A","G"
"Z-13-096","Z-13-096__ritm_archive1_NB24__instance1","Z-13-096__run2_21__instance2",2972,"C","T"
"Z-13-096","Z-13-096__ritm_archive1_NB24__instance1","Z-13-096__run2_21__instance2",6776,"A","G"
"Z-13-096","Z-13-096__ritm_archive1_NB24__instance1","Z-13-096__run2_21__instance2",8832,"A","G"
"Z-13-096","Z-13-096__ritm_archive1_NB24__instance1","Z-13-096__run2_21__instance2",10490,"T","C"
"Z-14-033","Z-14-033__ritm_archive2_nb22__instance1","Z-14-033__run2_21__instance2",2972,"C","T"
"Z-14-033","Z-14-033__ritm_archive2_nb22__instance1","Z-14-033__run2_21__instance2",5833,"G","C"
"Z-14-033","Z-14-033__ritm_archive2_nb22__instance1","Z-14-033__run2_21__instance2",5837,"T","A"
"Z-14-033","Z-14-033__ritm_archive2_nb22__instance1","Z-14-033__run2_21__instance2",5838,"A","T"
"Z-14-033","Z-14-033__ritm_archive2_nb22__instance1","Z-14-033__run2_21__instance2",5842,"G","T"
"Z-14-033","Z-14-033__ritm_archive2_nb22__instance1","Z-14-033__run2_21__instance2",5844,"C","T"
"Z-14-033","Z-14-033__ritm_archive2_nb22__instance1","Z-14-033__run2_21__instance2",5845,"T","A"
"Z-14-033","Z-14-033__ritm_archive2_nb22__instance1","Z-14-033__run2_21__instance2",9359,"A","G"
"Z-14-136","Z-14-136__ritm_archive1_NB24__instance1","Z-14-136__run2_21__instance2",8711,"A","G"
"Z-14-136","Z-14-136__ritm_archive1_NB24__instance1","Z-14-136__run2_21__instance2",8831,"A","G"
"Z-14-136","Z-14-136__ritm_archive1_NB24__instance1","Z-14-136__run2_21__instance2",9249,"A","G"
"Z-14-136","Z-14-136__ritm_archive1_NB24__instance1","Z-14-136__run6_23__instance3",8711,"A","G"
"Z-14-136","Z-14-136__ritm_archive1_NB24__instance1","Z-14-136__run6_23__instance3",8831,"A","G"
"Z-14-136","Z-14-136__ritm_archive1_NB24__instance1","Z-14-136__run6_23__instance3",9249,"A","G"
"Z-14-142","Z-14-142__run6_23__instance2","Z-14-142__workshop2__instance1",5203,"C","T"
"Z-14-142","Z-14-142__run6_23__instance2","Z-14-142__workshop2__instance1",7523,"C","T"
"Z-14-142","Z-14-142__run6_23__instance2","Z-14-142__workshop2__instance1",8832,"G","A"
"Z-14-142","Z-14-142__run6_23__instance2","Z-14-142__workshop2__instance1",9249,"G","A"
"Z-14-142","Z-14-142__run6_23__instance2","Z-14-142__workshop2__instance1",10490,"C","T"
"Z-15-001","Z-15-001__ritm_archive1_NB24__instance1","Z-15-001__run2_21__instance2",1756,"C","T"
"Z-15-001","Z-15-001__ritm_archive1_NB24__instance1","Z-15-001__run2_21__instance2",8831,"A","G"
"Z-15-001","Z-15-001__ritm_archive1_NB24__instance1","Z-15-001__run2_21__instance2",9249,"A","G"
"Z-16-082","Z-16-082__ritm_archive2_nb22__instance1","Z-16-082__run2_21__instance2",2972,"C","T"
"Z-16-082","Z-16-082__ritm_archive2_nb22__instance1","Z-16-082__run2_21__instance2",8832,"A","G"
"Z-16-209","Z-16-209__ritm_archive2_nb22__instance1","Z-16-209__run2_21__instance2",799,"A","G"
"Z-16-209","Z-16-209__ritm_archive2_nb22__instance1","Z-16-209__run2_21__instance2",895,"A","G"
"Z-16-209","Z-16-209__ritm_archive2_nb22__instance1","Z-16-209__run2_21__instance2",1537,"A","G"
"Z-16-209","Z-16-209__ritm_archive2_nb22__instance1","Z-16-209__run2_21__instance2",2586,"T","C"
"Z-16-209","Z-16-209__ritm_archive2_nb22__instance1","Z-16-209__run2_21__instance2",3804,"C","G"
"Z-16-209","Z-16-209__ritm_archive2_nb22__instance1","Z-16-209__run2_21__instance2",3805,"C","A"
"Z-16-209","Z-16-209__ritm_archive2_nb22__instance1","Z-16-209__run2_21__instance2",3806,"A","G"
"Z-16-209","Z-16-209__ritm_archive2_nb22__instance1","Z-16-209__run2_21__instance2",3807,"T","G"
"Z-16-209","Z-16-209__ritm_archive2_nb22__instance1","Z-16-209__run2_21__instance2",3809,"C","G"
"Z-16-209","Z-16-209__ritm_archive2_nb22__instance1","Z-16-209__run2_21__instance2",5144,"A","G"
"Z-16-209","Z-16-209__ritm_archive2_nb22__instance1","Z-16-209__run2_21__instance2",5612,"T","G"
"Z-16-209","Z-16-209__ritm_archive2_nb22__instance1","Z-16-209__run2_21__instance2",6022,"C","T"
"Z-16-209","Z-16-209__ritm_archive2_nb22__instance1","Z-16-209__run2_21__instance2",6149,"T","C"
"Z-16-209","Z-16-209__ritm_archive2_nb22__instance1","Z-16-209__run2_21__instance2",6911,"C","T"
"Z-16-209","Z-16-209__ritm_archive2_nb22__instance1","Z-16-209__run2_21__instance2",7917,"C","T"
"Z-16-209","Z-16-209__ritm_archive2_nb22__instance1","Z-16-209__run2_21__instance2",8573,"G","A"
"Z-16-209","Z-16-209__ritm_archive2_nb22__instance1","Z-16-209__run2_21__instance2",9128,"C","T"
"Z-16-209","Z-16-209__ritm_archive2_nb22__instance1","Z-16-209__run2_21__instance2",9170,"C","T"
"Z-16-209","Z-16-209__ritm_archive2_nb22__instance1","Z-16-209__run2_21__instance2",9563,"A","G"
"Z-16-209","Z-16-209__ritm_archive2_nb22__instance1","Z-16-209__run2_21__instance2",9567,"A","G"
"Z-16-209","Z-16-209__ritm_archive2_nb22__instance1","Z-16-209__run2_21__instance2",11126,"A","G"
"Z-16-209","Z-16-209__ritm_archive2_nb22__instance1","Z-16-209__run2_21__instance2",11297,"C","T"
"Z-16-209","Z-16-209__ritm_archive2_nb22__instance1","Z-16-209__run2_21__instance2",11306,"T","C"
"Z-16-209","Z-16-209__ritm_archive2_nb22__instance1","Z-16-209__run2_21__instance2",11387,"A","C"
"Z-16-209","Z-16-209__ritm_archive2_nb22__instance1","Z-16-209__run2_21__instance2",11444,"A","C"
"Z-16-209","Z-16-209__ritm_archive2_nb22__instance1","Z-16-209__run2_21__instance2",11453,"G","A"
"Z-16-209","Z-16-209__ritm_archive2_nb22__instance1","Z-16-209__run2_21__instance2",11462,"C","T"
"Z-16-209","Z-16-209__ritm_archive2_nb22__instance1","Z-16-209__run2_21__instance2",11463,"C","T"
"Z-16-209","Z-16-209__ritm_archive2_nb22__instance1","Z-16-209__run2_21__instance2",12023,"G","A"
"Z-16-209","Z-16-209__ritm_archive2_nb22__instance1","Z-16-209__run2_21__instance2",12032,"G","A"
"Z-16-209","Z-16-209__ritm_archive2_nb22__instance1","Z-16-209__run2_21__instance2",12551,"T","A"
"Z-16-210","Z-16-210__ritm_archive1_NB24__instance1","Z-16-210__run2_21__instance2",352,"C","T"
"Z-16-210","Z-16-210__ritm_archive1_NB24__instance1","Z-16-210__run2_21__instance2",2972,"C","T"
"Z-16-210","Z-16-210__ritm_archive1_NB24__instance1","Z-16-210__run2_21__instance2",8831,"A","G"
"Z-16-210","Z-16-210__ritm_archive1_NB24__instance1","Z-16-210__run2_21__instance2",9249,"A","G"
"Z-16-210","Z-16-210__ritm_archive1_NB24__instance1","Z-16-210__run2_21__instance2",10490,"T","C"
"Z-16-211","Z-16-211__ritm_archive2_nb22__instance1","Z-16-211__run2_21__instance2",8832,"A","G"
