"sample_id","ngs_runid","duplicate_id","ngs_rundate","ngs_location","ngs_provider","ngs_submission","ngs_platform","primer_scheme","nanopore_platform","ngs_flowcell","illumina_platform","ngs_prep","ngs_barcode","ngs_library","ngs_analysis_type","ngs_merged_from","total_reads","mapped_reads","mean_depth","stdev_depth","median_depth","minimum_reads","maximum_reads","genomecov_depthx1","genomecov_depthx5","genomecov_depthx20","genomecov_depthx100","genbank_accession","consensus_coverage","consensus_fasta","ngs_notes","redcap_repeat_instrument","redcap_repeat_instance"
"H-21-002","rabv_4b_2025_r10_run4","1","2025-03-24","RITM","","","Nanopore","rabvSEasia","Minion","FAY28415","Unknown","Amplicon","barcode65","","","","1121","992","35.96287295","62.19283251","19","0","390","11513","10012","5758","450","","4148","","","sequencing","1"
"H-21-005","rabv_4b_2025_r10_run4","1","2025-03-24","RITM","","","Nanopore","rabvSEasia","Minion","FAY28415","Unknown","Amplicon","barcode68","","","","2256","2071","72.40160912","136.395229","29","0","824","11501","10420","7563","2265","","5393","","","sequencing","1"
"H-25-18-2","rabv_4b_2025_r10_run4","1","2025-03-24","RITM","","","Nanopore","rabvSEasia","Minion","FAY28415","Unknown","Amplicon","barcode67","","","","955","866","30.9389876","40.5471831","12","0","248","10764","9244","4914","546","","3626","","","sequencing","1"
"H17-001","RabV_4B_2025_R10_run3","1","2025-03-24","RITM","","","Nanopore","rabvSEasia","Minion","FAY28415","Unknown","Amplicon","barcode36","","","","1180","1061","39.76600738","55.42239619","13","0","271","11353","10502","4963","1464","","3554","","","sequencing","1"
"H24-007","rabv_4b_2024_R10_run1","1","2024-11-06","RITM","","","Nanopore","rabvSEasia","Minion","FAZ05583","Unknown","Amplicon","barcode09","","","","8813","8402","287.3079953","454.3651003","41","0","1951","11746","10661","7685","4789","","6837","","","sequencing","1"
"H24-010","rabv_4b_2024_R10_run1","1","2024-11-06","RITM","","","Nanopore","rabvSEasia","Minion","FAZ05583","Unknown","Amplicon","barcode10","","","","10208","9797","332.8023802","849.4812755","50","0","4884","11886","11480","8902","3814","","6946","","","sequencing","1"
"H24-028","rabv_4b_2024_R10_run1","1","2024-11-06","RITM","","","Nanopore","rabvSEasia","Minion","FAZ05583","Unknown","Amplicon","barcode11","","","","33714","29496","1100.77288","1538.046697","665","0","9626","11900","11834","11663","10725","","11407","","","sequencing","1"
"H24-068","rabv_4b_2024_R10_run1","1","2024-11-06","RITM","","","Nanopore","rabvSEasia","Minion","FAZ05583","Unknown","Amplicon","barcode13","","","","48460","44847","1549.051877","2033.996145","473","0","8679","11894","11885","11328","8967","","10446","","","sequencing","1"
"RADDL4B-23-037","rabv_4b_2025_r10_run6","1","2025-07-03","RITM","","","Nanopore","rabvSEasia","Minion","FAY28401","Unknown","Amplicon","barcode25","","","","3914","3477","145.7794167","153.9687036","83","0","808","11891","11884","11439","5408","","10000","","","sequencing","1"
"RADDL4B-23-042","RabV_4B_2025_R10_run1","1","2025-03-11","RITM","","","Nanopore","rabvSEasia","Minion","FAZ05819","Unknown","Amplicon","barcode01","","","","47022","43426","1602.878813","1460.414938","1201","0","8015","11890","11888","11886","11869","","11793","","","sequencing","1"
"RADDL4B-23-044","RabV_4B_2025_R10_run1","1","2025-03-11","RITM","","","Nanopore","rabvSEasia","Minion","FAZ05819","Unknown","Amplicon","barcode02","","","","43545","40593","1480.731311","1301.495082","959","0","5605","11898","11889","11886","11713","","11804","","","sequencing","1"
"RADDL4B-23-045","RabV_4B_2025_R10_run1","1","2025-03-11","RITM","","","Nanopore","rabvSEasia","Minion","FAZ05819","Unknown","Amplicon","barcode03","","","","15902","13511","623.8164599","510.4828298","504","0","2333","11890","11889","11885","11461","","11793","","","sequencing","1"
"RADDL4B-23-046","RabV_4B_2025_R10_run1","1","2025-03-11","RITM","","","Nanopore","rabvSEasia","Minion","FAZ05819","Unknown","Amplicon","barcode04","","","","29480","27695","1013.972259","1059.870506","495.5","0","5065","11910","11889","11883","11158","","11794","","","sequencing","1"
"RADDL4B-23-047","RabV_4B_2025_R10_run1","1","2025-03-11","RITM","","","Nanopore","rabvSEasia","Minion","FAZ05819","Unknown","Amplicon","barcode05","","","","31992","29470","1057.55062","975.2628201","613","0","4010","11899","11890","11884","11274","","11794","","","sequencing","1"
"RADDL4B-23-049","RabV_4B_2025_R10_run1","1","2025-03-11","RITM","","","Nanopore","rabvSEasia","Minion","FAZ05819","Unknown","Amplicon","barcode06","","","","81803","75736","2750.207593","2290.911446","1820","0","9571","11908","11898","11888","11879","","11800","","","sequencing","1"
"RADDL4B-23-052","RabV_4B_2025_R10_run1","1","2025-03-11","RITM","","","Nanopore","rabvSEasia","Minion","FAZ05819","Unknown","Amplicon","barcode07","","","","35408","33197","1195.444351","1207.713891","805","0","5426","11893","11887","11884","11344","","11797","","","sequencing","1"
"RADDL4B-23-053","RabV_4B_2025_R10_run1","1","2025-03-11","RITM","","","Nanopore","rabvSEasia","Minion","FAZ05819","Unknown","Amplicon","barcode08","","","","6831","6221","214.6910828","265.4794912","134","0","1517","11886","11675","11100","6879","","10222","","","sequencing","1"
"RADDL4B-23-056","RabV_4B_2025_R10_run1","1","2025-03-11","RITM","","","Nanopore","rabvSEasia","Minion","FAZ05819","Unknown","Amplicon","barcode09","","","","43074","39864","1437.584395","1519.120343","914","0","8527","11896","11887","11887","11471","","11791","","","sequencing","1"
"RADDL4B-23-057","rabv_4b_2025_run1","1","2025-01-09","RITM","","","Nanopore","rabvSEasia","Minion","FAU48941","Unknown","Amplicon","barcode73","","","","10323","9685","581.4674824","511.0859431","469","0","3503","11894","11893","11885","11871","","11797","","","sequencing","1"
"RADDL4B-23-058","RabV_4B_2025_R10_run1","1","2025-03-11","RITM","","","Nanopore","rabvSEasia","Minion","FAZ05819","Unknown","Amplicon","barcode10","","","","14858","13711","479.5644485","488.4045069","346","0","2601","11889","11886","11589","9720","","11318","","","sequencing","1"
"RADDL4B-23-060","rabv_4b_2024_run10","1","2024-11-26","RITM","","","Nanopore","rabvSEasia","Minion","FAU49052","Unknown","Amplicon","barcode51","","","","8658","8362","309.9566711","308.3000911","176.5","0","1770","11893","11887","11877","9229","","11593","","","sequencing","1"
"RADDL4B-23-061","rabv_4b_2024_run10","1","2024-11-26","RITM","","","Nanopore","rabvSEasia","Minion","FAU49052","Unknown","Amplicon","barcode52","","","","16895","14721","822.572997","497.680495","742","0","2559","11896","11891","11886","11881","","11795","","","sequencing","1"
"RADDL4B-23-064","rabv_4b_2025_r10_run6","1","2025-07-03","RITM","","","Nanopore","rabvSEasia","Minion","FAY28401","Unknown","Amplicon","barcode26","","","","4781","4236","160.2914013","157.3518048","95","0","657","11888","11730","11319","5684","","9496","","","sequencing","1"
"RADDL4B-23-065","rabv_4b_2025_r10_run6","1","2025-07-03","RITM","","","Nanopore","rabvSEasia","Minion","FAY28401","Unknown","Amplicon","barcode27","","","","1881","1639","65.36347637","80.23075565","37","0","405","11893","11688","8246","2146","","5776","","","sequencing","1"
"RADDL4B-23-069","rabv_4b_2025_r10_run6","1","2025-07-03","RITM","","","Nanopore","rabvSEasia","Minion","FAY28401","Unknown","Amplicon","barcode28","","","","2220","1995","83.54307744","92.26238074","56","0","487","11887","11831","10305","2793","","8222","","","sequencing","1"
"RADDL4B-23-070","rabv_4b_2024_run10","1","2024-11-26","RITM","","","Nanopore","rabvSEasia","Minion","FAU49052","Unknown","Amplicon","barcode53","","","","6822","6309","304.8300369","255.4955173","220","0","1707","11894","11887","11882","10791","","11795","","","sequencing","1"
"RADDL4B-23-071","rabv_4b_2024_run12","1","2024-12-05","RITM","","","Nanopore","rabvSEasia","Minion","FAU43101","Unknown","Amplicon","barcode10","","","","2107","1951","91.94745223","82.64539313","71","0","528","11889","11881","10637","4201","","9418","","","sequencing","1"
"RADDL4B-23-072","rabv_4b_2024_run10","1","2024-11-26","RITM","","","Nanopore","rabvSEasia","Minion","FAU49052","Unknown","Amplicon","barcode55","","","","7988","7439","299.4125042","322.4431806","186","0","1727","11894","11888","11737","7940","","11589","","","sequencing","1"
"RADDL4B-23-076","RabV_4B_2025_R10_run1","1","2025-03-11","RITM","","","Nanopore","rabvSEasia","Minion","FAZ05819","Unknown","Amplicon","barcode11","","","","40112","37924","1334.443513","1478.364524","860","0","8399","11760","11683","11676","10994","","11598","","","sequencing","1"
"RADDL4B-23-080","RabV_4B_2025_R10_run1","1","2025-03-11","RITM","","","Nanopore","rabvSEasia","Minion","FAZ05819","Unknown","Amplicon","barcode12","","","","26558","24561","1191.71832","957.9564676","1045","0","4011","11890","11887","11883","11650","","11782","","","sequencing","1"
"RADDL4B-23-081","RabV_4B_2025_R10_run1","1","2025-03-11","RITM","","","Nanopore","rabvSEasia","Minion","FAZ05819","Unknown","Amplicon","barcode13","","","","29045","27043","1115.028495","1062.917914","882","0","5632","11888","11693","11675","11263","","11587","","","sequencing","1"
"RADDL4B-23-084","rabv_4b_2025_r10_run6","1","2025-07-03","RITM","","","Nanopore","rabvSEasia","Minion","FAY28401","Unknown","Amplicon","barcode29","","","","3080","2713","128.2756453","139.1113849","77","0","805","11886","11881","10936","4561","","10106","","","sequencing","1"
"RADDL4B-23-085","rabv_4b_2025_run2","1","2025-01-14","RITM","","","Nanopore","rabvSEasia","Minion","FAU48941","Unknown","Amplicon","barcode43","","","","15862","14840","590.1979551","617.3238408","319","0","3681","11894","11889","11885","11555","","11802","","","sequencing","1"
"RADDL4B-23-089","rabv_4b_2025_r10_run6","1","2025-07-03","RITM","","","Nanopore","rabvSEasia","Minion","FAY28401","Unknown","Amplicon","barcode30","","","","11144","10162","431.1773383","487.1079294","264.5","0","2476","11902","11887","11859","10118","","11347","","","sequencing","1"
"RADDL4B-23-090","RabV_4B_2025_R10_run1","1","2025-03-11","RITM","","","Nanopore","rabvSEasia","Minion","FAZ05819","Unknown","Amplicon","barcode14","","","","32434","30195","1074.765421","1025.825288","593.5","0","4569","11888","11886","11881","10980","","11793","","","sequencing","1"
"RADDL4B-23-091","rabv_4b_2025_r10_run6","1","2025-07-03","RITM","","","Nanopore","rabvSEasia","Minion","FAY28401","Unknown","Amplicon","barcode31","","","","4193","3640","151.0670466","172.9003904","75","0","946","11889","11885","11472","4951","","9772","","","sequencing","1"
"RADDL4B-23-092","rabv_4b_2025_r10_run6","1","2025-07-03","RITM","","","Nanopore","rabvSEasia","Minion","FAY28401","Unknown","Amplicon","barcode32","","","","9588","9133","365.7771539","449.1011564","213","0","2270","11887","11886","11721","8784","","11344","","","sequencing","1"
"RADDL4B-23-093","rabv_4b_2025_run2","1","2025-01-14","RITM","","","Nanopore","rabvSEasia","Minion","FAU48941","Unknown","Amplicon","barcode44","","","","14549","13441","559.9552464","590.4991973","306","0","3323","11894","11887","11885","11481","","11798","","","sequencing","1"
"RADDL4B-23-094","rabv_4b_2025_r10_run6","1","2025-07-03","RITM","","","Nanopore","rabvSEasia","Minion","FAY28401","Unknown","Amplicon","barcode33","","","","7468","7075","280.8203151","393.9743613","135","0","2073","11896","11882","11439","7571","","10914","","","sequencing","1"
"RADDL4B-23-095","rabv_4b_2025_run2","1","2025-01-14","RITM","","","Nanopore","rabvSEasia","Minion","FAU48941","Unknown","Amplicon","barcode45","","","","16563","15388","637.8933121","628.0223312","333","0","3392","11894","11893","11886","11544","","11798","","","sequencing","1"
"RADDL4B-23-096","rabv_4b_2024_run11","1","2024-12-02","RITM","","","Nanopore","rabvSEasia","Minion","FAU49052","Unknown","Amplicon","barcode74","","","","2392","2025","80.7256118","94.52004476","53","0","610","11676","11475","10569","2816","","8200","","","sequencing","1"
"RADDL4B-23-097","rabv_4b_2025_run2","1","2025-01-14","RITM","","","Nanopore","rabvSEasia","Minion","FAU48941","Unknown","Amplicon","barcode46","","","","7824","7392","313.3960778","366.4047476","210","0","1965","11895","11888","11881","8742","","11799","","","sequencing","1"
"RADDL4B-23-098","rabv_4b_2025_run2","1","2025-01-14","RITM","","","Nanopore","rabvSEasia","Minion","FAU48941","Unknown","Amplicon","barcode47","","","","10766","10128","567.1654375","506.2681025","418","0","2932","11894","11893","11887","11531","","11797","","","sequencing","1"
"RADDL4B-23-099","rabv_4b_2025_run2","1","2025-01-14","RITM","","","Nanopore","rabvSEasia","Minion","FAU48941","Unknown","Amplicon","barcode48","","","","11268","10222","399.4539893","389.849873","243","0","2365","11896","11887","11881","10850","","11800","","","sequencing","1"
"RADDL4B-23-100","rabv_4b_2025_run2","1","2025-01-14","RITM","","","Nanopore","rabvSEasia","Minion","FAU48941","Unknown","Amplicon","barcode49","","","","10488","9650","381.6632585","383.6787633","201","0","2221","11895","11887","11883","11124","","11800","","","sequencing","1"
"RADDL4B-23-101","RabV_4B_2025_R10_run1","1","2025-03-11","RITM","","","Nanopore","rabvSEasia","Minion","FAZ05819","Unknown","Amplicon","barcode15","","","","11938","10928","455.4171136","533.7269475","295","0","2953","11890","11888","11882","10467","","11796","","","sequencing","1"
"RADDL4B-23-103","rabv_4b_2025_r10_run6","1","2025-07-03","RITM","","","Nanopore","rabvSEasia","Minion","FAY28401","Unknown","Amplicon","barcode55","","","","2452","2161","93.80766007","79.16113369","80","0","420","11886","11634","10111","4582","","8429","","","sequencing","1"
"RADDL4B-23-104","RabV_4B_2025_R10_run1","1","2025-03-11","RITM","","","Nanopore","rabvSEasia","Minion","FAZ05819","Unknown","Amplicon","barcode17","","","","20008","18334","705.1980389","804.3337124","468","0","5045","11891","11887","11882","10963","","11795","","","sequencing","1"
"RADDL4B-23-105","RabV_4B_2025_R10_run1","1","2025-03-11","RITM","","","Nanopore","rabvSEasia","Minion","FAZ05819","Unknown","Amplicon","barcode18","","","","10718","9568","419.9389038","422.1840129","332","0","2760","11888","11887","11881","9770","","11786","","","sequencing","1"
"RADDL4B-23-107","rabv_4b_2025_r10_run6","1","2025-07-03","RITM","","","Nanopore","rabvSEasia","Minion","FAY28401","Unknown","Amplicon","barcode44","","","","2426","2129","114.7329869","123.7252639","79","0","791","11887","11880","10665","4881","","9355","","","sequencing","1"
"RADDL4B-24-001","rabv_4b_2025_run2","1","2025-01-14","RITM","","","Nanopore","rabvSEasia","Minion","FAU48941","Unknown","Amplicon","barcode50","","","","5838","5283","218.128478","214.0552185","122","0","1304","11888","11887","11859","7410","","11802","","","sequencing","1"
"RADDL4B-24-002","RabV_4B_2025_R10_run1","1","2025-03-11","RITM","","","Nanopore","rabvSEasia","Minion","FAZ05819","Unknown","Amplicon","barcode19","","","","10164","9090","349.222008","372.7975563","208","0","2143","11888","11886","11881","9368","","11792","","","sequencing","1"
"RADDL4B-24-003","RabV_4B_2025_R10_run1","1","2025-03-11","RITM","","","Nanopore","rabvSEasia","Minion","FAZ05819","Unknown","Amplicon","barcode20","","","","17227","16004","762.1504358","717.0810223","498","0","3736","11895","11887","11883","11430","","11794","","","sequencing","1"
"RADDL4B-24-005","rabv_4b_2025_r10_run6","1","2025-07-03","RITM","","","Nanopore","rabvSEasia","Minion","FAY28401","Unknown","Amplicon","barcode35","","","","4057","3646","157.1515253","204.993752","98","0","1259","11889","11883","11507","5923","","9738","","","sequencing","1"
"RADDL4B-24-007","rabv_4b_2025_r10_run6","1","2025-07-03","RITM","","","Nanopore","rabvSEasia","Minion","FAY28401","Unknown","Amplicon","barcode36","","","","16235","14828","594.1454073","724.880301","304","0","3481","11895","11886","11881","10791","","11577","","","sequencing","1"
"RADDL4B-24-009","RabV_4B_2025_R10_run3","1","2025-03-24","RITM","","","Nanopore","rabvSEasia","Minion","FAY28415","Unknown","Amplicon","barcode32","","","","83197","79374","4736.695022","3251.091427","3834","0","18963","11925","11896","11895","11893","","11781","","","sequencing","1"
"RADDL4B-24-010","rabv_4b_2025_run2","1","2025-01-14","RITM","","","Nanopore","rabvSEasia","Minion","FAU48941","Unknown","Amplicon","barcode51","","","","3741","3313","126.7835233","154.1601791","82","0","1035","11888","11883","11432","5050","","9825","","","sequencing","1"
"RADDL4B-24-011","rabv_4b_2025_run2","1","2025-01-14","RITM","","","Nanopore","rabvSEasia","Minion","FAU48941","Unknown","Amplicon","barcode52","","","","6831","6412","259.9507208","299.5691591","128","0","1764","11895","11893","11873","7511","","11800","","","sequencing","1"
"RADDL4B-24-012","rabv_4b_2025_run2","1","2025-01-14","RITM","","","Nanopore","rabvSEasia","Minion","FAU48941","Unknown","Amplicon","barcode53","","","","7871","7373","293.6583138","309.5487971","162","0","1910","11894","11887","11877","8899","","11590","","","sequencing","1"
"RADDL4B-24-013","rabv_4b_2025_r10_run6","1","2025-07-03","RITM","","","Nanopore","rabvSEasia","Minion","FAY28401","Unknown","Amplicon","barcode37","","","","10241","9403","350.6740697","467.7431268","182","0","2416","11888","11885","11511","8082","","11340","","","sequencing","1"
"RADDL4B-24-014","RabV_4B_2025_R10_run3","1","2025-03-24","RITM","","","Nanopore","rabvSEasia","Minion","FAY28415","Unknown","Amplicon","barcode31","","","","49072","44858","1706.391636","1816.217511","1018","0","10462","11897","11893","11884","11659","","11786","","","sequencing","1"
"RADDL4B-24-015","rabv_4b_2025_run2","1","2025-01-14","RITM","","","Nanopore","rabvSEasia","Minion","FAU48941","Unknown","Amplicon","barcode54","","","","3674","3363","134.6438988","127.4222112","75","0","663","11893","11886","11714","4944","","11335","","","sequencing","1"
"RADDL4B-24-016","rabv_4b_2025_run2","1","2025-01-14","RITM","","","Nanopore","rabvSEasia","Minion","FAU48941","Unknown","Amplicon","barcode55","","","","4967","4535","202.9704157","166.9656065","134","0","896","11891","11886","11785","7626","","11549","","","sequencing","1"
"RADDL4B-24-017","RabV_4B_2025_R10_run2","1","2025-03-18","RITM","","","Nanopore","rabvSEasia","Minion","FAY28415","Unknown","Amplicon","barcode01","","","","88403","75482","3335.468404","2843.003807","2406","0","12517","11894","11888","11887","11882","","11792","","","sequencing","1"
"RADDL4B-24-018","RabV_4B_2025_R10_run3","1","2025-03-24","RITM","","","Nanopore","rabvSEasia","Minion","FAY28415","Unknown","Amplicon","barcode30","","","","177837","165002","6980.366326","5812.939896","4948","0","32742","11899","11700","11690","11679","","11584","","","sequencing","1"
"RADDL4B-24-019","rabv_4b_2025_run1","1","2025-01-09","RITM","","","Nanopore","rabvSEasia","Minion","FAU48941","Unknown","Amplicon","barcode74","","","","10050","9337","408.2855347","362.2858732","289","0","1999","11894","11893","11886","11064","","11795","","","sequencing","1"
"RADDL4B-24-021","rabv_4b_2025_run1","1","2025-01-09","RITM","","","Nanopore","rabvSEasia","Minion","FAU48941","Unknown","Amplicon","barcode75","","","","8621","8157","373.890295","406.0045941","265","0","2570","11894","11892","11672","9851","","11599","","","sequencing","1"
"RADDL4B-24-023","RabV_4B_2025_R10_run2","1","2025-03-18","RITM","","","Nanopore","rabvSEasia","Minion","FAY28415","Unknown","Amplicon","barcode03","","","","14957","12538","633.7290479","474.7253255","512","0","2545","11890","11889","11887","11609","","11791","","","sequencing","1"
"RADDL4B-24-026","rabv_4b_2025_run1","1","2025-01-09","RITM","","","Nanopore","rabvSEasia","Minion","FAU48941","Unknown","Amplicon","barcode76","","","","12443","11751","449.7872109","510.3824318","218","0","2811","11690","11679","11671","10063","","11598","","","sequencing","1"
"RADDL4B-24-027","rabv_4b_2025_run1","1","2025-01-09","RITM","","","Nanopore","rabvSEasia","Minion","FAU48941","Unknown","Amplicon","barcode77","","","","4466","4053","232.9019444","166.7063895","180","0","1108","11895","11892","11673","10252","","11593","","","sequencing","1"
"RADDL4B-24-028","RabV_4B_2025_R10_run2","1","2025-03-18","RITM","","","Nanopore","rabvSEasia","Minion","FAY28415","Unknown","Amplicon","barcode04","","","","14850","12757","643.7653369","486.2712139","455","0","2276","11888","11887","11882","11695","","11793","","","sequencing","1"
"RADDL4B-24-029","rabv_4b_2025_run1","1","2025-01-09","RITM","","","Nanopore","rabvSEasia","Minion","FAU48941","Unknown","Amplicon","barcode78","","","","29955","28374","1713.09353","1100.166095","1487","0","5777","11894","11824","11684","11676","","11593","","","sequencing","1"
"RADDL4B-24-030","rabv_4b_2025_r10_run6","1","2025-07-03","RITM","","","Nanopore","rabvSEasia","Minion","FAY28401","Unknown","Amplicon","barcode38","","","","17832","16951","682.9067214","911.0343916","369","0","4702","11896","11887","11882","10930","","11783","","","sequencing","1"
"RADDL4B-24-034","rabv_4b_2025_run1","1","2025-01-09","RITM","","","Nanopore","rabvSEasia","Minion","FAU48941","Unknown","Amplicon","barcode79","","","","5820","5411","279.8972511","238.9833635","205","0","1558","11899","11886","11675","10628","","11590","","","sequencing","1"
"RADDL4B-24-035","rabv_4b_2025_run1","1","2025-01-09","RITM","","","Nanopore","rabvSEasia","Minion","FAU48941","Unknown","Amplicon","barcode80","","","","13067","12125","743.2153872","471.5793323","640","0","2856","11896","11892","11877","11664","","11800","","","sequencing","1"
"RADDL4B-24-037","rabv_4b_2025_run1","1","2025-01-09","RITM","","","Nanopore","rabvSEasia","Minion","FAU48941","Unknown","Amplicon","barcode81","","","","7396","7075","307.5042742","371.4089075","184.5","0","2235","11884","11678","11671","9708","","11596","","","sequencing","1"
"RADDL4B-24-038","RabV_4B_2025_R10_run2","1","2025-03-18","RITM","","","Nanopore","rabvSEasia","Minion","FAY28415","Unknown","Amplicon","barcode05","","","","32240","27315","1490.731897","1057.1811","1171.5","0","5420","11894","11889","11887","11882","","11789","","","sequencing","1"
"RADDL4B-24-042","RabV_4B_2025_R10_run2","1","2025-03-18","RITM","","","Nanopore","rabvSEasia","Minion","FAY28415","Unknown","Amplicon","barcode06","","","","69392","60254","3199.346379","2128.307681","2269","0","10327","11902","11896","11888","11883","","11793","","","sequencing","1"
"RADDL4B-24-043","RabV_4B_2025_R10_run2","1","2025-03-18","RITM","","","Nanopore","rabvSEasia","Minion","FAY28415","Unknown","Amplicon","barcode07","","","","7541","6324","328.3547603","231.3260461","276","0","1218","11894","11887","11875","10095","","11786","","","sequencing","1"
"RADDL4B-24-046","RabV_4B_2025_R10_run2","1","2025-03-18","RITM","","","Nanopore","rabvSEasia","Minion","FAY28415","Unknown","Amplicon","barcode08","","","","7947","6788","311.7309755","242.70148","234","0","1040","11889","11886","11882","9669","","11798","","","sequencing","1"
"RADDL4B-24-048","rabv_4b_2025_r10_run6","1","2025-07-03","RITM","","","Nanopore","rabvSEasia","Minion","FAY28401","Unknown","Amplicon","barcode39","","","","9234","8522","361.4364733","465.2007231","193","0","2495","11887","11883","11880","8659","","11333","","","sequencing","1"
"RADDL4B-24-049","rabv_4b_2025_run2","1","2025-01-14","RITM","","","Nanopore","rabvSEasia","Minion","FAU48941","Unknown","Amplicon","barcode56","","","","5468","4909","236.7808414","192.3104003","160","0","1180","11895","11886","11878","9343","","11795","","","sequencing","1"
"RADDL4B-24-051","RabV_4B_2025_R10_run2","1","2025-03-18","RITM","","","Nanopore","rabvSEasia","Minion","FAY28415","Unknown","Amplicon","barcode09","","","","134359","121277","5355.826601","4448.221385","3901.5","0","20610","11897","11890","11888","11884","","11797","","","sequencing","1"
"RADDL4B-24-052","rabv_4b_2025_r10_run6","1","2025-07-03","RITM","","","Nanopore","rabvSEasia","Minion","FAY28401","Unknown","Amplicon","barcode40","","","","14386","13195","565.8188066","729.9890576","306.5","0","3620","11894","11886","11882","9783","","11793","","","sequencing","1"
"RADDL4B-24-053","rabv_4b_2025_run1","1","2025-01-09","RITM","","","Nanopore","rabvSEasia","Minion","FAU48941","Unknown","Amplicon","barcode82","","","","7552","7182","340.1950218","395.2907831","232","0","2432","11893","11885","11671","9478","","11596","","","sequencing","1"
"RADDL4B-24-054","RabV_4B_2025_R10_run2","1","2025-03-18","RITM","","","Nanopore","rabvSEasia","Minion","FAY28415","Unknown","Amplicon","barcode10","","","","78187","71025","2847.201559","2828.508152","1741","0","13284","11895","11888","11887","11882","","11794","","","sequencing","1"
"RADDL4B-24-055","rabv_4b_2025_run1","1","2025-01-09","RITM","","","Nanopore","rabvSEasia","Minion","FAU48941","Unknown","Amplicon","barcode83","","","","20407","19390","844.2644988","709.3001817","618","0","4156","11893","11893","11886","11504","","11798","","","sequencing","1"
"RADDL4B-24-056","rabv_4b_2025_run1","1","2025-01-09","RITM","","","Nanopore","rabvSEasia","Minion","FAU48941","Unknown","Amplicon","barcode84","","","","8592","8110","332.5940329","348.6540005","188","0","1969","11895","11893","11879","9776","","11803","","","sequencing","1"
"RADDL4B-24-057","rabv_4b_2025_run1","1","2025-01-09","RITM","","","Nanopore","rabvSEasia","Minion","FAU48941","Unknown","Amplicon","barcode85","","","","11101","10447","578.8861046","516.1939339","460","0","3417","11895","11893","11886","11505","","11793","","","sequencing","1"
"RADDL4B-24-058","rabv_4b_2025_run1","1","2025-01-09","RITM","","","Nanopore","rabvSEasia","Minion","FAU48941","Unknown","Amplicon","barcode86","","","","7094","6767","459.9694938","290.5523318","415","0","1630","11896","11893","11683","11451","","11594","","","sequencing","1"
"RADDL4B-24-059","rabv_4b_2025_run1","1","2025-01-09","RITM","","","Nanopore","rabvSEasia","Minion","FAU48941","Unknown","Amplicon","barcode87","","","","12842","12080","535.1782601","535.7620785","323","0","3157","11893","11893","11884","10952","","11798","","","sequencing","1"
"RADDL4B-24-062","rabv_4b_2025_r10_run6","1","2025-07-03","RITM","","","Nanopore","rabvSEasia","Minion","FAY28401","Unknown","Amplicon","barcode41","","","","7039","6465","255.8261817","327.0085583","143","0","1594","11889","11885","11503","7233","","10769","","","sequencing","1"
"RADDL4B-24-063","RabV_4B_2025_R10_run2","1","2025-03-18","RITM","","","Nanopore","rabvSEasia","Minion","FAY28415","Unknown","Amplicon","barcode12","","","","29217","26982","1291.908062","1037.820926","1113","0","4759","11892","11888","11885","11852","","11790","","","sequencing","1"
"RADDL4B-24-066","RabV_4B_2025_R10_run2","1","2025-03-18","RITM","","","Nanopore","rabvSEasia","Minion","FAY28415","Unknown","Amplicon","barcode13","","","","61357","57972","3192.982652","2249.815204","2744","0","10217","11895","11893","11887","11881","","11788","","","sequencing","1"
"RADDL4B-24-067","rabv_4b_2025_run1","1","2025-01-09","RITM","","","Nanopore","rabvSEasia","Minion","FAU48941","Unknown","Amplicon","barcode88","","","","16986","16031","619.2675159","561.7588386","364","0","2882","11902","11894","11886","11490","","11803","","","sequencing","1"
"RADDL4B-24-069","RabV_4B_2025_R10_run2","1","2025-03-18","RITM","","","Nanopore","rabvSEasia","Minion","FAY28415","Unknown","Amplicon","barcode14","","","","67219","62340","3075.976115","2384.809437","2323.5","0","11569","11899","11889","11887","11882","","11795","","","sequencing","1"
"RADDL4B-24-070","rabv_4b_2025_run1","1","2025-01-09","RITM","","","Nanopore","rabvSEasia","Minion","FAU48941","Unknown","Amplicon","barcode89","","","","9958","9171","508.6176668","373.7003573","401","0","2401","11894","11893","11885","11618","","11792","","","sequencing","1"
"RADDL4B-24-071","rabv_4b_2025_run1","1","2025-01-09","RITM","","","Nanopore","rabvSEasia","Minion","FAU48941","Unknown","Amplicon","barcode90","","","","11134","10309","392.0721589","413.2608323","242","0","2443","11893","11687","11674","9960","","11600","","","sequencing","1"
"RADDL4B-24-073","RabV_4B_2025_R10_run2","1","2025-03-18","RITM","","","Nanopore","rabvSEasia","Minion","FAY28415","Unknown","Amplicon","barcode15","","","","34463","32379","1205.165437","1313.484047","661","0","6256","11895","11888","11882","11713","","11796","","","sequencing","1"
"RADDL4B-24-074","RabV_4B_2025_R10_run2","1","2025-03-18","RITM","","","Nanopore","rabvSEasia","Minion","FAY28415","Unknown","Amplicon","barcode16","","","","32222","30526","1092.323081","1229.27763","597","0","6080","11890","11888","11883","11550","","11800","","","sequencing","1"
"RADDL4B-24-076","RabV_4B_2025_R10_run2","1","2025-03-18","RITM","","","Nanopore","rabvSEasia","Minion","FAY28415","Unknown","Amplicon","barcode17","","","","73165","67397","2602.393228","2465.359609","1675.5","0","12636","11892","11888","11887","11882","","11793","","","sequencing","1"
"RADDL4B-24-077","rabv_4b_2025_run1","1","2025-01-09","RITM","","","Nanopore","rabvSEasia","Minion","FAU48941","Unknown","Amplicon","barcode91","","","","6167","5613","263.3015421","213.196696","186","0","1190","11893","11893","11881","10017","","11797","","","sequencing","1"
"RADDL4B-24-078","RabV_4B_2025_R10_run2","1","2025-03-18","RITM","","","Nanopore","rabvSEasia","Minion","FAY28415","Unknown","Amplicon","barcode18","","","","70587","64509","2968.320567","2522.782036","1970","0","12116","11895","11889","11887","11882","","11794","","","sequencing","1"
"RADDL4B-24-080","rabv_4b_2025_r10_run6","1","2025-07-03","RITM","","","Nanopore","rabvSEasia","Minion","FAY28401","Unknown","Amplicon","barcode42","","","","7138","6518","302.0790312","416.5559868","164","0","2669","11894","11885","11848","8810","","11580","","","sequencing","1"
"RADDL4B-24-081","RabV_4B_2025_R10_run2","1","2025-03-18","RITM","","","Nanopore","rabvSEasia","Minion","FAY28415","Unknown","Amplicon","barcode19","","","","119526","110331","5162.701978","4046.68374","3803.5","0","19527","11903","11894","11889","11885","","11791","","","sequencing","1"
"RADDL4B-24-082","rabv_4b_2025_run1","1","2025-01-09","RITM","","","Nanopore","rabvSEasia","Minion","FAU48941","Unknown","Amplicon","barcode92","","","","9140","8663","387.440999","372.7791895","295","0","2341","11898","11894","11886","11121","","11793","","","sequencing","1"
"RADDL4B-24-083","rabv_4b_2025_run2","1","2025-01-14","RITM","","","Nanopore","rabvSEasia","Minion","FAU48941","Unknown","Amplicon","barcode57","","","","2053","1875","70.16418036","70.4797308","42","0","381","11890","11715","9569","3076","","6534","","","sequencing","1"
"RADDL4B-24-084","rabv_4b_2025_run2","1","2025-01-14","RITM","","","Nanopore","rabvSEasia","Minion","FAU48941","Unknown","Amplicon","barcode58","","","","7722","7135","340.9870935","287.7485675","224","0","1731","11891","11887","11884","11161","","11798","","","sequencing","1"
"RADDL4B-24-085","rabv_4b_2025_run2","1","2025-01-14","RITM","","","Nanopore","rabvSEasia","Minion","FAU48941","Unknown","Amplicon","barcode59","","","","12074","11313","559.8043916","437.1725286","370","0","2495","11897","11893","11888","11501","","11792","","","sequencing","1"
"RADDL4B-24-086","rabv_4b_2025_run2","1","2025-01-14","RITM","","","Nanopore","rabvSEasia","Minion","FAU48941","Unknown","Amplicon","barcode60","","","","2630","2416","108.3374958","104.4295526","72","0","639","11888","11882","11493","4484","","11150","","","sequencing","1"
"RADDL4B-24-087","rabv_4b_2025_run2","1","2025-01-14","RITM","","","Nanopore","rabvSEasia","Minion","FAU48941","Unknown","Amplicon","barcode61","","","","4379","4079","174.506118","159.4600842","106","0","956","11893","11887","11716","6072","","11588","","","sequencing","1"
"RADDL4B-24-088","rabv_4b_2025_run2","1","2025-01-14","RITM","","","Nanopore","rabvSEasia","Minion","FAU48941","Unknown","Amplicon","barcode62","","","","2624","2408","108.1330037","90.60465078","70","0","587","11887","11884","11584","4538","","10924","","","sequencing","1"
"RADDL4B-24-093","rabv_4b_2025_r10_run6","1","2025-07-03","RITM","","","Nanopore","rabvSEasia","Minion","FAY28401","Unknown","Amplicon","barcode43","","","","7559","7199","312.2142139","436.2329101","166","0","2503","11890","11886","11850","8153","","11794","","","sequencing","1"
"RADDL4B-24-095","RabV_4B_2025_R10_run3","1","2025-03-24","RITM","","","Nanopore","rabvSEasia","Minion","FAY28415","Unknown","Amplicon","barcode29","","","","67788","63747","3301.729886","2900.49257","2418","0","17283","11894","11894","11893","11882","","11783","","","sequencing","1"
"RADDL4B-24-096","RabV_4B_2025_R10_run3","1","2025-03-24","RITM","","","Nanopore","rabvSEasia","Minion","FAY28415","Unknown","Amplicon","barcode28","","","","42484","40031","2124.292994","1656.414135","1879.5","0","8822","11897","11893","11887","11879","","11782","","","sequencing","1"
"RADDL4B-24-097","RabV_4B_2025_R10_run3","1","2025-03-24","RITM","","","Nanopore","rabvSEasia","Minion","FAY28415","Unknown","Amplicon","barcode27","","","","22322","20671","1036.220583","849.1064428","806","0","4755","11894","11893","11887","11647","","11787","","","sequencing","1"
"RADDL4B-24-098","RabV_4B_2025_R10_run3","1","2025-03-24","RITM","","","Nanopore","rabvSEasia","Minion","FAY28415","Unknown","Amplicon","barcode26","","","","33057","30677","1787.839088","1313.196088","1413","0","6160","11896","11893","11891","11878","","11787","","","sequencing","1"
"RADDL4B-24-099","RabV_4B_2025_R10_run3","1","2025-03-24","RITM","","","Nanopore","rabvSEasia","Minion","FAY28415","Unknown","Amplicon","barcode25","","","","33733","31970","1974.942256","1337.350285","1775","0","6623","11899","11894","11892","11673","","11784","","","sequencing","1"
"RADDL4B-24-100","RabV_4B_2025_R10_run3","1","2025-03-24","RITM","","","Nanopore","rabvSEasia","Minion","FAY28415","Unknown","Amplicon","barcode41","","","","7376","6875","297.7153034","365.2573885","148","0","1890","11894","11888","11715","8021","","11584","","","sequencing","1"
"RADDL4B-24-101","rabv_4b_2025_run2","1","2025-01-14","RITM","","","Nanopore","rabvSEasia","Minion","FAU48941","Unknown","Amplicon","barcode63","","","","12927","11943","497.6574757","419.1271479","353","0","2411","11896","11892","11886","11544","","11798","","","sequencing","1"
"RADDL4B-24-102","rabv_4b_2025_run1","1","2025-01-09","RITM","","","Nanopore","rabvSEasia","Minion","FAU48941","Unknown","Amplicon","barcode93","","","","30388","28152","1219.029668","930.8182803","973","0","4743","11894","11893","11892","11672","","11796","","","sequencing","1"
"RADDL4B-24-105","rabv_4b_2025_r10_run6","1","2025-07-03","RITM","","","Nanopore","rabvSEasia","Minion","FAY28401","Unknown","Amplicon","barcode45","","","","5153","4796","222.7593027","289.9279664","136","0","1757","11895","11883","11580","7351","","10635","","","sequencing","1"
"RADDL4B-24-106","rabv_4b_2025_run2","1","2025-01-14","RITM","","","Nanopore","rabvSEasia","Minion","FAU48941","Unknown","Amplicon","barcode64","","","","5661","5214","225.7340764","228.7723372","121","0","1375","11893","11887","11877","6831","","11795","","","sequencing","1"
"RADDL4B-24-107","rabv_4b_2025_r10_run6","1","2025-07-03","RITM","","","Nanopore","rabvSEasia","Minion","FAY28401","Unknown","Amplicon","barcode46","","","","6030","5529","256.9092357","313.6388823","165","0","1770","11887","11883","11646","7700","","11339","","","sequencing","1"
"RADDL4B-24-108","rabv_4b_2025_r10_run6","1","2025-07-03","RITM","","","Nanopore","rabvSEasia","Minion","FAY28401","Unknown","Amplicon","barcode47","","","","5614","5098","198.1816963","254.4957538","112","0","1172","11888","11886","11310","6828","","10099","","","sequencing","1"
"RADDL4B-24-112","RabV_4B_2025_R10_run3","1","2025-03-24","RITM","","","Nanopore","rabvSEasia","Minion","FAY28415","Unknown","Amplicon","barcode42","","","","48264","45675","2308.224941","1932.093069","1822.5","0","10703","11895","11894","11893","11881","","11789","","","sequencing","1"
"RADDL4B-24-113","RabV_4B_2025_R10_run3","1","2025-03-24","RITM","","","Nanopore","rabvSEasia","Minion","FAY28415","Unknown","Amplicon","barcode43","","","","48169","45792","2189.019863","1784.631988","1697","0","8563","11895","11893","11892","11878","","11793","","","sequencing","1"
"RADDL4B-24-114","RabV_4B_2025_R10_run3","1","2025-03-24","RITM","","","Nanopore","rabvSEasia","Minion","FAY28415","Unknown","Amplicon","barcode44","","","","44680","42192","2344.681026","1937.899253","1818","0","11397","11899","11894","11893","11882","","11781","","","sequencing","1"
"RADDL4B-24-116","RabV_4B_2025_R10_run3","1","2025-03-24","RITM","","","Nanopore","rabvSEasia","Minion","FAY28415","Unknown","Amplicon","barcode45","","","","33433","31726","1945.676249","1411.7672","1650","0","6852","11894","11893","11892","11673","","11779","","","sequencing","1"
"RADDL4B-24-117","RabV_4B_2025_R10_run3","1","2025-03-24","RITM","","","Nanopore","rabvSEasia","Minion","FAY28415","Unknown","Amplicon","barcode46","","","","22999","21104","912.5097218","819.3613737","776","0","3936","11895","11893","11883","11351","","11788","","","sequencing","1"
"RADDL4B-24-120","rabv_4b_2025_run2","1","2025-01-14","RITM","","","Nanopore","rabvSEasia","Minion","FAU48941","Unknown","Amplicon","barcode65","","","","16153","14856","770.6703822","572.1576621","532","0","3301","11896","11893","11885","11673","","11796","","","sequencing","1"
"RADDL4B-24-121","RabV_4B_2025_R10_run3","1","2025-03-24","RITM","","","Nanopore","rabvSEasia","Minion","FAY28415","Unknown","Amplicon","barcode47","","","","53107","49594","2028.715136","2224.010428","1077","0","11456","11894","11893","11890","11570","","11791","","","sequencing","1"
"RADDL4B-24-122","RabV_4B_2025_R10_run3","1","2025-03-24","RITM","","","Nanopore","rabvSEasia","Minion","FAY28415","Unknown","Amplicon","barcode48","","","","51229","49018","2906.685635","2447.789382","2285.5","0","15764","11895","11894","11892","11673","","11789","","","sequencing","1"
"RADDL4B-24-124","rabv_4b_2025_run2","1","2025-01-14","RITM","","","Nanopore","rabvSEasia","Minion","FAU48941","Unknown","Amplicon","barcode66","","","","9975","8901","579.6425578","373.2797657","400","0","1674","11895","11888","11885","11650","","11800","","","sequencing","1"
"RADDL4B-24-125","rabv_4b_2025_r10_run6","1","2025-07-03","RITM","","","Nanopore","rabvSEasia","Minion","FAY28401","Unknown","Amplicon","barcode49","","","","8259","7651","382.7361716","429.4233705","257","0","2572","11888","11886","11881","10625","","11779","","","sequencing","1"
"RADDL4B-24-127","rabv_4b_2025_r10_run6","1","2025-07-03","RITM","","","Nanopore","rabvSEasia","Minion","FAY28401","Unknown","Amplicon","barcode50","","","","6711","6354","284.2085987","355.758561","177","0","1999","11886","11885","11845","8314","","11582","","","sequencing","1"
"RADDL4B-24-129","rabv_4b_2025_r10_run6","1","2025-07-03","RITM","","","Nanopore","rabvSEasia","Minion","FAY28401","Unknown","Amplicon","barcode51","","","","3571","3103","133.1999665","150.6434056","82","0","786","11886","11882","11000","5095","","8479","","","sequencing","1"
"RADDL4B-24-130","rabv_4b_2025_run2","1","2025-01-14","RITM","","","Nanopore","rabvSEasia","Minion","FAU48941","Unknown","Amplicon","barcode67","","","","2263","2012","98.63568555","84.7735699","69","0","515","11890","11884","11479","4201","","10603","","","sequencing","1"
"RADDL4B-24-132","rabv_4b_2025_r10_run6","1","2025-07-03","RITM","","","Nanopore","rabvSEasia","Minion","FAY28401","Unknown","Amplicon","barcode52","","","","1548","1314","63.3790647","66.00215534","37","0","317","11887","11707","8671","2343","","6860","","","sequencing","1"
"RADDL4B-24-138","RabV_4B_2025_R10_run3","1","2025-03-24","RITM","","","Nanopore","rabvSEasia","Minion","FAY28415","Unknown","Amplicon","barcode33","","","","44794","42763","2474.174405","1843.791107","2274","0","9859","11920","11896","11893","11881","","11785","","","sequencing","1"
"RADDL4B-24-147","rabv_4b_2025_r10_run4","1","2025-03-24","RITM","","","Nanopore","rabvSEasia","Minion","FAY28415","Unknown","Amplicon","barcode49","","","","3690","3416","147.8773885","172.9026938","96","0","982","11886","11883","11464","5798","","9608","","","sequencing","1"
"RADDL4B-24-148","rabv_4b_2025_r10_run4","1","2025-03-24","RITM","","","Nanopore","rabvSEasia","Minion","FAY28415","Unknown","Amplicon","barcode50","","","","1931","1822","88.8231646","115.4689646","53","0","674","11886","11881","11066","2614","","10185","","","sequencing","1"
"RADDL4B-24-150","rabv_4b_2025_r10_run4","1","2025-03-24","RITM","","","Nanopore","rabvSEasia","Minion","FAY28415","Unknown","Amplicon","barcode51","","","","2469","2265","106.4259135","127.7957316","67","0","695","11886","11881","10789","4384","","9265","","","sequencing","1"
"RADDL4B-24-151","rabv_4b_2025_r10_run4","1","2025-03-24","RITM","","","Nanopore","rabvSEasia","Minion","FAY28415","Unknown","Amplicon","barcode52","","","","2969","2712","132.762655","140.9619085","90","0","745","11887","11884","11653","5218","","10911","","","sequencing","1"
"RADDL4B-24-153","rabv_4b_2025_r10_run5","1","2025-05-29","RITM","","","Nanopore","rabvSEasia","Minion","FAZ08077","Unknown","Amplicon","barcode49","","","","19505","17574","669.7204157","646.0687309","418","0","3073","11887","11698","11674","10949","","11584","","","sequencing","1"
"RADDL4B-24-154","RabV_4B_2025_R10_run3","1","2025-03-24","RITM","","","Nanopore","rabvSEasia","Minion","FAY28415","Unknown","Amplicon","barcode34","","","","6793","6311","338.9710023","261.2874965","299","0","1594","11891","11886","11870","9782","","11786","","","sequencing","1"
"RADDL4B-24-155","RabV_4B_2025_R10_run3","1","2025-03-24","RITM","","","Nanopore","rabvSEasia","Minion","FAY28415","Unknown","Amplicon","barcode35","","","","18439","17290","1055.075511","739.5529433","936","0","3924","11918","11893","11886","11861","","11785","","","sequencing","1"
"RADDL4B-24-156","rabv_4b_2025_r10_run5","1","2025-05-29","RITM","","","Nanopore","rabvSEasia","Minion","FAZ08077","Unknown","Amplicon","barcode50","","","","20745","19075","786.6737345","651.967944","606.5","0","3302","11893","11886","11703","11337","","11586","","","sequencing","1"
"RADDL4B-24-157","rabv_4b_2025_r10_run5","1","2025-05-29","RITM","","","Nanopore","rabvSEasia","Minion","FAZ08077","Unknown","Amplicon","barcode51","","","","11719","10149","468.7921555","342.8856859","373","0","1593","11918","11885","11709","11008","","11372","","","sequencing","1"
"RADDL4B-24-161","rabv_4b_2025_r10_run6","1","2025-07-03","RITM","","","Nanopore","rabvSEasia","Minion","FAY28401","Unknown","Amplicon","barcode53","","","","4501","3991","163.9736004","168.5249885","107","0","830","11889","11886","11597","6312","","9991","","","sequencing","1"
"RADDL4B-24-162","rabv_4b_2025_r10_run6","1","2025-07-03","RITM","","","Nanopore","rabvSEasia","Minion","FAY28401","Unknown","Amplicon","barcode54","","","","1757","1460","65.99312772","72.7515232","42","0","400","11884","11874","9469","1861","","6639","","","sequencing","1"
"RADDL4B-24-173","rabv_4b_2025_r10_run5","1","2025-05-29","RITM","","","Nanopore","rabvSEasia","Minion","FAZ08077","Unknown","Amplicon","barcode52","","","","9193","8221","319.5109789","370.3958946","201","0","1703","11893","11886","11674","8471","","11079","","","sequencing","1"
"RADDL4B-24-174","rabv_4b_2025_r10_run5","1","2025-05-29","RITM","","","Nanopore","rabvSEasia","Minion","FAZ08077","Unknown","Amplicon","barcode53","","","","14940","13132","504.1869762","465.7569417","384.5","0","2389","11891","11886","11686","10614","","11383","","","sequencing","1"
"RADDL4B-24-178","rabv_4b_2025_r10_run5","1","2025-05-29","RITM","","","Nanopore","rabvSEasia","Minion","FAZ08077","Unknown","Amplicon","barcode54","","","","10279","9048","430.339172","392.6667443","322","0","2235","11894","11893","11881","10597","","11783","","","sequencing","1"
"RADDL4B-24-180","rabv_4b_2025_r10_run5","1","2025-05-29","RITM","","","Nanopore","rabvSEasia","Minion","FAZ08077","Unknown","Amplicon","barcode55","","","","9900","8995","428.0845625","432.254772","289.5","0","2416","11894","11893","11879","10755","","11794","","","sequencing","1"
"RADDL4B-24-181","rabv_4b_2025_r10_run5","1","2025-05-29","RITM","","","Nanopore","rabvSEasia","Minion","FAZ08077","Unknown","Amplicon","barcode56","","","","37193","33947","1459.579031","1384.656563","950.5","0","6844","11897","11893","11886","11514","","11791","","","sequencing","1"
"RADDL4B-24-182","rabv_4b_2025_r10_run5","1","2025-05-29","RITM","","","Nanopore","rabvSEasia","Minion","FAZ08077","Unknown","Amplicon","barcode57","","","","2124","1711","66.4389876","74.8329991","40","0","382","11680","11040","8765","2591","","5759","","","sequencing","1"
"RADDL4B-24-183","rabv_4b_2025_r10_run5","1","2025-05-29","RITM","","","Nanopore","rabvSEasia","Minion","FAZ08077","Unknown","Amplicon","barcode58","","","","10689","9494","335.8346463","485.5517488","190","0","3007","11898","11597","11410","8693","","11126","","","sequencing","1"
"RADDL4B-24-184","rabv_4b_2025_r10_run5","1","2025-05-29","RITM","","","Nanopore","rabvSEasia","Minion","FAZ08077","Unknown","Amplicon","barcode59","","","","9755","8254","323.2110292","316.7913143","229","0","1595","11887","11682","11509","9160","","11369","","","sequencing","1"
"RADDL4B-24-185","rabv_4b_2025_r10_run5","1","2025-05-29","RITM","","","Nanopore","rabvSEasia","Minion","FAZ08077","Unknown","Amplicon","barcode60","","","","10981","9667","429.9861716","333.1311712","379","0","1810","11894","11892","11881","10507","","11783","","","sequencing","1"
"RADDL4B-24-186","rabv_4b_2025_r10_run5","1","2025-05-29","RITM","","","Nanopore","rabvSEasia","Minion","FAZ08077","Unknown","Amplicon","barcode61","","","","10042","8743","356.4979048","289.9891857","316","0","1575","11790","11724","11640","9514","","11166","","","sequencing","1"
"RADDL4B-24-187","rabv_4b_2025_r10_run5","1","2025-05-29","RITM","","","Nanopore","rabvSEasia","Minion","FAZ08077","Unknown","Amplicon","barcode62","","","","19373","17810","725.041066","565.647655","606","0","2867","11896","11893","11882","11134","","11796","","","sequencing","1"
"RADDL4B-24-188","rabv_4b_2025_r10_run5","1","2025-05-29","RITM","","","Nanopore","rabvSEasia","Minion","FAZ08077","Unknown","Amplicon","barcode63","","","","12754","11425","565.3582803","443.4636208","495","0","2462","11893","11893","11881","10364","","11786","","","sequencing","1"
"RADDL4B-25-005","rabv_4b_2025_r10_run5","1","2025-05-29","RITM","","","Nanopore","rabvSEasia","Minion","FAZ08077","Unknown","Amplicon","barcode64","","","","12109","10813","397.880238","441.833745","249","0","2504","11693","11682","11669","9843","","11380","","","sequencing","1"
"RADDL4B-25-006","rabv_4b_2025_r10_run5","1","2025-05-29","RITM","","","Nanopore","rabvSEasia","Minion","FAZ08077","Unknown","Amplicon","barcode65","","","","14080","12691","476.8829199","573.649647","257","0","3010","11697","11695","11671","10573","","11379","","","sequencing","1"
"RADDL4B-25-008","rabv_4b_2025_r10_run5","1","2025-05-29","RITM","","","Nanopore","rabvSEasia","Minion","FAZ08077","Unknown","Amplicon","barcode66","","","","10630","9060","356.1083641","398.0274817","270","0","2376","11893","11885","11677","9922","","11382","","","sequencing","1"
"RADDL4B-25-009","rabv_4b_2025_r10_run5","1","2025-05-29","RITM","","","Nanopore","rabvSEasia","Minion","FAZ08077","Unknown","Amplicon","barcode67","","","","8213","7120","287.9882668","296.1742101","194","0","1451","11800","11682","11670","8747","","11112","","","sequencing","1"
"RADDL4B-25-017","rabv_4b_2025_r10_run5","1","2025-05-29","RITM","","","Nanopore","rabvSEasia","Minion","FAZ08077","Unknown","Amplicon","barcode69","","","","24384","22488","878.1112135","1319.698079","404","0","7216","11893","11890","11886","11393","","11776","","","sequencing","1"
"Z-24-141","rabv_4b_2024_run9","1","2024-10-22","RITM","","","Nanopore","rabvSEasia","Minion","FAU43101","Unknown","Amplicon","barcode40","","","","5502","5126","302.9155213","241.2985831","252","0","1651","11895","11886","11884","10952","","11793","","","sequencing","1"
"Z-24-142","rabv_4b_2024_run9","1","2024-10-22","RITM","","","Nanopore","rabvSEasia","Minion","FAU43101","Unknown","Amplicon","barcode41","","","","6172","5757","320.3242541","264.8312995","285","0","1722","11890","11809","11672","10887","","11593","","","sequencing","1"
"Z-25-021","rabv_4b_2025_r10_run4","1","2025-03-24","RITM","","","Nanopore","rabvSEasia","Minion","FAY28415","Unknown","Amplicon","barcode57","","","","7692","7229","273.5600905","281.5470382","156","0","1264","11692","11246","10633","7517","","10368","","","sequencing","1"
