sample_id,sample_labid,sample_sequenceid,sample_batchid,apha_sub,apha_rv,sample_tissuetype,sample_buffer,country,hmpcr_n405,rtassay,rtqpcr,lateral_flow_test,fat,drit,diagnostic_result,test_centre,diag_notes,diagnostic_complete,ngs_runid,duplicate_id,ngs_rundate,ngs_location,ngs_provider,ngs_submission,ngs_platform,primer_scheme,nanopore_platform,ngs_flowcell,illumina_platform,ngs_prep,ngs_barcode,ngs_library,ngs_analysis_type,ngs_merged_from,total_reads,mapped_reads,mean_depth,stdev_depth,median_depth,minimum_reads,maximum_reads,genomecov_depthx1,genomecov_depthx5,genomecov_depthx20,genomecov_depthx100,negative_control_sample,genbank_accession,consensus_coverage,ngs_notes,sequencing_complete
Z-24-141,,,,,,,,Philippines,,,,,,,,,,,rabv_4b_2024_run9,,22-Oct-24,RITM,,,Nanopore,rabvSEasia,Minion,FAU43101,,Amplicon,barcode40,,Single_run,,5502,5126,302.9155213,241.2985831,252,0,1651,11895,11886,11884,10952,No,,11793,,
Z-24-142,,,,,,,,Philippines,,,,,,,,,,,rabv_4b_2024_run9,,22-Oct-24,RITM,,,Nanopore,rabvSEasia,Minion,FAU43101,,Amplicon,barcode41,,Single_run,,6172,5757,320.3242541,264.8312995,285,0,1722,11890,11809,11672,10887,No,,11593,,
RADDL4B-23-060,,,,,,,,Philippines,,,,,,,,,,,rabv_4b_2024_run10,,26-Nov-24,RITM,,,Nanopore,rabvSEasia,Minion,FAU49052,,Amplicon,barcode51,,Single_run,,8658,8362,309.9566711,308.3000911,176.5,0,1770,11893,11887,11877,9229,No,,11593,,
RADDL4B-23-061,,,,,,,,Philippines,,,,,,,,,,,rabv_4b_2024_run10,,26-Nov-24,RITM,,,Nanopore,rabvSEasia,Minion,FAU49052,,Amplicon,barcode52,,Single_run,,16895,14721,822.572997,497.680495,742,0,2559,11896,11891,11886,11881,No,,11795,,
RADDL4B-23-070,,,,,,,,Philippines,,,,,,,,,,,rabv_4b_2024_run10,,26-Nov-24,RITM,,,Nanopore,rabvSEasia,Minion,FAU49052,,Amplicon,barcode53,,Single_run,,6822,6309,304.8300369,255.4955173,220,0,1707,11894,11887,11882,10791,No,,11795,,
RADDL4B-23-072,,,,,,,,Philippines,,,,,,,,,,,rabv_4b_2024_run10,,26-Nov-24,RITM,,,Nanopore,rabvSEasia,Minion,FAU49052,,Amplicon,barcode55,,Single_run,,7988,7439,299.4125042,322.4431806,186,0,1727,11894,11888,11737,7940,No,,11589,,
RADDL4B-23-096,,,,,,,,Philippines,,,,,,,,,,,rabv_4b_2024_run11,,2-Dec-24,RITM,,,Nanopore,rabvSEasia,Minion,FAU49052,,Amplicon,barcode74,,Single_run,,2392,2025,80.7256118,94.52004476,53,0,610,11676,11475,10569,2816,No,,8200,,
RADDL4B-23-071,,,,,,,,Philippines,,,,,,,,,,,rabv_4b_2024_run12,,5-Dec-24,RITM,,,Nanopore,rabvSEasia,Minion,FAU43101,,Amplicon,barcode10,,Single_run,,2107,1951,91.94745223,82.64539313,71,0,528,11889,11881,10637,4201,No,,9418,,
RADDL4B-23-057,,,,,,,,Philippines,,,,,,,,,,,rabv_4b_2025_run1,,9-Jan-25,RITM,,,Nanopore,rabvSEasia,Minion,FAU48941,,Amplicon,barcode73,,Single_run,,10323,9685,581.4674824,511.0859431,469,0,3503,11894,11893,11885,11871,No,,11797,,
RADDL4B-24-019,,,,,,,,Philippines,,,,,,,,,,,rabv_4b_2025_run1,,9-Jan-25,RITM,,,Nanopore,rabvSEasia,Minion,FAU48941,,Amplicon,barcode74,,Single_run,,10050,9337,408.2855347,362.2858732,289,0,1999,11894,11893,11886,11064,No,,11795,,
RADDL4B-24-021,,,,,,,,Philippines,,,,,,,,,,,rabv_4b_2025_run1,,9-Jan-25,RITM,,,Nanopore,rabvSEasia,Minion,FAU48941,,Amplicon,barcode75,,Single_run,,8621,8157,373.890295,406.0045941,265,0,2570,11894,11892,11672,9851,No,,11599,,
RADDL4B-24-026,,,,,,,,Philippines,,,,,,,,,,,rabv_4b_2025_run1,,9-Jan-25,RITM,,,Nanopore,rabvSEasia,Minion,FAU48941,,Amplicon,barcode76,,Single_run,,12443,11751,449.7872109,510.3824318,218,0,2811,11690,11679,11671,10063,No,,11598,,
RADDL4B-24-027,,,,,,,,Philippines,,,,,,,,,,,rabv_4b_2025_run1,,9-Jan-25,RITM,,,Nanopore,rabvSEasia,Minion,FAU48941,,Amplicon,barcode77,,Single_run,,4466,4053,232.9019444,166.7063895,180,0,1108,11895,11892,11673,10252,No,,11593,,
RADDL4B-24-029,,,,,,,,Philippines,,,,,,,,,,,rabv_4b_2025_run1,,9-Jan-25,RITM,,,Nanopore,rabvSEasia,Minion,FAU48941,,Amplicon,barcode78,,Single_run,,29955,28374,1713.09353,1100.166095,1487,0,5777,11894,11824,11684,11676,No,,11593,,
RADDL4B-24-034,,,,,,,,Philippines,,,,,,,,,,,rabv_4b_2025_run1,,9-Jan-25,RITM,,,Nanopore,rabvSEasia,Minion,FAU48941,,Amplicon,barcode79,,Single_run,,5820,5411,279.8972511,238.9833635,205,0,1558,11899,11886,11675,10628,No,,11590,,
RADDL4B-24-035,,,,,,,,Philippines,,,,,,,,,,,rabv_4b_2025_run1,,9-Jan-25,RITM,,,Nanopore,rabvSEasia,Minion,FAU48941,,Amplicon,barcode80,,Single_run,,13067,12125,743.2153872,471.5793323,640,0,2856,11896,11892,11877,11664,No,,11800,,
RADDL4B-24-037,,,,,,,,Philippines,,,,,,,,,,,rabv_4b_2025_run1,,9-Jan-25,RITM,,,Nanopore,rabvSEasia,Minion,FAU48941,,Amplicon,barcode81,,Single_run,,7396,7075,307.5042742,371.4089075,184.5,0,2235,11884,11678,11671,9708,No,,11596,,
RADDL4B-24-053,,,,,,,,Philippines,,,,,,,,,,,rabv_4b_2025_run1,,9-Jan-25,RITM,,,Nanopore,rabvSEasia,Minion,FAU48941,,Amplicon,barcode82,,Single_run,,7552,7182,340.1950218,395.2907831,232,0,2432,11893,11885,11671,9478,No,,11596,,
RADDL4B-24-055,,,,,,,,Philippines,,,,,,,,,,,rabv_4b_2025_run1,,9-Jan-25,RITM,,,Nanopore,rabvSEasia,Minion,FAU48941,,Amplicon,barcode83,,Single_run,,20407,19390,844.2644988,709.3001817,618,0,4156,11893,11893,11886,11504,No,,11798,,
RADDL4B-24-056,,,,,,,,Philippines,,,,,,,,,,,rabv_4b_2025_run1,,9-Jan-25,RITM,,,Nanopore,rabvSEasia,Minion,FAU48941,,Amplicon,barcode84,,Single_run,,8592,8110,332.5940329,348.6540005,188,0,1969,11895,11893,11879,9776,No,,11803,,
RADDL4B-24-057,,,,,,,,Philippines,,,,,,,,,,,rabv_4b_2025_run1,,9-Jan-25,RITM,,,Nanopore,rabvSEasia,Minion,FAU48941,,Amplicon,barcode85,,Single_run,,11101,10447,578.8861046,516.1939339,460,0,3417,11895,11893,11886,11505,No,,11793,,
RADDL4B-24-058,,,,,,,,Philippines,,,,,,,,,,,rabv_4b_2025_run1,,9-Jan-25,RITM,,,Nanopore,rabvSEasia,Minion,FAU48941,,Amplicon,barcode86,,Single_run,,7094,6767,459.9694938,290.5523318,415,0,1630,11896,11893,11683,11451,No,,11594,,
RADDL4B-24-059,,,,,,,,Philippines,,,,,,,,,,,rabv_4b_2025_run1,,9-Jan-25,RITM,,,Nanopore,rabvSEasia,Minion,FAU48941,,Amplicon,barcode87,,Single_run,,12842,12080,535.1782601,535.7620785,323,0,3157,11893,11893,11884,10952,No,,11798,,
RADDL4B-24-067,,,,,,,,Philippines,,,,,,,,,,,rabv_4b_2025_run1,,9-Jan-25,RITM,,,Nanopore,rabvSEasia,Minion,FAU48941,,Amplicon,barcode88,,Single_run,,16986,16031,619.2675159,561.7588386,364,0,2882,11902,11894,11886,11490,No,,11803,,
RADDL4B-24-070,,,,,,,,Philippines,,,,,,,,,,,rabv_4b_2025_run1,,9-Jan-25,RITM,,,Nanopore,rabvSEasia,Minion,FAU48941,,Amplicon,barcode89,,Single_run,,9958,9171,508.6176668,373.7003573,401,0,2401,11894,11893,11885,11618,No,,11792,,
RADDL4B-24-071,,,,,,,,Philippines,,,,,,,,,,,rabv_4b_2025_run1,,9-Jan-25,RITM,,,Nanopore,rabvSEasia,Minion,FAU48941,,Amplicon,barcode90,,Single_run,,11134,10309,392.0721589,413.2608323,242,0,2443,11893,11687,11674,9960,No,,11600,,
RADDL4B-24-077,,,,,,,,Philippines,,,,,,,,,,,rabv_4b_2025_run1,,9-Jan-25,RITM,,,Nanopore,rabvSEasia,Minion,FAU48941,,Amplicon,barcode91,,Single_run,,6167,5613,263.3015421,213.196696,186,0,1190,11893,11893,11881,10017,No,,11797,,
RADDL4B-24-082,,,,,,,,Philippines,,,,,,,,,,,rabv_4b_2025_run1,,9-Jan-25,RITM,,,Nanopore,rabvSEasia,Minion,FAU48941,,Amplicon,barcode92,,Single_run,,9140,8663,387.440999,372.7791895,295,0,2341,11898,11894,11886,11121,No,,11793,,
RADDL4B-24-102,,,,,,,,Philippines,,,,,,,,,,,rabv_4b_2025_run1,,9-Jan-25,RITM,,,Nanopore,rabvSEasia,Minion,FAU48941,,Amplicon,barcode93,,Single_run,,30388,28152,1219.029668,930.8182803,973,0,4743,11894,11893,11892,11672,No,,11796,,
RADDL4B-23-085,,,,,,,,Philippines,,,,,,,,,,,rabv_4b_2025_run2,,14-Jan-25,RITM,,,Nanopore,rabvSEasia,Minion,FAU48941,,Amplicon,barcode43,,Single_run,,15862,14840,590.1979551,617.3238408,319,0,3681,11894,11889,11885,11555,No,,11802,,
RADDL4B-23-093,,,,,,,,Philippines,,,,,,,,,,,rabv_4b_2025_run2,,14-Jan-25,RITM,,,Nanopore,rabvSEasia,Minion,FAU48941,,Amplicon,barcode44,,Single_run,,14549,13441,559.9552464,590.4991973,306,0,3323,11894,11887,11885,11481,No,,11798,,
RADDL4B-23-095,,,,,,,,Philippines,,,,,,,,,,,rabv_4b_2025_run2,,14-Jan-25,RITM,,,Nanopore,rabvSEasia,Minion,FAU48941,,Amplicon,barcode45,,Single_run,,16563,15388,637.8933121,628.0223312,333,0,3392,11894,11893,11886,11544,No,,11798,,
RADDL4B-23-097,,,,,,,,Philippines,,,,,,,,,,,rabv_4b_2025_run2,,14-Jan-25,RITM,,,Nanopore,rabvSEasia,Minion,FAU48941,,Amplicon,barcode46,,Single_run,,7824,7392,313.3960778,366.4047476,210,0,1965,11895,11888,11881,8742,No,,11799,,
RADDL4B-23-098,,,,,,,,Philippines,,,,,,,,,,,rabv_4b_2025_run2,,14-Jan-25,RITM,,,Nanopore,rabvSEasia,Minion,FAU48941,,Amplicon,barcode47,,Single_run,,10766,10128,567.1654375,506.2681025,418,0,2932,11894,11893,11887,11531,No,,11797,,
RADDL4B-23-099,,,,,,,,Philippines,,,,,,,,,,,rabv_4b_2025_run2,,14-Jan-25,RITM,,,Nanopore,rabvSEasia,Minion,FAU48941,,Amplicon,barcode48,,Single_run,,11268,10222,399.4539893,389.849873,243,0,2365,11896,11887,11881,10850,No,,11800,,
RADDL4B-23-100,,,,,,,,Philippines,,,,,,,,,,,rabv_4b_2025_run2,,14-Jan-25,RITM,,,Nanopore,rabvSEasia,Minion,FAU48941,,Amplicon,barcode49,,Single_run,,10488,9650,381.6632585,383.6787633,201,0,2221,11895,11887,11883,11124,No,,11800,,
RADDL4B-24-001,,,,,,,,Philippines,,,,,,,,,,,rabv_4b_2025_run2,,14-Jan-25,RITM,,,Nanopore,rabvSEasia,Minion,FAU48941,,Amplicon,barcode50,,Single_run,,5838,5283,218.128478,214.0552185,122,0,1304,11888,11887,11859,7410,No,,11802,,
RADDL4B-24-010,,,,,,,,Philippines,,,,,,,,,,,rabv_4b_2025_run2,,14-Jan-25,RITM,,,Nanopore,rabvSEasia,Minion,FAU48941,,Amplicon,barcode51,,Single_run,,3741,3313,126.7835233,154.1601791,82,0,1035,11888,11883,11432,5050,No,,9825,,
RADDL4B-24-011,,,,,,,,Philippines,,,,,,,,,,,rabv_4b_2025_run2,,14-Jan-25,RITM,,,Nanopore,rabvSEasia,Minion,FAU48941,,Amplicon,barcode52,,Single_run,,6831,6412,259.9507208,299.5691591,128,0,1764,11895,11893,11873,7511,No,,11800,,
RADDL4B-24-012,,,,,,,,Philippines,,,,,,,,,,,rabv_4b_2025_run2,,14-Jan-25,RITM,,,Nanopore,rabvSEasia,Minion,FAU48941,,Amplicon,barcode53,,Single_run,,7871,7373,293.6583138,309.5487971,162,0,1910,11894,11887,11877,8899,No,,11590,,
RADDL4B-24-015,,,,,,,,Philippines,,,,,,,,,,,rabv_4b_2025_run2,,14-Jan-25,RITM,,,Nanopore,rabvSEasia,Minion,FAU48941,,Amplicon,barcode54,,Single_run,,3674,3363,134.6438988,127.4222112,75,0,663,11893,11886,11714,4944,No,,11335,,
RADDL4B-24-016,,,,,,,,Philippines,,,,,,,,,,,rabv_4b_2025_run2,,14-Jan-25,RITM,,,Nanopore,rabvSEasia,Minion,FAU48941,,Amplicon,barcode55,,Single_run,,4967,4535,202.9704157,166.9656065,134,0,896,11891,11886,11785,7626,No,,11549,,
RADDL4B-24-049,,,,,,,,Philippines,,,,,,,,,,,rabv_4b_2025_run2,,14-Jan-25,RITM,,,Nanopore,rabvSEasia,Minion,FAU48941,,Amplicon,barcode56,,Single_run,,5468,4909,236.7808414,192.3104003,160,0,1180,11895,11886,11878,9343,No,,11795,,
RADDL4B-24-083,,,,,,,,Philippines,,,,,,,,,,,rabv_4b_2025_run2,,14-Jan-25,RITM,,,Nanopore,rabvSEasia,Minion,FAU48941,,Amplicon,barcode57,,Single_run,,2053,1875,70.16418036,70.4797308,42,0,381,11890,11715,9569,3076,No,,6534,,
RADDL4B-24-084,,,,,,,,Philippines,,,,,,,,,,,rabv_4b_2025_run2,,14-Jan-25,RITM,,,Nanopore,rabvSEasia,Minion,FAU48941,,Amplicon,barcode58,,Single_run,,7722,7135,340.9870935,287.7485675,224,0,1731,11891,11887,11884,11161,No,,11798,,
RADDL4B-24-085,,,,,,,,Philippines,,,,,,,,,,,rabv_4b_2025_run2,,14-Jan-25,RITM,,,Nanopore,rabvSEasia,Minion,FAU48941,,Amplicon,barcode59,,Single_run,,12074,11313,559.8043916,437.1725286,370,0,2495,11897,11893,11888,11501,No,,11792,,
RADDL4B-24-086,,,,,,,,Philippines,,,,,,,,,,,rabv_4b_2025_run2,,14-Jan-25,RITM,,,Nanopore,rabvSEasia,Minion,FAU48941,,Amplicon,barcode60,,Single_run,,2630,2416,108.3374958,104.4295526,72,0,639,11888,11882,11493,4484,No,,11150,,
RADDL4B-24-087,,,,,,,,Philippines,,,,,,,,,,,rabv_4b_2025_run2,,14-Jan-25,RITM,,,Nanopore,rabvSEasia,Minion,FAU48941,,Amplicon,barcode61,,Single_run,,4379,4079,174.506118,159.4600842,106,0,956,11893,11887,11716,6072,No,,11588,,
RADDL4B-24-088,,,,,,,,Philippines,,,,,,,,,,,rabv_4b_2025_run2,,14-Jan-25,RITM,,,Nanopore,rabvSEasia,Minion,FAU48941,,Amplicon,barcode62,,Single_run,,2624,2408,108.1330037,90.60465078,70,0,587,11887,11884,11584,4538,No,,10924,,
RADDL4B-24-101,,,,,,,,Philippines,,,,,,,,,,,rabv_4b_2025_run2,,14-Jan-25,RITM,,,Nanopore,rabvSEasia,Minion,FAU48941,,Amplicon,barcode63,,Single_run,,12927,11943,497.6574757,419.1271479,353,0,2411,11896,11892,11886,11544,No,,11798,,
RADDL4B-24-106,,,,,,,,Philippines,,,,,,,,,,,rabv_4b_2025_run2,,14-Jan-25,RITM,,,Nanopore,rabvSEasia,Minion,FAU48941,,Amplicon,barcode64,,Single_run,,5661,5214,225.7340764,228.7723372,121,0,1375,11893,11887,11877,6831,No,,11795,,
RADDL4B-24-120,,,,,,,,Philippines,,,,,,,,,,,rabv_4b_2025_run2,,14-Jan-25,RITM,,,Nanopore,rabvSEasia,Minion,FAU48941,,Amplicon,barcode65,,Single_run,,16153,14856,770.6703822,572.1576621,532,0,3301,11896,11893,11885,11673,No,,11796,,
RADDL4B-24-124,,,,,,,,Philippines,,,,,,,,,,,rabv_4b_2025_run2,,14-Jan-25,RITM,,,Nanopore,rabvSEasia,Minion,FAU48941,,Amplicon,barcode66,,Single_run,,9975,8901,579.6425578,373.2797657,400,0,1674,11895,11888,11885,11650,No,,11800,,
RADDL4B-24-130,,,,,,,,Philippines,,,,,,,,,,,rabv_4b_2025_run2,,14-Jan-25,RITM,,,Nanopore,rabvSEasia,Minion,FAU48941,,Amplicon,barcode67,,Single_run,,2263,2012,98.63568555,84.7735699,69,0,515,11890,11884,11479,4201,No,,10603,,
RADDL4B-23-042,,,,,,,,Philippines,,,,,,,,,,,RabV_4B_2025_R10_run1,,11-Mar-25,RITM,,,Nanopore,rabvSEasia,Minion,FAZ05819,,Amplicon,barcode01,,Single_run,,47022,43426,1602.878813,1460.414938,1201,0,8015,11890,11888,11886,11869,No,,11793,,
RADDL4B-23-044,,,,,,,,Philippines,,,,,,,,,,,RabV_4B_2025_R10_run1,,11-Mar-25,RITM,,,Nanopore,rabvSEasia,Minion,FAZ05819,,Amplicon,barcode02,,Single_run,,43545,40593,1480.731311,1301.495082,959,0,5605,11898,11889,11886,11713,No,,11804,,
RADDL4B-23-045,,,,,,,,Philippines,,,,,,,,,,,RabV_4B_2025_R10_run1,,11-Mar-25,RITM,,,Nanopore,rabvSEasia,Minion,FAZ05819,,Amplicon,barcode03,,Single_run,,15902,13511,623.8164599,510.4828298,504,0,2333,11890,11889,11885,11461,No,,11793,,
RADDL4B-23-046,,,,,,,,Philippines,,,,,,,,,,,RabV_4B_2025_R10_run1,,11-Mar-25,RITM,,,Nanopore,rabvSEasia,Minion,FAZ05819,,Amplicon,barcode04,,Single_run,,29480,27695,1013.972259,1059.870506,495.5,0,5065,11910,11889,11883,11158,No,,11794,,
RADDL4B-23-047,,,,,,,,Philippines,,,,,,,,,,,RabV_4B_2025_R10_run1,,11-Mar-25,RITM,,,Nanopore,rabvSEasia,Minion,FAZ05819,,Amplicon,barcode05,,Single_run,,31992,29470,1057.55062,975.2628201,613,0,4010,11899,11890,11884,11274,No,,11794,,
RADDL4B-23-049,,,,,,,,Philippines,,,,,,,,,,,RabV_4B_2025_R10_run1,,11-Mar-25,RITM,,,Nanopore,rabvSEasia,Minion,FAZ05819,,Amplicon,barcode06,,Single_run,,81803,75736,2750.207593,2290.911446,1820,0,9571,11908,11898,11888,11879,No,,11800,,
RADDL4B-23-052,,,,,,,,Philippines,,,,,,,,,,,RabV_4B_2025_R10_run1,,11-Mar-25,RITM,,,Nanopore,rabvSEasia,Minion,FAZ05819,,Amplicon,barcode07,,Single_run,,35408,33197,1195.444351,1207.713891,805,0,5426,11893,11887,11884,11344,No,,11797,,
RADDL4B-23-053,,,,,,,,Philippines,,,,,,,,,,,RabV_4B_2025_R10_run1,,11-Mar-25,RITM,,,Nanopore,rabvSEasia,Minion,FAZ05819,,Amplicon,barcode08,,Single_run,,6831,6221,214.6910828,265.4794912,134,0,1517,11886,11675,11100,6879,No,,10222,,
RADDL4B-23-056,,,,,,,,Philippines,,,,,,,,,,,RabV_4B_2025_R10_run1,,11-Mar-25,RITM,,,Nanopore,rabvSEasia,Minion,FAZ05819,,Amplicon,barcode09,,Single_run,,43074,39864,1437.584395,1519.120343,914,0,8527,11896,11887,11887,11471,No,,11791,,
RADDL4B-23-058,,,,,,,,Philippines,,,,,,,,,,,RabV_4B_2025_R10_run1,,11-Mar-25,RITM,,,Nanopore,rabvSEasia,Minion,FAZ05819,,Amplicon,barcode10,,Single_run,,14858,13711,479.5644485,488.4045069,346,0,2601,11889,11886,11589,9720,No,,11318,,
RADDL4B-23-076,,,,,,,,Philippines,,,,,,,,,,,RabV_4B_2025_R10_run1,,11-Mar-25,RITM,,,Nanopore,rabvSEasia,Minion,FAZ05819,,Amplicon,barcode11,,Single_run,,40112,37924,1334.443513,1478.364524,860,0,8399,11760,11683,11676,10994,No,,11598,,
RADDL4B-23-080,,,,,,,,Philippines,,,,,,,,,,,RabV_4B_2025_R10_run1,,11-Mar-25,RITM,,,Nanopore,rabvSEasia,Minion,FAZ05819,,Amplicon,barcode12,,Single_run,,26558,24561,1191.71832,957.9564676,1045,0,4011,11890,11887,11883,11650,No,,11782,,
RADDL4B-23-081,,,,,,,,Philippines,,,,,,,,,,,RabV_4B_2025_R10_run1,,11-Mar-25,RITM,,,Nanopore,rabvSEasia,Minion,FAZ05819,,Amplicon,barcode13,,Single_run,,29045,27043,1115.028495,1062.917914,882,0,5632,11888,11693,11675,11263,No,,11587,,
RADDL4B-23-090,,,,,,,,Philippines,,,,,,,,,,,RabV_4B_2025_R10_run1,,11-Mar-25,RITM,,,Nanopore,rabvSEasia,Minion,FAZ05819,,Amplicon,barcode14,,Single_run,,32434,30195,1074.765421,1025.825288,593.5,0,4569,11888,11886,11881,10980,No,,11793,,
RADDL4B-23-101,,,,,,,,Philippines,,,,,,,,,,,RabV_4B_2025_R10_run1,,11-Mar-25,RITM,,,Nanopore,rabvSEasia,Minion,FAZ05819,,Amplicon,barcode15,,Single_run,,11938,10928,455.4171136,533.7269475,295,0,2953,11890,11888,11882,10467,No,,11796,,
RADDL4B-23-104,,,,,,,,Philippines,,,,,,,,,,,RabV_4B_2025_R10_run1,,11-Mar-25,RITM,,,Nanopore,rabvSEasia,Minion,FAZ05819,,Amplicon,barcode17,,Single_run,,20008,18334,705.1980389,804.3337124,468,0,5045,11891,11887,11882,10963,No,,11795,,
RADDL4B-23-105,,,,,,,,Philippines,,,,,,,,,,,RabV_4B_2025_R10_run1,,11-Mar-25,RITM,,,Nanopore,rabvSEasia,Minion,FAZ05819,,Amplicon,barcode18,,Single_run,,10718,9568,419.9389038,422.1840129,332,0,2760,11888,11887,11881,9770,No,,11786,,
RADDL4B-24-002,,,,,,,,Philippines,,,,,,,,,,,RabV_4B_2025_R10_run1,,11-Mar-25,RITM,,,Nanopore,rabvSEasia,Minion,FAZ05819,,Amplicon,barcode19,,Single_run,,10164,9090,349.222008,372.7975563,208,0,2143,11888,11886,11881,9368,No,,11792,,
RADDL4B-24-003,,,,,,,,Philippines,,,,,,,,,,,RabV_4B_2025_R10_run1,,11-Mar-25,RITM,,,Nanopore,rabvSEasia,Minion,FAZ05819,,Amplicon,barcode20,,Single_run,,17227,16004,762.1504358,717.0810223,498,0,3736,11895,11887,11883,11430,No,,11794,,
RADDL4B-24-017,,,,,,,,Philippines,,,,,,,,,,,RabV_4B_2025_R10_run2,,18-Mar-25,RITM,,,Nanopore,rabvSEasia,Minion,FAY28415,,Amplicon,barcode01,,Single_run,,88403,75482,3335.468404,2843.003807,2406,0,12517,11894,11888,11887,11882,No,,11792,,
RADDL4B-24-023,,,,,,,,Philippines,,,,,,,,,,,RabV_4B_2025_R10_run2,,18-Mar-25,RITM,,,Nanopore,rabvSEasia,Minion,FAY28415,,Amplicon,barcode03,,Single_run,,14957,12538,633.7290479,474.7253255,512,0,2545,11890,11889,11887,11609,No,,11791,,
RADDL4B-24-028,,,,,,,,Philippines,,,,,,,,,,,RabV_4B_2025_R10_run2,,18-Mar-25,RITM,,,Nanopore,rabvSEasia,Minion,FAY28415,,Amplicon,barcode04,,Single_run,,14850,12757,643.7653369,486.2712139,455,0,2276,11888,11887,11882,11695,No,,11793,,
RADDL4B-24-038,,,,,,,,Philippines,,,,,,,,,,,RabV_4B_2025_R10_run2,,18-Mar-25,RITM,,,Nanopore,rabvSEasia,Minion,FAY28415,,Amplicon,barcode05,,Single_run,,32240,27315,1490.731897,1057.1811,1171.5,0,5420,11894,11889,11887,11882,No,,11789,,
RADDL4B-24-042,,,,,,,,Philippines,,,,,,,,,,,RabV_4B_2025_R10_run2,,18-Mar-25,RITM,,,Nanopore,rabvSEasia,Minion,FAY28415,,Amplicon,barcode06,,Single_run,,69392,60254,3199.346379,2128.307681,2269,0,10327,11902,11896,11888,11883,No,,11793,,
RADDL4B-24-043,,,,,,,,Philippines,,,,,,,,,,,RabV_4B_2025_R10_run2,,18-Mar-25,RITM,,,Nanopore,rabvSEasia,Minion,FAY28415,,Amplicon,barcode07,,Single_run,,7541,6324,328.3547603,231.3260461,276,0,1218,11894,11887,11875,10095,No,,11786,,
RADDL4B-24-046,,,,,,,,Philippines,,,,,,,,,,,RabV_4B_2025_R10_run2,,18-Mar-25,RITM,,,Nanopore,rabvSEasia,Minion,FAY28415,,Amplicon,barcode08,,Single_run,,7947,6788,311.7309755,242.70148,234,0,1040,11889,11886,11882,9669,No,,11798,,
RADDL4B-24-051,,,,,,,,Philippines,,,,,,,,,,,RabV_4B_2025_R10_run2,,18-Mar-25,RITM,,,Nanopore,rabvSEasia,Minion,FAY28415,,Amplicon,barcode09,,Single_run,,134359,121277,5355.826601,4448.221385,3901.5,0,20610,11897,11890,11888,11884,No,,11797,,
RADDL4B-24-054,,,,,,,,Philippines,,,,,,,,,,,RabV_4B_2025_R10_run2,,18-Mar-25,RITM,,,Nanopore,rabvSEasia,Minion,FAY28415,,Amplicon,barcode10,,Single_run,,78187,71025,2847.201559,2828.508152,1741,0,13284,11895,11888,11887,11882,No,,11794,,
RADDL4B-24-063,,,,,,,,Philippines,,,,,,,,,,,RabV_4B_2025_R10_run2,,18-Mar-25,RITM,,,Nanopore,rabvSEasia,Minion,FAY28415,,Amplicon,barcode12,,Single_run,,29217,26982,1291.908062,1037.820926,1113,0,4759,11892,11888,11885,11852,No,,11790,,
RADDL4B-24-066,,,,,,,,Philippines,,,,,,,,,,,RabV_4B_2025_R10_run2,,18-Mar-25,RITM,,,Nanopore,rabvSEasia,Minion,FAY28415,,Amplicon,barcode13,,Single_run,,61357,57972,3192.982652,2249.815204,2744,0,10217,11895,11893,11887,11881,No,,11788,,
RADDL4B-24-069,,,,,,,,Philippines,,,,,,,,,,,RabV_4B_2025_R10_run2,,18-Mar-25,RITM,,,Nanopore,rabvSEasia,Minion,FAY28415,,Amplicon,barcode14,,Single_run,,67219,62340,3075.976115,2384.809437,2323.5,0,11569,11899,11889,11887,11882,No,,11795,,
RADDL4B-24-073,,,,,,,,Philippines,,,,,,,,,,,RabV_4B_2025_R10_run2,,18-Mar-25,RITM,,,Nanopore,rabvSEasia,Minion,FAY28415,,Amplicon,barcode15,,Single_run,,34463,32379,1205.165437,1313.484047,661,0,6256,11895,11888,11882,11713,No,,11796,,
RADDL4B-24-074,,,,,,,,Philippines,,,,,,,,,,,RabV_4B_2025_R10_run2,,18-Mar-25,RITM,,,Nanopore,rabvSEasia,Minion,FAY28415,,Amplicon,barcode16,,Single_run,,32222,30526,1092.323081,1229.27763,597,0,6080,11890,11888,11883,11550,No,,11800,,
RADDL4B-24-076,,,,,,,,Philippines,,,,,,,,,,,RabV_4B_2025_R10_run2,,18-Mar-25,RITM,,,Nanopore,rabvSEasia,Minion,FAY28415,,Amplicon,barcode17,,Single_run,,73165,67397,2602.393228,2465.359609,1675.5,0,12636,11892,11888,11887,11882,No,,11793,,
RADDL4B-24-078,,,,,,,,Philippines,,,,,,,,,,,RabV_4B_2025_R10_run2,,18-Mar-25,RITM,,,Nanopore,rabvSEasia,Minion,FAY28415,,Amplicon,barcode18,,Single_run,,70587,64509,2968.320567,2522.782036,1970,0,12116,11895,11889,11887,11882,No,,11794,,
RADDL4B-24-081,,,,,,,,Philippines,,,,,,,,,,,RabV_4B_2025_R10_run2,,18-Mar-25,RITM,,,Nanopore,rabvSEasia,Minion,FAY28415,,Amplicon,barcode19,,Single_run,,119526,110331,5162.701978,4046.68374,3803.5,0,19527,11903,11894,11889,11885,No,,11791,,
RADDL4B-24-099,,,,,,,,Philippines,,,,,,,,,,,RabV_4B_2025_R10_run3,,24-Mar-25,RITM,,,Nanopore,rabvSEasia,Minion,FAY28415,,Amplicon,barcode25,,Single_run,,33733,31970,1974.942256,1337.350285,1775,0,6623,11899,11894,11892,11673,No,,11784,,
RADDL4B-24-098,,,,,,,,Philippines,,,,,,,,,,,RabV_4B_2025_R10_run3,,24-Mar-25,RITM,,,Nanopore,rabvSEasia,Minion,FAY28415,,Amplicon,barcode26,,Single_run,,33057,30677,1787.839088,1313.196088,1413,0,6160,11896,11893,11891,11878,No,,11787,,
RADDL4B-24-097,,,,,,,,Philippines,,,,,,,,,,,RabV_4B_2025_R10_run3,,24-Mar-25,RITM,,,Nanopore,rabvSEasia,Minion,FAY28415,,Amplicon,barcode27,,Single_run,,22322,20671,1036.220583,849.1064428,806,0,4755,11894,11893,11887,11647,No,,11787,,
RADDL4B-24-096,,,,,,,,Philippines,,,,,,,,,,,RabV_4B_2025_R10_run3,,24-Mar-25,RITM,,,Nanopore,rabvSEasia,Minion,FAY28415,,Amplicon,barcode28,,Single_run,,42484,40031,2124.292994,1656.414135,1879.5,0,8822,11897,11893,11887,11879,No,,11782,,
RADDL4B-24-095,,,,,,,,Philippines,,,,,,,,,,,RabV_4B_2025_R10_run3,,24-Mar-25,RITM,,,Nanopore,rabvSEasia,Minion,FAY28415,,Amplicon,barcode29,,Single_run,,67788,63747,3301.729886,2900.49257,2418,0,17283,11894,11894,11893,11882,No,,11783,,
RADDL4B-24-018,,,,,,,,Philippines,,,,,,,,,,,RabV_4B_2025_R10_run3,,24-Mar-25,RITM,,,Nanopore,rabvSEasia,Minion,FAY28415,,Amplicon,barcode30,,Single_run,,177837,165002,6980.366326,5812.939896,4948,0,32742,11899,11700,11690,11679,No,,11584,,
RADDL4B-24-014,,,,,,,,Philippines,,,,,,,,,,,RabV_4B_2025_R10_run3,,24-Mar-25,RITM,,,Nanopore,rabvSEasia,Minion,FAY28415,,Amplicon,barcode31,,Single_run,,49072,44858,1706.391636,1816.217511,1018,0,10462,11897,11893,11884,11659,No,,11786,,
RADDL4B-24-009,,,,,,,,Philippines,,,,,,,,,,,RabV_4B_2025_R10_run3,,24-Mar-25,RITM,,,Nanopore,rabvSEasia,Minion,FAY28415,,Amplicon,barcode32,,Single_run,,83197,79374,4736.695022,3251.091427,3834,0,18963,11925,11896,11895,11893,No,,11781,,
RADDL4B-24-138,,,,,,,,Philippines,,,,,,,,,,,RabV_4B_2025_R10_run3,,24-Mar-25,RITM,,,Nanopore,rabvSEasia,Minion,FAY28415,,Amplicon,barcode33,,Single_run,,44794,42763,2474.174405,1843.791107,2274,0,9859,11920,11896,11893,11881,No,,11785,,
RADDL4B-24-154,,,,,,,,Philippines,,,,,,,,,,,RabV_4B_2025_R10_run3,,24-Mar-25,RITM,,,Nanopore,rabvSEasia,Minion,FAY28415,,Amplicon,barcode34,,Single_run,,6793,6311,338.9710023,261.2874965,299,0,1594,11891,11886,11870,9782,No,,11786,,
RADDL4B-24-155,,,,,,,,Philippines,,,,,,,,,,,RabV_4B_2025_R10_run3,,24-Mar-25,RITM,,,Nanopore,rabvSEasia,Minion,FAY28415,,Amplicon,barcode35,,Single_run,,18439,17290,1055.075511,739.5529433,936,0,3924,11918,11893,11886,11861,No,,11785,,
RADDL4B-24-100,,,,,,,,Philippines,,,,,,,,,,,RabV_4B_2025_R10_run3,,24-Mar-25,RITM,,,Nanopore,rabvSEasia,Minion,FAY28415,,Amplicon,barcode41,,Single_run,,7376,6875,297.7153034,365.2573885,148,0,1890,11894,11888,11715,8021,No,,11584,,
RADDL4B-24-112,,,,,,,,Philippines,,,,,,,,,,,RabV_4B_2025_R10_run3,,24-Mar-25,RITM,,,Nanopore,rabvSEasia,Minion,FAY28415,,Amplicon,barcode42,,Single_run,,48264,45675,2308.224941,1932.093069,1822.5,0,10703,11895,11894,11893,11881,No,,11789,,
RADDL4B-24-113,,,,,,,,Philippines,,,,,,,,,,,RabV_4B_2025_R10_run3,,24-Mar-25,RITM,,,Nanopore,rabvSEasia,Minion,FAY28415,,Amplicon,barcode43,,Single_run,,48169,45792,2189.019863,1784.631988,1697,0,8563,11895,11893,11892,11878,No,,11793,,
RADDL4B-24-114,,,,,,,,Philippines,,,,,,,,,,,RabV_4B_2025_R10_run3,,24-Mar-25,RITM,,,Nanopore,rabvSEasia,Minion,FAY28415,,Amplicon,barcode44,,Single_run,,44680,42192,2344.681026,1937.899253,1818,0,11397,11899,11894,11893,11882,No,,11781,,
RADDL4B-24-116,,,,,,,,Philippines,,,,,,,,,,,RabV_4B_2025_R10_run3,,24-Mar-25,RITM,,,Nanopore,rabvSEasia,Minion,FAY28415,,Amplicon,barcode45,,Single_run,,33433,31726,1945.676249,1411.7672,1650,0,6852,11894,11893,11892,11673,No,,11779,,
RADDL4B-24-117,,,,,,,,Philippines,,,,,,,,,,,RabV_4B_2025_R10_run3,,24-Mar-25,RITM,,,Nanopore,rabvSEasia,Minion,FAY28415,,Amplicon,barcode46,,Single_run,,22999,21104,912.5097218,819.3613737,776,0,3936,11895,11893,11883,11351,No,,11788,,
RADDL4B-24-121,,,,,,,,Philippines,,,,,,,,,,,RabV_4B_2025_R10_run3,,24-Mar-25,RITM,,,Nanopore,rabvSEasia,Minion,FAY28415,,Amplicon,barcode47,,Single_run,,53107,49594,2028.715136,2224.010428,1077,0,11456,11894,11893,11890,11570,No,,11791,,
RADDL4B-24-122,,,,,,,,Philippines,,,,,,,,,,,RabV_4B_2025_R10_run3,,24-Mar-25,RITM,,,Nanopore,rabvSEasia,Minion,FAY28415,,Amplicon,barcode48,,Single_run,,51229,49018,2906.685635,2447.789382,2285.5,0,15764,11895,11894,11892,11673,No,,11789,,
RADDL4B-24-153,,,,,,,,Philippines,,,,,,,,,,,rabv_4b_2025_r10_run5,,29-May-25,RITM,,,Nanopore,rabvSEasia,Minion,FAZ08077,,Amplicon,barcode49,,Single_run,,19505,17574,669.7204157,646.0687309,418,0,3073,11887,11698,11674,10949,No,,11584,,
RADDL4B-24-156,,,,,,,,Philippines,,,,,,,,,,,rabv_4b_2025_r10_run5,,29-May-25,RITM,,,Nanopore,rabvSEasia,Minion,FAZ08077,,Amplicon,barcode50,,Single_run,,20745,19075,786.6737345,651.967944,606.5,0,3302,11893,11886,11703,11337,No,,11586,,
RADDL4B-24-157,,,,,,,,Philippines,,,,,,,,,,,rabv_4b_2025_r10_run5,,29-May-25,RITM,,,Nanopore,rabvSEasia,Minion,FAZ08077,,Amplicon,barcode51,,Single_run,,11719,10149,468.7921555,342.8856859,373,0,1593,11918,11885,11709,11008,No,,11372,,
RADDL4B-24-173,,,,,,,,Philippines,,,,,,,,,,,rabv_4b_2025_r10_run5,,29-May-25,RITM,,,Nanopore,rabvSEasia,Minion,FAZ08077,,Amplicon,barcode52,,Single_run,,9193,8221,319.5109789,370.3958946,201,0,1703,11893,11886,11674,8471,No,,11079,,
RADDL4B-24-174,,,,,,,,Philippines,,,,,,,,,,,rabv_4b_2025_r10_run5,,29-May-25,RITM,,,Nanopore,rabvSEasia,Minion,FAZ08077,,Amplicon,barcode53,,Single_run,,14940,13132,504.1869762,465.7569417,384.5,0,2389,11891,11886,11686,10614,No,,11383,,
RADDL4B-24-178,,,,,,,,Philippines,,,,,,,,,,,rabv_4b_2025_r10_run5,,29-May-25,RITM,,,Nanopore,rabvSEasia,Minion,FAZ08077,,Amplicon,barcode54,,Single_run,,10279,9048,430.339172,392.6667443,322,0,2235,11894,11893,11881,10597,No,,11783,,
RADDL4B-24-180,,,,,,,,Philippines,,,,,,,,,,,rabv_4b_2025_r10_run5,,29-May-25,RITM,,,Nanopore,rabvSEasia,Minion,FAZ08077,,Amplicon,barcode55,,Single_run,,9900,8995,428.0845625,432.254772,289.5,0,2416,11894,11893,11879,10755,No,,11794,,
RADDL4B-24-181,,,,,,,,Philippines,,,,,,,,,,,rabv_4b_2025_r10_run5,,29-May-25,RITM,,,Nanopore,rabvSEasia,Minion,FAZ08077,,Amplicon,barcode56,,Single_run,,37193,33947,1459.579031,1384.656563,950.5,0,6844,11897,11893,11886,11514,No,,11791,,
RADDL4B-24-182,,,,,,,,Philippines,,,,,,,,,,,rabv_4b_2025_r10_run5,,29-May-25,RITM,,,Nanopore,rabvSEasia,Minion,FAZ08077,,Amplicon,barcode57,,Single_run,,2124,1711,66.4389876,74.8329991,40,0,382,11680,11040,8765,2591,No,,5759,,
RADDL4B-24-183,,,,,,,,Philippines,,,,,,,,,,,rabv_4b_2025_r10_run5,,29-May-25,RITM,,,Nanopore,rabvSEasia,Minion,FAZ08077,,Amplicon,barcode58,,Single_run,,10689,9494,335.8346463,485.5517488,190,0,3007,11898,11597,11410,8693,No,,11126,,
RADDL4B-24-184,,,,,,,,Philippines,,,,,,,,,,,rabv_4b_2025_r10_run5,,29-May-25,RITM,,,Nanopore,rabvSEasia,Minion,FAZ08077,,Amplicon,barcode59,,Single_run,,9755,8254,323.2110292,316.7913143,229,0,1595,11887,11682,11509,9160,No,,11369,,
RADDL4B-24-185,,,,,,,,Philippines,,,,,,,,,,,rabv_4b_2025_r10_run5,,29-May-25,RITM,,,Nanopore,rabvSEasia,Minion,FAZ08077,,Amplicon,barcode60,,Single_run,,10981,9667,429.9861716,333.1311712,379,0,1810,11894,11892,11881,10507,No,,11783,,
RADDL4B-24-186,,,,,,,,Philippines,,,,,,,,,,,rabv_4b_2025_r10_run5,,29-May-25,RITM,,,Nanopore,rabvSEasia,Minion,FAZ08077,,Amplicon,barcode61,,Single_run,,10042,8743,356.4979048,289.9891857,316,0,1575,11790,11724,11640,9514,No,,11166,,
RADDL4B-24-187,,,,,,,,Philippines,,,,,,,,,,,rabv_4b_2025_r10_run5,,29-May-25,RITM,,,Nanopore,rabvSEasia,Minion,FAZ08077,,Amplicon,barcode62,,Single_run,,19373,17810,725.041066,565.647655,606,0,2867,11896,11893,11882,11134,No,,11796,,
RADDL4B-24-188,,,,,,,,Philippines,,,,,,,,,,,rabv_4b_2025_r10_run5,,29-May-25,RITM,,,Nanopore,rabvSEasia,Minion,FAZ08077,,Amplicon,barcode63,,Single_run,,12754,11425,565.3582803,443.4636208,495,0,2462,11893,11893,11881,10364,No,,11786,,
RADDL4B-25-005,,,,,,,,Philippines,,,,,,,,,,,rabv_4b_2025_r10_run5,,29-May-25,RITM,,,Nanopore,rabvSEasia,Minion,FAZ08077,,Amplicon,barcode64,,Single_run,,12109,10813,397.880238,441.833745,249,0,2504,11693,11682,11669,9843,No,,11380,,
RADDL4B-25-006,,,,,,,,Philippines,,,,,,,,,,,rabv_4b_2025_r10_run5,,29-May-25,RITM,,,Nanopore,rabvSEasia,Minion,FAZ08077,,Amplicon,barcode65,,Single_run,,14080,12691,476.8829199,573.649647,257,0,3010,11697,11695,11671,10573,No,,11379,,
RADDL4B-25-008,,,,,,,,Philippines,,,,,,,,,,,rabv_4b_2025_r10_run5,,29-May-25,RITM,,,Nanopore,rabvSEasia,Minion,FAZ08077,,Amplicon,barcode66,,Single_run,,10630,9060,356.1083641,398.0274817,270,0,2376,11893,11885,11677,9922,No,,11382,,
RADDL4B-25-009,,,,,,,,Philippines,,,,,,,,,,,rabv_4b_2025_r10_run5,,29-May-25,RITM,,,Nanopore,rabvSEasia,Minion,FAZ08077,,Amplicon,barcode67,,Single_run,,8213,7120,287.9882668,296.1742101,194,0,1451,11800,11682,11670,8747,No,,11112,,
RADDL4B-25-017,,,,,,,,Philippines,,,,,,,,,,,rabv_4b_2025_r10_run5,,29-May-25,RITM,,,Nanopore,rabvSEasia,Minion,FAZ08077,,Amplicon,barcode69,,Single_run,,24384,22488,878.1112135,1319.698079,404,0,7216,11893,11890,11886,11393,No,,11776,,
RADDL4B-24-147,,,,,,,,Philippines,,,,,,,,,,,rabv_4b_2025_r10_run4,,24-Mar-25,RITM,,,Nanopore,rabvSEasia,Minion,FAY28415,,Amplicon,barcode49,,Single_run,,3690,3416,147.8773885,172.9026938,96,0,982,11886,11883,11464,5798,No,,9608,,
RADDL4B-24-151,,,,,,,,Philippines,,,,,,,,,,,rabv_4b_2025_r10_run4,,24-Mar-25,RITM,,,Nanopore,rabvSEasia,Minion,FAY28415,,Amplicon,barcode52,,Single_run,,2969,2712,132.762655,140.9619085,90,0,745,11887,11884,11653,5218,No,,10911,,
RADDL4B-24-150,,,,,,,,Philippines,,,,,,,,,,,rabv_4b_2025_r10_run4,,24-Mar-25,RITM,,,Nanopore,rabvSEasia,Minion,FAY28415,,Amplicon,barcode51,,Single_run,,2469,2265,106.4259135,127.7957316,67,0,695,11886,11881,10789,4384,No,,9265,,
RADDL4B-24-148,,,,,,,,Philippines,,,,,,,,,,,rabv_4b_2025_r10_run4,,24-Mar-25,RITM,,,Nanopore,rabvSEasia,Minion,FAY28415,,Amplicon,barcode50,,Single_run,,1931,1822,88.8231646,115.4689646,53,0,674,11886,11881,11066,2614,No,,10185,,
RADDL4B-23-037,,,,,,,,Philippines,,,,,,,,,,,rabv_4b_2025_r10_run6,,3-Jul-25,RITM,,,Nanopore,rabvSEasia,Minion,FAY28401,,Amplicon,barcode25,,Single_run,,3914,3477,145.7794167,153.9687036,83,0,808,11891,11884,11439,5408,No,,10000,,
RADDL4B-23-089,,,,,,,,Philippines,,,,,,,,,,,rabv_4b_2025_r10_run6,,3-Jul-25,RITM,,,Nanopore,rabvSEasia,Minion,FAY28401,,Amplicon,barcode30,,Single_run,,11144,10162,431.1773383,487.1079294,264.5,0,2476,11902,11887,11859,10118,No,,11347,,
RADDL4B-23-091,,,,,,,,Philippines,,,,,,,,,,,rabv_4b_2025_r10_run6,,3-Jul-25,RITM,,,Nanopore,rabvSEasia,Minion,FAY28401,,Amplicon,barcode31,,Single_run,,4193,3640,151.0670466,172.9003904,75,0,946,11889,11885,11472,4951,No,,9772,,
RADDL4B-23-092,,,,,,,,Philippines,,,,,,,,,,,rabv_4b_2025_r10_run6,,3-Jul-25,RITM,,,Nanopore,rabvSEasia,Minion,FAY28401,,Amplicon,barcode32,,Single_run,,9588,9133,365.7771539,449.1011564,213,0,2270,11887,11886,11721,8784,No,,11344,,
RADDL4B-23-094,,,,,,,,Philippines,,,,,,,,,,,rabv_4b_2025_r10_run6,,3-Jul-25,RITM,,,Nanopore,rabvSEasia,Minion,FAY28401,,Amplicon,barcode33,,Single_run,,7468,7075,280.8203151,393.9743613,135,0,2073,11896,11882,11439,7571,No,,10914,,
RADDL4B-24-005,,,,,,,,Philippines,,,,,,,,,,,rabv_4b_2025_r10_run6,,3-Jul-25,RITM,,,Nanopore,rabvSEasia,Minion,FAY28401,,Amplicon,barcode35,,Single_run,,4057,3646,157.1515253,204.993752,98,0,1259,11889,11883,11507,5923,No,,9738,,
RADDL4B-24-007,,,,,,,,Philippines,,,,,,,,,,,rabv_4b_2025_r10_run6,,3-Jul-25,RITM,,,Nanopore,rabvSEasia,Minion,FAY28401,,Amplicon,barcode36,,Single_run,,16235,14828,594.1454073,724.880301,304,0,3481,11895,11886,11881,10791,No,,11577,,
RADDL4B-24-013,,,,,,,,Philippines,,,,,,,,,,,rabv_4b_2025_r10_run6,,3-Jul-25,RITM,,,Nanopore,rabvSEasia,Minion,FAY28401,,Amplicon,barcode37,,Single_run,,10241,9403,350.6740697,467.7431268,182,0,2416,11888,11885,11511,8082,No,,11340,,
RADDL4B-24-030,,,,,,,,Philippines,,,,,,,,,,,rabv_4b_2025_r10_run6,,3-Jul-25,RITM,,,Nanopore,rabvSEasia,Minion,FAY28401,,Amplicon,barcode38,,Single_run,,17832,16951,682.9067214,911.0343916,369,0,4702,11896,11887,11882,10930,No,,11783,,
RADDL4B-24-048,,,,,,,,Philippines,,,,,,,,,,,rabv_4b_2025_r10_run6,,3-Jul-25,RITM,,,Nanopore,rabvSEasia,Minion,FAY28401,,Amplicon,barcode39,,Single_run,,9234,8522,361.4364733,465.2007231,193,0,2495,11887,11883,11880,8659,No,,11333,,
RADDL4B-24-052,,,,,,,,Philippines,,,,,,,,,,,rabv_4b_2025_r10_run6,,3-Jul-25,RITM,,,Nanopore,rabvSEasia,Minion,FAY28401,,Amplicon,barcode40,,Single_run,,14386,13195,565.8188066,729.9890576,306.5,0,3620,11894,11886,11882,9783,No,,11793,,
RADDL4B-24-062,,,,,,,,Philippines,,,,,,,,,,,rabv_4b_2025_r10_run6,,3-Jul-25,RITM,,,Nanopore,rabvSEasia,Minion,FAY28401,,Amplicon,barcode41,,Single_run,,7039,6465,255.8261817,327.0085583,143,0,1594,11889,11885,11503,7233,No,,10769,,
RADDL4B-24-080,,,,,,,,Philippines,,,,,,,,,,,rabv_4b_2025_r10_run6,,3-Jul-25,RITM,,,Nanopore,rabvSEasia,Minion,FAY28401,,Amplicon,barcode42,,Single_run,,7138,6518,302.0790312,416.5559868,164,0,2669,11894,11885,11848,8810,No,,11580,,
RADDL4B-24-093,,,,,,,,Philippines,,,,,,,,,,,rabv_4b_2025_r10_run6,,3-Jul-25,RITM,,,Nanopore,rabvSEasia,Minion,FAY28401,,Amplicon,barcode43,,Single_run,,7559,7199,312.2142139,436.2329101,166,0,2503,11890,11886,11850,8153,No,,11794,,
RADDL4B-24-105,,,,,,,,Philippines,,,,,,,,,,,rabv_4b_2025_r10_run6,,3-Jul-25,RITM,,,Nanopore,rabvSEasia,Minion,FAY28401,,Amplicon,barcode45,,Single_run,,5153,4796,222.7593027,289.9279664,136,0,1757,11895,11883,11580,7351,No,,10635,,
RADDL4B-24-107,,,,,,,,Philippines,,,,,,,,,,,rabv_4b_2025_r10_run6,,3-Jul-25,RITM,,,Nanopore,rabvSEasia,Minion,FAY28401,,Amplicon,barcode46,,Single_run,,6030,5529,256.9092357,313.6388823,165,0,1770,11887,11883,11646,7700,No,,11339,,
RADDL4B-24-125,,,,,,,,Philippines,,,,,,,,,,,rabv_4b_2025_r10_run6,,3-Jul-25,RITM,,,Nanopore,rabvSEasia,Minion,FAY28401,,Amplicon,barcode49,,Single_run,,8259,7651,382.7361716,429.4233705,257,0,2572,11888,11886,11881,10625,No,,11779,,
RADDL4B-24-127,,,,,,,,Philippines,,,,,,,,,,,rabv_4b_2025_r10_run6,,3-Jul-25,RITM,,,Nanopore,rabvSEasia,Minion,FAY28401,,Amplicon,barcode50,,Single_run,,6711,6354,284.2085987,355.758561,177,0,1999,11886,11885,11845,8314,No,,11582,,
RADDL4B-24-161,,,,,,,,Philippines,,,,,,,,,,,rabv_4b_2025_r10_run6,,3-Jul-25,RITM,,,Nanopore,rabvSEasia,Minion,FAY28401,,Amplicon,barcode53,,Single_run,,4501,3991,163.9736004,168.5249885,107,0,830,11889,11886,11597,6312,No,,9991,,
RADDL4B-23-064,,,,,,,,Philippines,,,,,,,,,,,rabv_4b_2025_r10_run6,,3-Jul-25,RITM,,,Nanopore,rabvSEasia,Minion,FAY28401,,Amplicon,barcode26,,Single_run,,4781,4236,160.2914013,157.3518048,95,0,657,11888,11730,11319,5684,No,,9496,,
RADDL4B-23-065,,,,,,,,Philippines,,,,,,,,,,,rabv_4b_2025_r10_run6,,3-Jul-25,RITM,,,Nanopore,rabvSEasia,Minion,FAY28401,,Amplicon,barcode27,,Single_run,,1881,1639,65.36347637,80.23075565,37,0,405,11893,11688,8246,2146,No,,5776,,
RADDL4B-23-069,,,,,,,,Philippines,,,,,,,,,,,rabv_4b_2025_r10_run6,,3-Jul-25,RITM,,,Nanopore,rabvSEasia,Minion,FAY28401,,Amplicon,barcode28,,Single_run,,2220,1995,83.54307744,92.26238074,56,0,487,11887,11831,10305,2793,No,,8222,,
RADDL4B-23-084,,,,,,,,Philippines,,,,,,,,,,,rabv_4b_2025_r10_run6,,3-Jul-25,RITM,,,Nanopore,rabvSEasia,Minion,FAY28401,,Amplicon,barcode29,,Single_run,,3080,2713,128.2756453,139.1113849,77,0,805,11886,11881,10936,4561,No,,10106,,
RADDL4B-23-103,,,,,,,,Philippines,,,,,,,,,,,rabv_4b_2025_r10_run6,,3-Jul-25,RITM,,,Nanopore,rabvSEasia,Minion,FAY28401,,Amplicon,barcode55,,Single_run,,2452,2161,93.80766007,79.16113369,80,0,420,11886,11634,10111,4582,No,,8429,,
RADDL4B-23-107,,,,,,,,Philippines,,,,,,,,,,,rabv_4b_2025_r10_run6,,3-Jul-25,RITM,,,Nanopore,rabvSEasia,Minion,FAY28401,,Amplicon,barcode44,,Single_run,,2426,2129,114.7329869,123.7252639,79,0,791,11887,11880,10665,4881,No,,9355,,
RADDL4B-24-108,,,,,,,,Philippines,,,,,,,,,,,rabv_4b_2025_r10_run6,,3-Jul-25,RITM,,,Nanopore,rabvSEasia,Minion,FAY28401,,Amplicon,barcode47,,Single_run,,5614,5098,198.1816963,254.4957538,112,0,1172,11888,11886,11310,6828,No,,10099,,
RADDL4B-24-129,,,,,,,,Philippines,,,,,,,,,,,rabv_4b_2025_r10_run6,,3-Jul-25,RITM,,,Nanopore,rabvSEasia,Minion,FAY28401,,Amplicon,barcode51,,Single_run,,3571,3103,133.1999665,150.6434056,82,0,786,11886,11882,11000,5095,No,,8479,,
RADDL4B-24-132,,,,,,,,Philippines,,,,,,,,,,,rabv_4b_2025_r10_run6,,3-Jul-25,RITM,,,Nanopore,rabvSEasia,Minion,FAY28401,,Amplicon,barcode52,,Single_run,,1548,1314,63.3790647,66.00215534,37,0,317,11887,11707,8671,2343,No,,6860,,
RADDL4B-24-162,,,,,,,,Philippines,,,,,,,,,,,rabv_4b_2025_r10_run6,,3-Jul-25,RITM,,,Nanopore,rabvSEasia,Minion,FAY28401,,Amplicon,barcode54,,Single_run,,1757,1460,65.99312772,72.7515232,42,0,400,11884,11874,9469,1861,No,,6639,,
H24-007,,,,,,,,Philippines,,,,,,,,,,,rabv_4b_2024_R10_run1,,6-Nov-24,RITM,,,Nanopore,rabvSEasia,Minion,FAZ05583,,Amplicon,barcode09,,Single_run,,8813,8402,287.3079953,454.3651003,41,0,1951,11746,10661,7685,4789,No,,6837,,
H24-010,,,,,,,,Philippines,,,,,,,,,,,rabv_4b_2024_R10_run1,,6-Nov-24,RITM,,,Nanopore,rabvSEasia,Minion,FAZ05583,,Amplicon,barcode10,,Single_run,,10208,9797,332.8023802,849.4812755,50,0,4884,11886,11480,8902,3814,No,,6946,,
H24-028,,,,,,,,Philippines,,,,,,,,,,,rabv_4b_2024_R10_run1,,6-Nov-24,RITM,,,Nanopore,rabvSEasia,Minion,FAZ05583,,Amplicon,barcode11,,Single_run,,33714,29496,1100.77288,1538.046697,665,0,9626,11900,11834,11663,10725,No,,11407,,
H24-068,,,,,,,,Philippines,,,,,,,,,,,rabv_4b_2024_R10_run1,,6-Nov-24,RITM,,,Nanopore,rabvSEasia,Minion,FAZ05583,,Amplicon,barcode13,,Single_run,,48460,44847,1549.051877,2033.996145,473,0,8679,11894,11885,11328,8967,No,,10446,,
H17-001,,,,,,,,Philippines,,,,,,,,,,,RabV_4B_2025_R10_run3,,24-Mar-25,RITM,,,Nanopore,rabvSEasia,Minion,FAY28415,,Amplicon,barcode36,,Single_run,,1180,1061,39.76600738,55.42239619,13,0,271,11353,10502,4963,1464,No,,3554,,
H-21-002,,,,,,,,Philippines,,,,,,,,,,,rabv_4b_2025_r10_run4,,24-Mar-25,RITM,,,Nanopore,rabvSEasia,Minion,FAY28415,,Amplicon,barcode65,,Single_run,,1121,992,35.96287295,62.19283251,19,0,390,11513,10012,5758,450,No,,4148,,
H-21-005,,,,,,,,Philippines,,,,,,,,,,,rabv_4b_2025_r10_run4,,24-Mar-25,RITM,,,Nanopore,rabvSEasia,Minion,FAY28415,,Amplicon,barcode68,,Single_run,,2256,2071,72.40160912,136.395229,29,0,824,11501,10420,7563,2265,No,,5393,,
H-25-18-2,,,,,,,,Philippines,,,,,,,,,,,rabv_4b_2025_r10_run4,,24-Mar-25,RITM,,,Nanopore,rabvSEasia,Minion,FAY28415,,Amplicon,barcode67,,Single_run,,955,866,30.9389876,40.5471831,12,0,248,10764,9244,4914,546,No,,3626,,
Z-25-021,,,,,,,,Philippines,,,,,,,,,,,rabv_4b_2025_r10_run4,,24-Mar-25,RITM,,,Nanopore,rabvSEasia,Minion,FAY28415,,Amplicon,barcode57,,Single_run,,7692,7229,273.5600905,281.5470382,156,0,1264,11692,11246,10633,7517,No,,10368,,