sample_id,redcap_repeat_instrument,redcap_repeat_instance,redcap_data_access_group,sample_labid,sample_sequenceid,sample_batchid,apha_sub,apha_rv,sample_tissuetype,sample_buffer,country,hmpcr_n405,rtassay,rtqpcr,lateral_flow_test,fat,drit,diagnostic_result,test_centre,diag_notes,diagnostic_complete,ngs_runid,duplicate_id,ngs_rundate,ngs_location,ngs_provider,ngs_submission,ngs_platform,primer_scheme,nanopore_platform,ngs_flowcell,illumina_platform,ngs_prep,ngs_barcode,ngs_library,ngs_analysis_type,ngs_merged_from,total_reads,mapped_reads,mean_depth,stdev_depth,median_depth,minimum_reads,maximum_reads,genomecov_depthx1,genomecov_depthx5,genomecov_depthx20,genomecov_depthx100,genbank_accession,consensus_coverage,ngs_notes,sequencing_complete
RADDL1-16-154,sequencing,1,philippines,,,,,,,,,,,,,,,,,,,ritm_archive2-nb22,1,29-Mar-19,RITM,,,Nanopore,rabvSEasia,Minion,FAK63189,,Amplicon,NB04,,Single_run,,2643,2622,,,,,,11872.34,,11347.332,4760.868,MN726857,11553,,
RADDL1-16-154,,,philippines,28,RADDL1-16-154,,,,Brain,,Philippines,,,,,Positive,,Positive,RITM,,,,,,,,,,,,,,,,,,,,,,,,,,,,,,,,,
RADDL3-1038,sequencing,1,philippines,,,,,,,,,,,,,,,,,,,ritm_archive2-nb22,1,29-Mar-19,RITM,,,Nanopore,rabvSEasia,Minion,FAK63189,,Amplicon,NB03,,Single_run,,2203,2197,,,,,,11657.564,,10750.732,3138.116,MN726850,11653,,
RADDL3-1038,,,philippines,27,RADDL3-1038,,,,Brain,,Philippines,,,,,Positive,,Positive,RITM,,,,,,,,,,,,,,,,,,,,,,,,,,,,,,,,,
RADDL3-1045,sequencing,2,philippines,,,,,,,,,,,,,,,,,,,ritm_archive2-nb22,2,29-Mar-19,RITM,,,Nanopore,rabvSEasia,Minion,FAK63189,,Amplicon,NB02,,Single_run,,3804,3752,,,,,,11860.408,,11383.128,6848.968,MN726863,11653,,
RADDL3-1045,,,philippines,26,RADDL3-1045,,,,Brain,,Philippines,,,,,Positive,,Positive,RITM,,,,,,,,,,,,,,,,,,,,,,,,,,,,,,,,,
RADDL3-15-172,sequencing,2,philippines,,,,,,,,,,,,,,,,,,,ritm_archive2-nb22,2,29-Mar-19,RITM,,,Nanopore,rabvSEasia,Minion,FAK63189,,Amplicon,NB01,,Single_run,,2490,2476,,,,,,11872.34,,11454.72,6240.436,MN726859,11653,,
RADDL3-15-172,,,philippines,,,,,,,,,,,,,,,,,,,,,,,,,,,,,,,,,,,,,,,,,,,,,,,,,
RADDL3-845,sequencing,2,philippines,,,,,,,,,,,,,,,,,,,ritm_archive2-nb22,2,29-Mar-19,RITM,,,Nanopore,rabvSEasia,Minion,FAK63189,,Amplicon,NB06,,Single_run,,2157,2109,,,,,,11872.34,,11454.72,8185.352,MN726864,11653,,
RADDL3-845,,,philippines,31,RADDL3-845,,,,Brain,,Philippines,,,,,Positive,,Positive,RITM,,,,,,,,,,,,,,,,,,,,,,,,,,,,,,,,,
RADDL5-005,sequencing,2,philippines,,,,,,,,,,,,,,,,,,,ritm_archive2-nb22,2,29-Mar-19,RITM,,,Nanopore,rabvSEasia,Minion,FAK63189,,Amplicon,NB08,,Single_run,,2511,2488,,,,,,11860.408,,11657.564,5715.428,MN726877,11653,,
RADDL5-005,,,philippines,33,RADDL5-005,,,,Brain,,Philippines,,,,,Positive,,Positive,RITM,,,,,,,,,,,,,,,,,,,,,,,,,,,,,,,,,
REGION_5_2018-100,sequencing,1,philippines,,,,,,,,,,,,,,,,,,,workshop2,1,,RITM,,,Nanopore,rabvSEasia,Minion,,,Amplicon,NB07,,Single_run,,24217,24127,,,,,,11860.408,,11657.564,11430.856,MN726860,11653,workshop training,
REGION_5_2018-100,,,philippines,10,REGION_5_2018-100,,,,Brain,,Philippines,,,,,Positive,,Positive,RITM,,,,,,,,,,,,,,,,,,,,,,,,,,,,,,,,,
REGION_5_2018-304,sequencing,1,philippines,,,,,,,,,,,,,,,,,,,phl2,1,,RITM,,,Nanopore,rabvSEasia,Minion,,,Amplicon,NB13,,Single_run,,4055,4003,,,,,,11860.408,,11657.564,9020.592,MN726876,11653,,
REGION_5_2018-304,,,philippines,A5,REGION_5_2018-304,,,,Brain,,Philippines,,,,,,Positive,Positive,RITM,,,,,,,,,,,,,,,,,,,,,,,,,,,,,,,,,
REGION_5_2018-311,sequencing,1,philippines,,,,,,,,,,,,,,,,,,,phl2,1,,RITM,,,Nanopore,rabvSEasia,Minion,,,Amplicon,NB14,,Single_run,,2737,2691,,,,,,11812.68,,11657.564,7875.12,MN726875,11653,,
REGION_5_2018-311,,,philippines,A6,REGION_5_2018-311,,,,Brain,,Philippines,,,,,,Positive,Positive,RITM,,,,,,,,,,,,,,,,,,,,,,,,,,,,,,,,,
REGION_5_2018-50,sequencing,1,philippines,,,,,,,,,,,,,,,,,,,workshop2,1,,RITM,,,Nanopore,rabvSEasia,Minion,,,Amplicon,NB08,,Single_run,,32442,31865,,,,,,11872.34,,11657.564,11597.904,MN726852,11653,workshop training,
REGION_5_2018-50,,,philippines,14,REGION_5_2018-50,,,,Brain,,Philippines,,,,,Positive,,Positive,RITM,,,,,,,,,,,,,,,,,,,,,,,,,,,,,,,,,
REGION_5_2019-1,sequencing,1,philippines,,,,,,,,,,,,,,,,,,,workshop2,1,,RITM,,,Nanopore,rabvSEasia,Minion,,,Amplicon,NB06,,Single_run,,53435,53278,,,,,,11872.34,,11657.564,11657.564,MN726880,11653,workshop training,
REGION_5_2019-1,,,philippines,6,REGION_5_2019-1,,,,Brain,,Philippines,,,,,Positive,,Positive,RITM,,,,,,,,,,,,,,,,,,,,,,,,,,,,,,,,,
REGION_5_2019-13,sequencing,1,philippines,,,,,,,,,,,,,,,,,,,workshop2,1,,RITM,,,Nanopore,rabvSEasia,Minion,,,Amplicon,NB05,,Single_run,,18539,18457,,,,,,11860.408,,11657.564,11597.904,MN726842,11653,workshop training,
REGION_5_2019-13,,,philippines,3,REGION_5_2019-13,,,,Brain,,Philippines,,,,,Positive,,Positive,RITM,,,,,,,,,,,,,,,,,,,,,,,,,,,,,,,,,
Z-12-001,sequencing,1,philippines,,,,,,,,,,,,,,,,,,,ritm_archive2-nb22,1,29-Mar-19,RITM,,,Nanopore,rabvSEasia,Minion,FAK63189,,Amplicon,NB05,,Single_run,,1746,1725,,,,,,11860.408,,11454.72,5118.828,MN726845,11653,,
Z-12-001,,,philippines,30,Z-12-001,,,,Brain,,Philippines,,,,,Positive,,Positive,RITM,,,,,,,,,,,,,,,,,,,,,,,,,,,,,,,,,
Z-12-088,sequencing,1,philippines,,,,,,,,,,,,,,,,,,,ritm_archive2-nb22,1,29-Mar-19,RITM,,,Nanopore,rabvSEasia,Minion,FAK63189,,Amplicon,NB11,,Single_run,,2223,2197,,,,,,11860.408,,11597.904,6872.832,MN726843,11653,,
Z-12-088,,,philippines,37,Z-12-088,,,,Brain,,Philippines,,,,,Positive,,Positive,RITM,,,,,,,,,,,,,,,,,,,,,,,,,,,,,,,,,
Z-12-118,sequencing,1,philippines,,,,,,,,,,,,,,,,,,,ritm_archive2-nb22,1,29-Mar-19,RITM,,,Nanopore,rabvSEasia,Minion,FAK63189,,Amplicon,NB09,,Single_run,,2646,2624,,,,,,11872.34,,11049.032,4379.044,MN726856,11653,,
Z-12-118,,,philippines,35,Z-12-118,,,,Brain,,Philippines,,,,,Positive,,Positive,RITM,,,,,,,,,,,,,,,,,,,,,,,,,,,,,,,,,
Z-12-134,sequencing,1,philippines,,,,,,,,,,,,,,,,,,,ritm_archive1_NB24,1,29-Mar-19,RITM,,,Nanopore,rabvSEasia,Minion,FAK31415,,Amplicon,NB06,,Single_run,,27333,27322,,,,,,11872.34,,11263.808,11251.876,MN726874,11653,,
Z-12-134,,,philippines,54,Z-12-134,,,,Brain,,Philippines,,,,,Positive,,Positive,RITM,,,,,,,,,,,,,,,,,,,,,,,,,,,,,,,,,
Z-12-149,sequencing,2,philippines,,,,,,,,,,,,,,,,,,,ritm_archive2-nb22,2,29-Mar-19,RITM,,,Nanopore,rabvSEasia,Minion,FAK63189,,Amplicon,NB12,,Single_run,,2625,2587,,,,,,11860.408,,11430.856,6192.708,MN726853,11653,,
Z-12-149,,,philippines,38,Z-12-149,,,,Brain,,Philippines,,,,,Positive,,Positive,RITM,,,,,,,,,,,,,,,,,,,,,,,,,,,,,,,,,
Z-12-180,sequencing,1,philippines,,,,,,,,,,,,,,,,,,,ritm_archive1_NB24,1,29-Mar-19,RITM,,,Nanopore,rabvSEasia,Minion,FAK31415,,Amplicon,NB22,,Single_run,,247,247,,,,,,11251.876,,1801.732,0,,,,
Z-12-180,,,philippines,70,Z-12-180,,,,Brain,,Philippines,,,,,Positive,,Positive,RITM,,,,,,,,,,,,,,,,,,,,,,,,,,,,,,,,,
Z-12-212,sequencing,1,philippines,,,,,,,,,,,,,,,,,,,ritm_archive2-nb22,1,29-Mar-19,RITM,,,Nanopore,rabvSEasia,Minion,FAK63189,,Amplicon,NB10,,Single_run,,1548,1528,,,,,,11872.34,,11848.476,5214.284,MN726879,11863,,
Z-12-212,,,philippines,36,Z-12-212,,,,Brain,,Philippines,,,,,Positive,,Positive,RITM,,,,,,,,,,,,,,,,,,,,,,,,,,,,,,,,,
Z-13-002,sequencing,1,philippines,,,,,,,,,,,,,,,,,,,ritm_archive1_NB24,1,29-Mar-19,RITM,,,Nanopore,rabvSEasia,Minion,FAK31415,,Amplicon,NB14,,Single_run,,12309,12303,,,,,,11872.34,,11860.408,11168.352,MN726836,11863,,
Z-13-002,,,philippines,62,Z-13-002,,,,Brain,,Philippines,,,,,Positive,,Positive,RITM,,,,,,,,,,,,,,,,,,,,,,,,,,,,,,,,,
Z-13-009,sequencing,1,philippines,,,,,,,,,,,,,,,,,,,ritm_archive1_NB24,1,29-Mar-19,RITM,,,Nanopore,rabvSEasia,Minion,FAK31415,,Amplicon,NB13,,Single_run,,14905,14871,,,,,,11800.748,,11657.564,11418.924,MN726837,11653,,
Z-13-009,,,philippines,61,Z-13-009,,,,Brain,,Philippines,,,,,Positive,,Positive,RITM,,,,,,,,,,,,,,,,,,,,,,,,,,,,,,,,,
Z-13-011,sequencing,1,philippines,,,,,,,,,,,,,,,,,,,ritm_archive1_NB24,1,29-Mar-19,RITM,,,Nanopore,rabvSEasia,Minion,FAK31415,,Amplicon,NB18,,Single_run,,327,326,,,,,,11645.632,,3770.512,0,,,,
Z-13-011,,,philippines,66,Z-13-011,,,,Brain,,Philippines,,,,,Positive,,Positive,RITM,,,,,,,,,,,,,,,,,,,,,,,,,,,,,,,,,
Z-13-032,sequencing,2,philippines,,,,,,,,,,,,,,,,,,,ritm_archive1_NB24,2,29-Mar-19,RITM,,,Nanopore,rabvSEasia,Minion,FAK31415,,Amplicon,NB16,,Single_run,,11393,11378,,,,,,11872.34,,11657.564,11430.856,MN726862,11653,,
Z-13-032,,,philippines,64,Z-13-032,,,,Brain,,Philippines,,,,,Positive,,Positive,RITM,,,,,,,,,,,,,,,,,,,,,,,,,,,,,,,,,
Z-13-066,sequencing,3,philippines,,,,,,,,,,,,,,,,,,,ritm_archive1_NB24,3,29-Mar-19,RITM,,,Nanopore,rabvSEasia,Minion,FAK31415,,Amplicon,NB17,,Single_run,,682,679,,,,,,11812.68,,8233.08,0,MN726878,11000,,
Z-13-066,,,philippines,65,Z-13-066,,,,Brain,,Philippines,,,,,Positive,,Positive,RITM,,,,,,,,,,,,,,,,,,,,,,,,,,,,,,,,,
Z-13-071,sequencing,2,philippines,,,,,,,,,,,,,,,,,,,ritm_archive1_NB24,2,29-Mar-19,RITM,,,Nanopore,rabvSEasia,Minion,FAK31415,,Amplicon,NB12,,Single_run,,4817,4806,,,,,,11872.34,,11442.788,10583.684,MN726871,11653,,
Z-13-071,,,philippines,60,Z-13-071,,,,Brain,,Philippines,,,,,Positive,,Positive,RITM,,,,,,,,,,,,,,,,,,,,,,,,,,,,,,,,,
Z-13-094,sequencing,2,philippines,,,,,,,,,,,,,,,,,,,ritm_archive1_NB24,2,29-Mar-19,RITM,,,Nanopore,rabvSEasia,Minion,FAK31415,,Amplicon,NB15,,Single_run,,7209,7205,,,,,,11872.34,,11406.992,10798.46,MN726838,11653,,
Z-13-094,,,philippines,63,Z-13-094,,,,Brain,,Philippines,,,,,Positive,,Positive,RITM,,,,,,,,,,,,,,,,,,,,,,,,,,,,,,,,,
Z-13-096,sequencing,2,philippines,,,,,,,,,,,,,,,,,,,ritm_archive1_NB24,2,29-Mar-19,RITM,,,Nanopore,rabvSEasia,Minion,FAK31415,,Amplicon,NB08,,Single_run,,19170,19048,,,,,,11872.34,,11657.564,11645.632,MN726869,11653,,
Z-13-096,,,philippines,56,Z-13-096,,,,Brain,,Philippines,,,,,Positive,,Positive,RITM,,,,,,,,,,,,,,,,,,,,,,,,,,,,,,,,,
Z-14-033,sequencing,2,philippines,,,,,,,,,,,,,,,,,,,ritm_archive2-nb22,2,29-Mar-19,RITM,,,Nanopore,rabvSEasia,Minion,FAK63189,,Amplicon,NB18,,Single_run,,2143,2125,,,,,,11872.34,,10917.78,3460.28,MN726844,11653,,
Z-14-033,,,philippines,44,Z-14-033,,,,Brain,,Philippines,,,,,Positive,,Positive,RITM,,,,,,,,,,,,,,,,,,,,,,,,,,,,,,,,,
Z-14-136,sequencing,3,philippines,,,,,,,,,,,,,,,,,,,ritm_archive1_NB24,3,29-Mar-19,RITM,,,Nanopore,rabvSEasia,Minion,FAK31415,,Amplicon,NB01,,Single_run,,6370,6368,,,,,,11872.34,,11216.08,8770.02,MN726865,11653,,
Z-14-136,,,philippines,49,Z-14-136,,,,Brain,,Philippines,,,,,Positive,,Positive,RITM,,,,,,,,,,,,,,,,,,,,,,,,,,,,,,,,,
Z-14-138,sequencing,1,philippines,,,,,,,,,,,,,,,,,,,ritm_archive1_NB24,1,29-Mar-19,RITM,,,Nanopore,rabvSEasia,Minion,FAK31415,,Amplicon,NB02,,Single_run,,13434,13423,,,,,,11872.34,,11812.68,11239.944,MN726866,11765,,
Z-14-138,,,philippines,50,Z-14-138,,,,Brain,,Philippines,,,,,Positive,,Positive,RITM,,,,,,,,,,,,,,,,,,,,,,,,,,,,,,,,,
Z-14-146,sequencing,1,philippines,,,,,,,,,,,,,,,,,,,ritm_archive1_NB24,1,29-Mar-19,RITM,,,Nanopore,rabvSEasia,Minion,FAK31415,,Amplicon,NB03,,Single_run,,5579,5566,,,,,,11872.34,,11633.7,9187.64,MN726841,11863,,
Z-14-146,,,philippines,51,Z-14-146,,,,Brain,,Philippines,,,,,Positive,,Positive,RITM,,,,,,,,,,,,,,,,,,,,,,,,,,,,,,,,,
Z-14-149,sequencing,1,philippines,,,,,,,,,,,,,,,,,,,ritm_archive2-nb22,1,29-Mar-19,RITM,,,Nanopore,rabvSEasia,Minion,FAK63189,,Amplicon,NB20,,Single_run,,3926,3870,,,,,,11872.34,,10881.984,6168.844,MN726870,11863,,
Z-14-149,,,philippines,46,Z-14-149,,,,Brain,,Philippines,,,,,Positive,,Positive,RITM,,,,,,,,,,,,,,,,,,,,,,,,,,,,,,,,,
Z-14-182,sequencing,2,philippines,,,,,,,,,,,,,,,,,,,ritm_archive1_NB24,2,29-Mar-19,RITM,,,Nanopore,rabvSEasia,Minion,FAK31415,,Amplicon,NB19,,Single_run,,334,333,,,,,,11430.856,,3185.844,0,,,,
Z-14-182,,,philippines,67,Z-14-182,,,,Brain,,Philippines,,,,,Positive,,Positive,RITM,,,,,,,,,,,,,,,,,,,,,,,,,,,,,,,,,
Z-15-001,sequencing,2,philippines,,,,,,,,,,,,,,,,,,,ritm_archive1_NB24,2,29-Mar-19,RITM,,,Nanopore,rabvSEasia,Minion,FAK31415,,Amplicon,NB07,,Single_run,,10202,10189,,,,,,11872.34,,11657.564,11430.856,MN726846,11653,,
Z-15-001,,,philippines,55,Z-15-001,,,,Brain,,Philippines,,,,,Positive,,Positive,RITM,,,,,,,,,,,,,,,,,,,,,,,,,,,,,,,,,
Z-15-012,sequencing,1,philippines,,,,,,,,,,,,,,,,,,,ritm_archive1_NB24,1,29-Mar-19,RITM,,,Nanopore,rabvSEasia,Minion,FAK31415,,Amplicon,NB20,,Single_run,,353,351,,,,,,11657.564,,4128.472,0,,,,
Z-15-012,,,philippines,68,Z-15-012,,,,Brain,,Philippines,,,,,Positive,,Positive,RITM,,,,,,,,,,,,,,,,,,,,,,,,,,,,,,,,,
Z-15-019,sequencing,1,philippines,,,,,,,,,,,,,,,,,,,ritm_archive1_NB24,1,29-Mar-19,RITM,,,Nanopore,rabvSEasia,Minion,FAK31415,,Amplicon,NB05,,Single_run,,13535,13523,,,,,,11872.34,,11836.544,11239.944,MN726861,11791,,
Z-15-019,,,philippines,53,Z-15-019,,,,Brain,,Philippines,,,,,Positive,,Positive,RITM,,,,,,,,,,,,,,,,,,,,,,,,,,,,,,,,,
Z-15-116,sequencing,1,philippines,,,,,,,,,,,,,,,,,,,ritm_archive1_NB24,1,29-Mar-19,RITM,,,Nanopore,rabvSEasia,Minion,FAK31415,,Amplicon,NB04,,Single_run,,25265,25237,,,,,,11872.34,,11860.408,11657.564,MN726839,11863,,
Z-15-116,,,philippines,52,Z-15-116,,,,Brain,,Philippines,,,,,Positive,,Positive,RITM,,,,,,,,,,,,,,,,,,,,,,,,,,,,,,,,,
Z-15-119,sequencing,1,philippines,,,,,,,,,,,,,,,,,,,ritm_archive1_NB24,1,29-Mar-19,RITM,,,Nanopore,rabvSEasia,Minion,FAK31415,,Amplicon,NB23,,Single_run,,469,468,,,,,,11657.564,,5977.932,0,,,,
Z-15-119,,,philippines,71,Z-15-119,,,,Brain,,Philippines,,,,,Positive,,Positive,RITM,,,,,,,,,,,,,,,,,,,,,,,,,,,,,,,,,
Z-15-130,sequencing,1,philippines,,,,,,,,,,,,,,,,,,,ritm_archive1_NB24,1,29-Mar-19,RITM,,,Nanopore,rabvSEasia,Minion,FAK31415,,Amplicon,NB09,,Single_run,,5160,5153,,,,,,11872.34,,11430.856,8650.7,MN726881,11653,,
Z-15-130,,,philippines,57,Z-15-130,,,,Brain,,Philippines,,,,,Positive,,Positive,RITM,,,,,,,,,,,,,,,,,,,,,,,,,,,,,,,,,
Z-15-148,sequencing,1,philippines,,,,,,,,,,,,,,,,,,,ritm_archive2-nb22,1,29-Mar-19,RITM,,,Nanopore,rabvSEasia,Minion,FAK63189,,Amplicon,NB21,,Single_run,,2321,2298,,,,,,11872.34,,11418.924,3961.424,MN726840,11653,,
Z-15-148,,,philippines,47,Z-15-148,,,,Brain,,Philippines,,,,,Positive,,Positive,RITM,,,,,,,,,,,,,,,,,,,,,,,,,,,,,,,,,
Z-16-013,sequencing,1,philippines,,,,,,,,,,,,,,,,,,,ritm_archive1_NB24,1,29-Mar-19,RITM,,,Nanopore,rabvSEasia,Minion,FAK31415,,Amplicon,NB10,,Single_run,,5421,5367,,,,,,11812.68,,11430.856,8841.612,MN726848,11653,,
Z-16-013,,,philippines,58,Z-16-013,,,,Brain,,Philippines,,,,,Positive,,Positive,RITM,,,,,,,,,,,,,,,,,,,,,,,,,,,,,,,,,
Z-16-052,sequencing,1,philippines,,,,,,,,,,,,,,,,,,,ritm_archive1_NB24,1,29-Mar-19,RITM,,,Nanopore,rabvSEasia,Minion,FAK31415,,Amplicon,NB21,,Single_run,,302,302,,,,,,11395.06,,3138.116,0,,,,
Z-16-052,,,philippines,69,Z-16-052,,,,Brain,,Philippines,,,,,Positive,,Positive,RITM,,,,,,,,,,,,,,,,,,,,,,,,,,,,,,,,,
Z-16-082,sequencing,2,philippines,,,,,,,,,,,,,,,,,,,ritm_archive2-nb22,2,29-Mar-19,RITM,,,Nanopore,rabvSEasia,Minion,FAK63189,,Amplicon,NB19,,Single_run,,2209,2156,,,,,,11848.476,,11478.584,4880.188,MN726868,11653,,
Z-16-082,,,philippines,45,Z-16-082,,,,Brain,,Philippines,,,,,Positive,,Positive,RITM,,,,,,,,,,,,,,,,,,,,,,,,,,,,,,,,,
Z-16-159,sequencing,1,philippines,,,,,,,,,,,,,,,,,,,ritm_archive2-nb22,1,29-Mar-19,RITM,,,Nanopore,rabvSEasia,Minion,FAK63189,,Amplicon,NB16,,Single_run,,3379,3326,,,,,,11872.34,,11478.584,7135.336,MN726855,11653,,
Z-16-159,,,philippines,42,Z-16-159,,,,Brain,,Philippines,,,,,Positive,,Positive,RITM,,,,,,,,,,,,,,,,,,,,,,,,,,,,,,,,,
Z-16-186,sequencing,1,philippines,,,,,,,,,,,,,,,,,,,ritm_archive2-nb22,1,29-Mar-19,RITM,,,Nanopore,rabvSEasia,Minion,FAK63189,,Amplicon,NB17,,Single_run,,2844,2813,,,,,,11872.34,,11466.652,5763.156,MN726858,11653,,
Z-16-186,,,philippines,43,Z-16-186,,,,Brain,,Philippines,,,,,Positive,,Positive,RITM,,,,,,,,,,,,,,,,,,,,,,,,,,,,,,,,,
Z-16-209,sequencing,2,philippines,,,,,,,,,,,,,,,,,,,ritm_archive2-nb22,2,29-Mar-19,RITM,,,Nanopore,rabvSEasia,Minion,FAK63189,,Amplicon,NB07,,Single_run,,3522,3446,,,,,,11872.34,,9808.104,5154.624,MN726872,11863,,
Z-16-209,,,philippines,32,Z-16-209,,,,Brain,,Philippines,,,,,Positive,,Positive,RITM,,,,,,,,,,,,,,,,,,,,,,,,,,,,,,,,,
Z-16-210,sequencing,2,philippines,,,,,,,,,,,,,,,,,,,ritm_archive1_NB24,2,29-Mar-19,RITM,,,Nanopore,rabvSEasia,Minion,FAK31415,,Amplicon,NB11,,Single_run,,8321,8306,,,,,,11872.34,,11657.564,11060.964,MN726847,11653,,
Z-16-210,,,philippines,59,Z-16-210,,,,Brain,,Philippines,,,,,Positive,,Positive,RITM,,,,,,,,,,,,,,,,,,,,,,,,,,,,,,,,,
Z-16-211,sequencing,2,philippines,,,,,,,,,,,,,,,,,,,ritm_archive2-nb22,2,29-Mar-19,RITM,,,Nanopore,rabvSEasia,Minion,FAK63189,,Amplicon,NB15,,Single_run,,3533,3503,,,,,,11872.34,,11645.632,7302.384,MN726882,11653,,
Z-16-211,,,philippines,41,Z-16-211,,,,Brain,,Philippines,,,,,Positive,,Positive,RITM,,,,,,,,,,,,,,,,,,,,,,,,,,,,,,,,,
Z12-012,sequencing,1,philippines,,,,,,,,,,,,,,,,,,,workshop2,1,,RITM,,,Nanopore,rabvSEasia,Minion,,,Amplicon,NB03,,Single_run,,5687,5593,,,,,,11860.408,,11478.584,10345.044,MN726867,11653,workshop training,
Z12-012,,,philippines,75,Z12-012,,,,Brain,,Philippines,,,,,Positive,,Positive,RITM,,,,,,,,,,,,,,,,,,,,,,,,,,,,,,,,,
Z14-142,sequencing,1,philippines,,,,,,,,,,,,,,,,,,,workshop2,1,,RITM,,,Nanopore,rabvSEasia,Minion,,,Amplicon,NB02,,Single_run,,58828,58658,,,,,,11872.34,,11657.564,11633.7,MN726851,11653,workshop training,
Z14-142,,,philippines,74,Z14-142,,,,Brain,,Philippines,,,,,Positive,,Positive,RITM,,,,,,,,,,,,,,,,,,,,,,,,,,,,,,,,,
Z14-152,sequencing,1,philippines,,,,,,,,,,,,,,,,,,,workshop2,1,,RITM,,,Nanopore,rabvSEasia,Minion,,,Amplicon,NB01,,Single_run,,375319,374887,,,,,,11872.34,,11872.34,11585.972,MN726873,11863,workshop training,
Z14-152,,,philippines,73,Z14-152,,,,Brain,,Philippines,,,,,Positive,,Positive,RITM,,,,,,,,,,,,,,,,,,,,,,,,,,,,,,,,,
Z15-185,sequencing,1,philippines,,,,,,,,,,,,,,,,,,,workshop2,1,,RITM,,,Nanopore,rabvSEasia,Minion,,,Amplicon,NB04,,Single_run,,35010,34799,,,,,,11872.34,,11741.088,11478.584,MN726854,11737,workshop training,
Z15-185,,,philippines,76,Z15-185,,,,Brain,,Philippines,,,,,Positive,,Positive,RITM,,,,,,,,,,,,,,,,,,,,,,,,,,,,,,,,,