sample_id,redcap_repeat_instrument,redcap_repeat_instance,sample_labid,sample_sequenceid,sample_batchid,apha_sub,apha_rv,hmpcr_n405,rtqpcr,lateral_flow_test,diag_notes,test_centre,diagnostic_result,sample_tissuetype,sample_buffer,ngs_provider,ngs_runid,ngs_rundate,ngs_platform,ngs_submission,ngs_flowcell,ngs_prep,ngs_barcode,total_reads,mapped_reads,mean_depth,stdev_depth,median_depth,minimum_reads,maximum_reads,genomecov_depthx1,genomecov_depthx5,genomecov_depthx20,genomecov_depthx100,consensus_coverage,ngs_notes,duplicate_id,genbank_accession,country,ngs_library,ngs_location,rtassay,nanopore_platform,illumina_platform
02196160414A,diagnostic,1,17,17,,,,,,0,DRIT,4,Positive,1,3,,,,,,,,,,,,,,,,,,,,,,,,1,,,,,
2010818843,diagnostic,1,3,3,,,,,,0,DRIT,4,Positive,1,3,,,,,,,,,,,,,,,,,,,,,,,,1,,,,,
2011100075,diagnostic,1,18,18,,,,,,0,DRIT,4,Positive,1,3,,,,,,,,,,,,,,,,,,,,,,,,1,,,,,
2011100176,diagnostic,1,15,15,,,,,,0,DRIT,4,Positive,1,3,,,,,,,,,,,,,,,,,,,,,,,,1,,,,,
2011100179,diagnostic,1,6,6,,,,,,0,DRIT,4,Positive,1,3,,,,,,,,,,,,,,,,,,,,,,,,1,,,,,
2011100186,diagnostic,1,9,9,,,,,,0,DRIT,4,Positive,1,3,,,,,,,,,,,,,,,,,,,,,,,,1,,,,,
2021153276,diagnostic,1,45,45,,,,,,0,,4,,1,3,,,,,,,,,,,,,,,,,,,,,,,,1,,,,,
AR02,diagnostic,1,6,6,,,,,,0,KCRI,5,,1,3,,,,,,,,,,,,,,,,,,,,,,,,0,,,,,
AR03,diagnostic,1,7,7,,,,,,0,KCRI,5,,1,3,,,,,,,,,,,,,,,,,,,,,,,,0,,,,,
HB002,diagnostic,1,Human_brain,3,,,,,,0,KCRI,5,,1,3,,,,,,,,,,,,,,,,,,,,,,,,0,,,,,
HS001,diagnostic,1,9,9,,,,,,0,KCRI,5,Negative,3,3,,,,,,,,,,,,,,,,,,,,,,,,0,,,,,
HS001,diagnostic,2,Human_saliva,10,,,,,,0,KCRI,5,,2,3,,,,,,,,,,,,,,,,,,,,,,,,0,,,,,
HS001,diagnostic,3,9,9,,,,,,0,KCRI,5,Negative,3,3,,,,,,,,,,,,,,,,,,,,,,,,0,,,,,
HS002,diagnostic,1,10,10,,,,,,0,KCRI,5,Negative,1,3,,,,,,,,,,,,,,,,,,,,,,,,0,,,,,
HS002,diagnostic,2,10,10,,,,,,0,KCRI,5,Negative,1,3,,,,,,,,,,,,,,,,,,,,,,,,0,,,,,
HS003,diagnostic,1,11,11,,,,,,0,KCRI,5,Negative,4,3,,,,,,,,,,,,,,,,,,,,,,,,0,,,,,
HS003,diagnostic,2,11,11,,,,,,0,KCRI,5,Negative,4,3,,,,,,,,,,,,,,,,,,,,,,,,0,,,,,
IFA1013,diagnostic,1,23,23,,,,,,0,KCRI,5,,1,1,,,,,,,,,,,,,,,,,,,,,,,,0,,,,,
IFA1021,diagnostic,1,27,27,,,,,,0,KCRI,5,,1,1,,,,,,,,,,,,,,,,,,,,,,,,0,,,,,
IFA1023,diagnostic,1,29,29,,,,,,0,KCRI,5,,1,1,,,,,,,,,,,,,,,,,,,,,,,,0,,,,,
KD1004,diagnostic,1,17,17,,,,,,0,KCRI,5,,1,1,,,,,,,,,,,,,,,,,,,,,,,,0,,,,,
KIL1022,diagnostic,1,30,30,,,,,,0,KCRI,5,,1,1,,,,,,,,,,,,,,,,,,,,,,,,0,,,,,
LN001,diagnostic,1,10,10,,,,,,0,KCRI,5,,1,3,,,,,,,,,,,,,,,,,,,,,,,,0,,,,,
LN002,diagnostic,1,17,17,,,,,,0,KCRI,5,,1,3,,,,,,,,,,,,,,,,,,,,,,,,0,,,,,
LN003,diagnostic,1,18,18,,,,,,0,KCRI,5,,1,3,,,,,,,,,,,,,,,,,,,,,,,,0,,,,,
LN004,diagnostic,1,19,19,,,,,,0,KCRI,5,,1,3,,,,,,,,,,,,,,,,,,,,,,,,0,,,,,
LN006,diagnostic,1,20,20,,,,,,0,KCRI,5,,1,3,,,,,,,,,,,,,,,,,,,,,,,,0,,,,,
LN007,diagnostic,1,21,21,,,,,,0,KCRI,5,,1,3,,,,,,,,,,,,,,,,,,,,,,,,0,,,,,
Lunascript,diagnostic,1,24,24,,,,,,1,KCRI,5,,4,3,,,,,,,,,,,,,,,,,,,,,,,,0,,,,,
MAL1008,diagnostic,1,16,16,,,,,,0,KCRI,5,,1,1,,,,,,,,,,,,,,,,,,,,,,,,0,,,,,
MAL1009,diagnostic,1,15,15,,,,,,0,KCRI,5,,1,1,,,,,,,,,,,,,,,,,,,,,,,,0,,,,,
MAL1020,diagnostic,1,25,25,,,,,,0,KCRI,5,,1,1,,,,,,,,,,,,,,,,,,,,,,,,0,,,,,
MAS1016,diagnostic,1,24,24,,,,,,0,KCRI,5,,1,1,,,,,,,,,,,,,,,,,,,,,,,,0,,,,,
MORDC1011,diagnostic,1,22,22,,,,,,0,KCRI,5,,1,1,,,,,,,,,,,,,,,,,,,,,,,,0,,,,,
MR001,diagnostic,1,8,8,,,,,,0,KCRI,5,,1,3,,,,,,,,,,,,,,,,,,,,,,,,0,,,,,
MR002,diagnostic,1,9,9,,,,,,0,KCRI,5,,1,3,,,,,,,,,,,,,,,,,,,,,,,,0,,,,,
MR003,diagnostic,1,11,11,,,,,,0,KCRI,5,,1,3,,,,,,,,,,,,,,,,,,,,,,,,0,,,,,
MR004,diagnostic,1,12,12,,,,,,0,KCRI,5,,1,3,,,,,,,,,,,,,,,,,,,,,,,,0,,,,,
MR005,diagnostic,1,14,14,,,,,,0,KCRI,5,,1,3,,,,,,,,,,,,,,,,,,,,,,,,0,,,,,
MR006,diagnostic,1,15,15,,,,,,0,KCRI,5,,1,3,,,,,,,,,,,,,,,,,,,,,,,,0,,,,,
MR007,diagnostic,1,16,16,,,,,,0,KCRI,5,,1,3,,,,,,,,,,,,,,,,,,,,,,,,0,,,,,
MR008,diagnostic,1,3,Malinyi (MR008),,,,,,0,KCRI,5,Positive,1,1,,,,,,,,,,,,,,,,,,,,,,,,0,,,,,
MR008,diagnostic,2,11,11,,,,,,0,KCRI,5,,1,1,,,,,,,,,,,,,,,,,,,,,,,,0,,,,,
MR008,diagnostic,3,3,Malinyi (MR008),,,,,,0,KCRI,5,Positive,1,1,,,,,,,,,,,,,,,,,,,,,,,,0,,,,,
MR009,diagnostic,1,12,12,,,,,,0,KCRI,5,Positive,1,1,,,,,,,,,,,,,,,,,,,,,,,,0,,,,,
MR009,diagnostic,2,1,1,,,,,,0,KCRI,5,,1,1,,,,,,,,,,,,,,,,,,,,,,,,0,,,,,
MR009,diagnostic,3,12,12,,,,,,0,KCRI,5,Positive,1,1,,,,,,,,,,,,,,,,,,,,,,,,0,,,,,
MT001,diagnostic,1,13,13,,,,,,0,KCRI,5,,1,3,,,,,,,,,,,,,,,,,,,,,,,,0,,,,,
MT004,diagnostic,1,22,22,,,,,,0,KCRI,5,,1,3,,,,,,,,,,,,,,,,,,,,,,,,0,,,,,
MT005,diagnostic,1,23,23,,,,,,0,KCRI,5,,1,3,,,,,,,,,,,,,,,,,,,,,,,,0,,,,,
MT006,diagnostic,1,6,Mtwara R (MT006),,,,,,0,KCRI,5,Positive,1,1,,,,,,,,,,,,,,,,,,,,,,,,0,,,,,
MT006,diagnostic,2,14,14,,,,,,0,KCRI,5,,1,1,,,,,,,,,,,,,,,,,,,,,,,,0,,,,,
MT006,diagnostic,3,6,Mtwara R (MT006),,,,,,0,KCRI,5,Positive,1,1,,,,,,,,,,,,,,,,,,,,,,,,0,,,,,
NAC1014,diagnostic,1,28,28,,,,,,0,KCRI,5,,1,1,,,,,,,,,,,,,,,,,,,,,,,,0,,,,,
NAC1015,diagnostic,1,26,26,,,,,,0,KCRI,5,,1,1,,,,,,,,,,,,,,,,,,,,,,,,0,,,,,
NAC1017,diagnostic,1,18,18,,,,,,0,KCRI,5,,1,1,,,,,,,,,,,,,,,,,,,,,,,,0,,,,,
NAC1018,diagnostic,1,19,19,,,,,,0,KCRI,5,,1,1,,,,,,,,,,,,,,,,,,,,,,,,0,,,,,
NAC1025,diagnostic,1,21,21,,,,,,0,KCRI,5,,1,1,,,,,,,,,,,,,,,,,,,,,,,,0,,,,,
NC_KCRI_12_November_2021,diagnostic,1,22,22,,,,,,1,KCRI,5,,4,3,,,,,,,,,,,,,,,,,,,,,,,,0,,,,,
NC_KCRI_21_Nov_2022,diagnostic,1,31,31,,,,,,1,KCRI,5,,4,3,,,,,,,,,,,,,,,,,,,,,,,,0,,,,,
NC_KCRI_RABV_10_March_2022,diagnostic,1,24,24,,,,,,1,KCRI,5,,4,3,,,,,,,,,,,,,,,,,,,,,,,,0,,,,,
NC_KCRI_Training_21_04_2021,diagnostic,1,2,2,,,,,,1,KCRI,5,,4,3,,,,,,,,,,,,,,,,,,,,,,,,0,,,,,
NC_Kenya_06_Dec_2021,diagnostic,1,21,21,,,,,,1,,4,,4,3,,,,,,,,,,,,,,,,,,,,,,,,1,,,,,
NC_Kenya_08_Dec_2021,diagnostic,1,42,42,,,,,,1,,4,,4,3,,,,,,,,,,,,,,,,,,,,,,,,1,,,,,
NC_NIMAIST_6th_sept_2019,diagnostic,1,12,12,,,,,,1,NMAIST,5,,4,3,,,,,,,,,,,,,,,,,,,,,,,,0,,,,,
NC_UNITID_31_01_2022,diagnostic,1,16,16,,,,,,1,,4,,4,3,,,,,,,,,,,,,,,,,,,,,,,,1,,,,,
NC_unitid_14_09_2022,diagnostic,1,46,46,,,,,,1,,4,,4,3,,,,,,,,,,,,,,,,,,,,,,,,1,,,,,
NC_unitid_7th_Aug_2019,diagnostic,1,22,22,,,,,,1,,4,,4,3,,,,,,,,,,,,,,,,,,,,,,,,1,,,,,
RB001,diagnostic,1,7,7,,,,,,0,KCRI,5,Positive,1,1,,,,,,,,,,,,,,,,,,,,,,,,0,,,,,
RB001,diagnostic,2,10,10,,,,,,0,KCRI,5,,1,1,,,,,,,,,,,,,,,,,,,,,,,,0,,,,,
RB001,diagnostic,3,7,7,,,,,,0,KCRI,5,Positive,1,1,,,,,,,,,,,,,,,,,,,,,,,,0,,,,,
RB002,diagnostic,1,4,Mbingu- dog (RB002),,,,,,0,KCRI,5,Positive,1,1,,,,,,,,,,,,,,,,,,,,,,,,0,,,,,
RB002,diagnostic,2,12,12,,,,,,0,KCRI,5,,1,1,,,,,,,,,,,,,,,,,,,,,,,,0,,,,,
RB002,diagnostic,3,4,Mbingu- dog (RB002),,,,,,0,KCRI,5,Positive,1,1,,,,,,,,,,,,,,,,,,,,,,,,0,,,,,
RB003,diagnostic,1,5,Mbingu-Bovine (RB003),,,,,,0,KCRI,5,Positive,1,1,,,,,,,,,,,,,,,,,,,,,,,,0,,,,,
RB003,diagnostic,2,13,13,,,,,,0,KCRI,5,,1,1,,,,,,,,,,,,,,,,,,,,,,,,0,,,,,
RB003,diagnostic,3,5,Mbingu-Bovine (RB003),,,,,,0,KCRI,5,Positive,1,1,,,,,,,,,,,,,,,,,,,,,,,,0,,,,,
RB004,diagnostic,1,8,Arusha (RB004),,,,,,0,KCRI,5,Positive,1,1,,,,,,,,,,,,,,,,,,,,,,,,0,,,,,
RB004,diagnostic,2,7,NCAA/RB004,,,,,,0,KCRI,5,,1,1,,,,,,,,,,,,,,,,,,,,,,,,0,,,,,
RB004,diagnostic,3,8,Arusha (RB004),,,,,,0,KCRI,5,Positive,1,1,,,,,,,,,,,,,,,,,,,,,,,,0,,,,,
SD712,diagnostic,1,23,23,,,,,,0,KCRI,5,,1,1,,,,,,,,,,,,,,,,,,,,,,,,0,,,,,
SD716,diagnostic,1,21,21,,,,,,0,KCRI,5,,1,1,,,,,,,,,,,,,,,,,,,,,,,,0,,,,,
SD734,diagnostic,1,20,20,,,,,,0,KCRI,5,,1,1,,,,,,,,,,,,,,,,,,,,,,,,0,,,,,
SD735,diagnostic,1,11,11,,,,,,0,KCRI,5,,1,1,,,,,,,,,,,,,,,,,,,,,,,,0,,,,,
SD736,diagnostic,1,17,17,,,,,,0,KCRI,5,,1,1,,,,,,,,,,,,,,,,,,,,,,,,0,,,,,
SD737,diagnostic,1,19,19,,,,,,0,KCRI,5,,1,1,,,,,,,,,,,,,,,,,,,,,,,,0,,,,,
SD738,diagnostic,1,7,7,,,,,,0,NMAIST,5,,1,1,,,,,,,,,,,,,,,,,,,,,,,,0,,,,,
SD738,diagnostic,2,18,18,,,,,,0,KCRI,5,,1,1,,,,,,,,,,,,,,,,,,,,,,,,0,,,,,
SD740,diagnostic,1,9,9,,,,,,0,NMAIST,5,,1,1,,,,,,,,,,,,,,,,,,,,,,,,0,,,,,
SD741,diagnostic,1,2,2,,,,,,0,NMAIST,5,,1,1,,,,,,,,,,,,,,,,,,,,,,,,0,,,,,
SD743,diagnostic,1,5,5,,,,,,0,NMAIST,5,,1,1,,,,,,,,,,,,,,,,,,,,,,,,0,,,,,
SD744,diagnostic,1,3,3,,,,,,0,NMAIST,5,,1,1,,,,,,,,,,,,,,,,,,,,,,,,0,,,,,
SD745,diagnostic,1,6,6,,,,,,0,NMAIST,5,,1,1,,,,,,,,,,,,,,,,,,,,,,,,0,,,,,
SD746,diagnostic,1,1,1,,,,,,0,NMAIST,5,,1,1,,,,,,,,,,,,,,,,,,,,,,,,0,,,,,
SD747,diagnostic,1,10,10,,,,,,0,NMAIST,5,,1,1,,,,,,,,,,,,,,,,,,,,,,,,0,,,,,
SD749,diagnostic,1,4,4,,,,,,0,NMAIST,5,,1,1,,,,,,,,,,,,,,,,,,,,,,,,0,,,,,
SD750,diagnostic,1,11,11,,,,,,0,NMAIST,5,,1,1,,,,,,,,,,,,,,,,,,,,,,,,0,,,,,
SD750,diagnostic,2,2,2,,,,,,0,KCRI,5,Positive,1,1,,,,,,,,,,,,,,,,,,,,,,,,0,,,,,
SD750,diagnostic,3,1,1,,,,,,0,KCRI,5,Positive,1,1,,,,,,,,,,,,,,,,,,,,,,,,0,,,,,
SD751,diagnostic,1,1,1,,,,,,0,KCRI,5,Positive,1,1,,,,,,,,,,,,,,,,,,,,,,,,0,,,,,
SD751,diagnostic,2,9,9,,,,,,0,KCRI,5,,1,1,,,,,,,,,,,,,,,,,,,,,,,,0,,,,,
SD751,diagnostic,3,2,2,,,,,,0,KCRI,5,Positive,1,1,,,,,,,,,,,,,,,,,,,,,,,,0,,,,,
SD753,diagnostic,1,8,8,,,,,,0,NMAIST,5,,1,1,,,,,,,,,,,,,,,,,,,,,,,,0,,,,,
SD753,diagnostic,2,2,2,,,,,,0,KCRI,5,,1,1,,,,,,,,,,,,,,,,,,,,,,,,0,,,,,
SD754,diagnostic,1,4,4,,,,,,0,KCRI,5,,1,1,,,,,,,,,,,,,,,,,,,,,,,,0,,,,,
SD755,diagnostic,1,3,3,,,,,,0,KCRI,5,,1,1,,,,,,,,,,,,,,,,,,,,,,,,0,,,,,
SD756,diagnostic,1,5,5,,,,,,0,KCRI,5,,1,1,,,,,,,,,,,,,,,,,,,,,,,,0,,,,,
SD759,diagnostic,1,16,16,,,,,,0,KCRI,5,,1,1,,,,,,,,,,,,,,,,,,,,,,,,0,,,,,
SD760,diagnostic,1,15,15,,,,,,0,KCRI,5,,1,1,,,,,,,,,,,,,,,,,,,,,,,,0,,,,,
SD761,diagnostic,1,14,14,,,,,,0,KCRI,5,,1,1,,,,,,,,,,,,,,,,,,,,,,,,0,,,,,
SD763,diagnostic,1,12,12,,,,,,0,KCRI,5,,1,1,,,,,,,,,,,,,,,,,,,,,,,,0,,,,,
SD764,diagnostic,1,13,13,,,,,,0,KCRI,5,,1,1,,,,,,,,,,,,,,,,,,,,,,,,0,,,,,
SD766,diagnostic,1,1,1,,,,,,0,KCRI,5,,1,1,,,,,,,,,,,,,,,,,,,,,,,,0,,,,,
SD767,diagnostic,1,8,8,,,,,,0,KCRI,5,,1,1,,,,,,,,,,,,,,,,,,,,,,,,0,,,,,
SD782,diagnostic,1,8,8,,,,,,0,KCRI,5,,1,1,,,,,,,,,,,,,,,,,,,,,,,,0,,,,,
SD785,diagnostic,1,6,6,,,,,,0,KCRI,5,,1,1,,,,,,,,,,,,,,,,,,,,,,,,0,,,,,
SD789,diagnostic,1,7,7,,,,,,0,KCRI,5,,1,1,,,,,,,,,,,,,,,,,,,,,,,,0,,,,,
SD789,diagnostic,2,10,10,,,,,,0,KCRI,5,,1,1,,,,,,,,,,,,,,,,,,,,,,,,0,,,,,
SD790,diagnostic,1,9,9,,,,,,0,KCRI,5,,1,1,,,,,,,,,,,,,,,,,,,,,,,,0,,,,,
SD791,diagnostic,1,6,6,,,,,,0,KCRI,5,,1,1,,,,,,,,,,,,,,,,,,,,,,,,0,,,,,
SD792,diagnostic,1,4,4,,,,,,0,KCRI,5,,1,1,,,,,,,,,,,,,,,,,,,,,,,,0,,,,,
SD793,diagnostic,1,5,5,,,,,,0,KCRI,5,,1,1,,,,,,,,,,,,,,,,,,,,,,,,0,,,,,
SD799,diagnostic,1,9,9,,,,,,0,KCRI,5,,1,1,,,,,,,,,,,,,,,,,,,,,,,,0,,,,,
SD800,diagnostic,1,8,8,,,,,,0,KCRI,5,,1,1,,,,,,,,,,,,,,,,,,,,,,,,0,,,,,
SD801,diagnostic,1,7,7,,,,,,0,KCRI,5,,1,1,,,,,,,,,,,,,,,,,,,,,,,,0,,,,,
SD802,diagnostic,1,6,6,,,,,,0,KCRI,5,,1,1,,,,,,,,,,,,,,,,,,,,,,,,0,,,,,
SD804,diagnostic,1,1,1,,,,,,0,KCRI,5,,1,1,,,,,,,,,,,,,,,,,,,,,,,,0,,,,,
SD806,diagnostic,1,2,2,,,,,,0,KCRI,5,,1,1,,,,,,,,,,,,,,,,,,,,,,,,0,,,,,
SD807,diagnostic,1,3,3,,,,,,0,KCRI,5,,1,1,,,,,,,,,,,,,,,,,,,,,,,,0,,,,,
SD809,diagnostic,1,4,4,,,,,,0,KCRI,5,,1,1,,,,,,,,,,,,,,,,,,,,,,,,0,,,,,
SD810,diagnostic,1,5,5,,,,,,0,KCRI,5,,1,1,,,,,,,,,,,,,,,,,,,,,,,,0,,,,,
SD812,diagnostic,1,1,1,,,,,,0,KCRI,5,,1,1,,,,,,,,,,,,,,,,,,,,,,,,0,,,,,
SD813,diagnostic,1,2,2,,,,,,0,KCRI,5,,1,1,,,,,,,,,,,,,,,,,,,,,,,,0,,,,,
SD815,diagnostic,1,3,3,,,,,,0,KCRI,5,,1,1,,,,,,,,,,,,,,,,,,,,,,,,0,,,,,
SD816,diagnostic,1,3,3,,,,,,0,KCRI,5,,1,1,,,,,,,,,,,,,,,,,,,,,,,,0,,,,,
SD817,diagnostic,1,4,4,,,,,,0,KCRI,5,,1,1,,,,,,,,,,,,,,,,,,,,,,,,0,,,,,
SD818,diagnostic,1,5,5,,,,,,0,KCRI,5,,1,1,,,,,,,,,,,,,,,,,,,,,,,,0,,,,,
SD821,diagnostic,1,4,4,,,,,,0,KCRI,5,,1,1,,,,,,,,,,,,,,,,,,,,,,,,0,,,,,
SD823,diagnostic,1,5,5,,,,,,0,KCRI,5,,1,1,,,,,,,,,,,,,,,,,,,,,,,,0,,,,,
SD825,diagnostic,1,6,6,,,,,,0,KCRI,5,,1,1,,,,,,,,,,,,,,,,,,,,,,,,0,,,,,
SD826,diagnostic,1,7,7,,,,,,0,KCRI,5,,1,1,,,,,,,,,,,,,,,,,,,,,,,,0,,,,,
SD827,diagnostic,1,8,8,,,,,,0,KCRI,5,,1,1,,,,,,,,,,,,,,,,,,,,,,,,0,,,,,
SD828,diagnostic,1,9,9,,,,,,0,KCRI,5,,1,1,,,,,,,,,,,,,,,,,,,,,,,,0,,,,,
SD830,diagnostic,1,10,10,,,,,,0,KCRI,5,,1,1,,,,,,,,,,,,,,,,,,,,,,,,0,,,,,
SD831,diagnostic,1,11,11,,,,,,0,KCRI,5,,1,1,,,,,,,,,,,,,,,,,,,,,,,,0,,,,,
SD832,diagnostic,1,12,12,,,,,,0,KCRI,5,,1,1,,,,,,,,,,,,,,,,,,,,,,,,0,,,,,
SD834,diagnostic,1,13,13,,,,,,0,KCRI,5,,1,1,,,,,,,,,,,,,,,,,,,,,,,,0,,,,,
SD835,diagnostic,1,14,14,,,,,,0,KCRI,5,,1,1,,,,,,,,,,,,,,,,,,,,,,,,0,,,,,
SD837,diagnostic,1,2,2,,,,,,0,KCRI,5,,1,1,,,,,,,,,,,,,,,,,,,,,,,,0,,,,,
SD846,diagnostic,1,1,1,,,,,,0,KCRI,5,,1,1,,,,,,,,,,,,,,,,,,,,,,,,0,,,,,
TAN1019,diagnostic,1,20,20,,,,,,0,KCRI,5,,1,1,,,,,,,,,,,,,,,,,,,,,,,,0,,,,,
Z0083175,diagnostic,1,2,2,,,,,,0,DRIT,4,Positive,1,3,,,,,,,,,,,,,,,,,,,,,,,,1,,,,,
Z0083186,diagnostic,1,20,20,,,,,,0,DRIT,4,Positive,1,3,,,,,,,,,,,,,,,,,,,,,,,,1,,,,,
Z0083192,diagnostic,1,21,21,,,,,,0,,4,,1,3,,,,,,,,,,,,,,,,,,,,,,,,1,,,,,
Z0083195,diagnostic,1,7,7,,,,,,0,,4,,1,3,,,,,,,,,,,,,,,,,,,,,,,,1,,,,,
Z0083197,diagnostic,1,15,15,,,,,,0,,4,,1,3,,,,,,,,,,,,,,,,,,,,,,,,1,,,,,
Z0083198,diagnostic,1,6,6,,,,,,0,,4,,1,3,,,,,,,,,,,,,,,,,,,,,,,,1,,,,,
Z0083200,diagnostic,1,8,8,,,,,,0,,4,,1,3,,,,,,,,,,,,,,,,,,,,,,,,1,,,,,
Z0083201,diagnostic,1,2,2,,,,,,0,,4,,1,3,,,,,,,,,,,,,,,,,,,,,,,,1,,,,,
Z0083202,diagnostic,1,37,37,,,,,,0,,4,,1,3,,,,,,,,,,,,,,,,,,,,,,,,1,,,,,
Z0083203,diagnostic,1,20,20,,,,,,0,,4,,1,3,,,,,,,,,,,,,,,,,,,,,,,,1,,,,,
Z0083204,diagnostic,1,4,4,,,,,,0,,4,,1,3,,,,,,,,,,,,,,,,,,,,,,,,1,,,,,
Z0083205,diagnostic,1,9,9,,,,,,0,,4,,1,3,,,,,,,,,,,,,,,,,,,,,,,,1,,,,,
Z0083214,diagnostic,1,10,10,,,,,,0,,4,,1,3,,,,,,,,,,,,,,,,,,,,,,,,1,,,,,
Z0083215,diagnostic,1,35,35,,,,,,0,,4,,1,3,,,,,,,,,,,,,,,,,,,,,,,,1,,,,,
Z0083216,diagnostic,1,9,9,,,,,,0,,4,,1,3,,,,,,,,,,,,,,,,,,,,,,,,1,,,,,
Z0083218,diagnostic,1,11,11,,,,,,0,,4,,1,3,,,,,,,,,,,,,,,,,,,,,,,,1,,,,,
Z0083219,diagnostic,1,20,20,,,,,,0,,4,,1,3,,,,,,,,,,,,,,,,,,,,,,,,1,,,,,
Z0083220,diagnostic,1,7,7,,,,,,0,,4,,1,3,,,,,,,,,,,,,,,,,,,,,,,,1,,,,,
Z0083221,diagnostic,1,1,1,,,,,,0,,4,,1,3,,,,,,,,,,,,,,,,,,,,,,,,1,,,,,
Z0083222,diagnostic,1,3,3,,,,,,0,,4,,1,3,,,,,,,,,,,,,,,,,,,,,,,,1,,,,,
Z0083223,diagnostic,1,19,19,,,,,,0,,4,,1,3,,,,,,,,,,,,,,,,,,,,,,,,1,,,,,
Z0083224,diagnostic,1,5,5,,,,,,0,,4,,1,3,,,,,,,,,,,,,,,,,,,,,,,,1,,,,,
Z0083225,diagnostic,1,16,16,,,,,,0,,4,,1,3,,,,,,,,,,,,,,,,,,,,,,,,1,,,,,
Z0083226,diagnostic,1,8,8,,,,,,0,,4,,1,3,,,,,,,,,,,,,,,,,,,,,,,,1,,,,,
Z0083227,diagnostic,1,4,4,,,,,,0,,4,,1,3,,,,,,,,,,,,,,,,,,,,,,,,1,,,,,
Z0083228,diagnostic,1,10,10,,,,,,0,,4,,1,3,,,,,,,,,,,,,,,,,,,,,,,,1,,,,,
Z0083229,diagnostic,1,3,3,,,,,,0,,4,,1,3,,,,,,,,,,,,,,,,,,,,,,,,1,,,,,
Z0083231,diagnostic,1,2,2,,,,,,0,,4,,1,3,,,,,,,,,,,,,,,,,,,,,,,,1,,,,,
Z0083233,diagnostic,1,17,17,,,,,,0,,4,,1,3,,,,,,,,,,,,,,,,,,,,,,,,1,,,,,
Z0083234,diagnostic,1,38,38,,,,,,0,,4,,1,3,,,,,,,,,,,,,,,,,,,,,,,,1,,,,,
Z0083235,diagnostic,1,36,36,,,,,,0,,4,,1,3,,,,,,,,,,,,,,,,,,,,,,,,1,,,,,
Z0083236,diagnostic,1,26,26,,,,,,0,,4,,1,3,,,,,,,,,,,,,,,,,,,,,,,,1,,,,,
Z0083237,diagnostic,1,25,25,,,,,,0,,4,,1,3,,,,,,,,,,,,,,,,,,,,,,,,1,,,,,
Z0083239,diagnostic,1,12,12,,,,,,0,,4,,1,3,,,,,,,,,,,,,,,,,,,,,,,,1,,,,,
Z0083240,diagnostic,1,10,10,,,,,,0,,4,,1,3,,,,,,,,,,,,,,,,,,,,,,,,1,,,,,
Z0083243,diagnostic,1,15,15,,,,,,0,,4,,1,3,,,,,,,,,,,,,,,,,,,,,,,,1,,,,,
Z00832441,diagnostic,1,40,40,,,,,,0,,4,,1,3,,,,,,,,,,,,,,,,,,,,,,,,1,,,,,
Z00832442,diagnostic,1,39,39,,,,,,0,,4,,1,3,,,,,,,,,,,,,,,,,,,,,,,,1,,,,,
Z00832443,diagnostic,1,41,41,,,,,,0,,4,,1,3,,,,,,,,,,,,,,,,,,,,,,,,1,,,,,
Z0083245,diagnostic,1,29,29,,,,,,0,,4,,1,3,,,,,,,,,,,,,,,,,,,,,,,,1,,,,,
Z0083249,diagnostic,1,40,40,,,,,,0,,4,,1,3,,,,,,,,,,,,,,,,,,,,,,,,1,,,,,
Z0083252,diagnostic,1,8,8,,,,,,0,,4,,1,3,,,,,,,,,,,,,,,,,,,,,,,,1,,,,,
Z0083253,diagnostic,1,9,9,,,,,,0,,4,,1,3,,,,,,,,,,,,,,,,,,,,,,,,1,,,,,
Z0083261,diagnostic,1,35,35,,,,,,0,,4,,1,3,,,,,,,,,,,,,,,,,,,,,,,,1,,,,,
Z0083262,diagnostic,1,31,31,,,,,,0,,4,,1,3,,,,,,,,,,,,,,,,,,,,,,,,1,,,,,
Z0083263,diagnostic,1,41,41,,,,,,0,,4,,1,3,,,,,,,,,,,,,,,,,,,,,,,,1,,,,,
Z0083265,diagnostic,1,43,43,,,,,,0,,4,,1,3,,,,,,,,,,,,,,,,,,,,,,,,1,,,,,
Z00861806,diagnostic,1,24,24,,,,,,0,,4,,1,3,,,,,,,,,,,,,,,,,,,,,,,,1,,,,,
Z00861807,diagnostic,1,10,10,,,,,,0,,4,,1,3,,,,,,,,,,,,,,,,,,,,,,,,1,,,,,
Z00861808,diagnostic,1,13,13,,,,,,0,,4,,1,3,,,,,,,,,,,,,,,,,,,,,,,,1,,,,,
Z00861809,diagnostic,1,26,26,,,,,,0,,4,,1,3,,,,,,,,,,,,,,,,,,,,,,,,1,,,,,
Z00861810,diagnostic,1,25,25,,,,,,0,,4,,1,3,,,,,,,,,,,,,,,,,,,,,,,,1,,,,,
Z00861811,diagnostic,1,11,11,,,,,,0,,4,,1,3,,,,,,,,,,,,,,,,,,,,,,,,1,,,,,
Z00861814,diagnostic,1,8,8,,,,,,0,,4,,1,3,,,,,,,,,,,,,,,,,,,,,,,,1,,,,,
Z00861815,diagnostic,1,4,4,,,,,,0,,4,,1,3,,,,,,,,,,,,,,,,,,,,,,,,1,,,,,
Z00861816,diagnostic,1,22,22,,,,,,0,,4,,1,3,,,,,,,,,,,,,,,,,,,,,,,,1,,,,,
Z00861820,diagnostic,1,12,12,,,,,,0,,4,Positive,1,3,,,,,,,,,,,,,,,,,,,,,,,,1,,,,,
Z00861820,diagnostic,2,12,12,,,,,,0,,4,,1,3,,,,,,,,,,,,,,,,,,,,,,,,1,,,,,
Z00861823,diagnostic,1,19,19,,,,,,0,,4,,1,3,,,,,,,,,,,,,,,,,,,,,,,,1,,,,,
Z00861824,diagnostic,1,6,6,,,,,,0,,4,,1,3,,,,,,,,,,,,,,,,,,,,,,,,1,,,,,
Z00861826,diagnostic,1,3,3,,,,,,0,,4,,1,3,,,,,,,,,,,,,,,,,,,,,,,,1,,,,,
Z00861827,diagnostic,1,23,23,,,,,,0,,4,,1,3,,,,,,,,,,,,,,,,,,,,,,,,1,,,,,
Z00861829,diagnostic,1,21,21,,,,,,0,,4,,1,3,,,,,,,,,,,,,,,,,,,,,,,,1,,,,,
Z00861831,diagnostic,1,27,27,,,,,,0,,4,,1,3,,,,,,,,,,,,,,,,,,,,,,,,1,,,,,
Z00861832,diagnostic,1,5,5,,,,,,0,,4,,1,3,,,,,,,,,,,,,,,,,,,,,,,,1,,,,,
Z00861834,diagnostic,1,20,20,,,,,,0,,4,,1,3,,,,,,,,,,,,,,,,,,,,,,,,1,,,,,
Z00861835,diagnostic,1,7,7,,,,,,0,,4,,1,3,,,,,,,,,,,,,,,,,,,,,,,,1,,,,,
Z00861836,diagnostic,1,28,28,,,,,,0,,4,,1,3,,,,,,,,,,,,,,,,,,,,,,,,1,,,,,
Z00861837,diagnostic,1,7,7,,,,,,0,,4,,1,3,,,,,,,,,,,,,,,,,,,,,,,,1,,,,,
Z00861838,diagnostic,1,6,6,,,,,,0,,4,,1,3,,,,,,,,,,,,,,,,,,,,,,,,1,,,,,
Z00861839,diagnostic,1,1,1,,,,,,0,,4,,1,3,,,,,,,,,,,,,,,,,,,,,,,,1,,,,,
Z00861840,diagnostic,1,5,5,,,,,,0,,4,,1,3,,,,,,,,,,,,,,,,,,,,,,,,1,,,,,
Z00861841,diagnostic,1,4,4,,,,,,0,,4,,1,3,,,,,,,,,,,,,,,,,,,,,,,,1,,,,,
Z00861842,diagnostic,1,2,2,,,,,,0,,4,,1,3,,,,,,,,,,,,,,,,,,,,,,,,1,,,,,
Z00861843,diagnostic,1,3,3,,,,,,0,,4,,1,3,,,,,,,,,,,,,,,,,,,,,,,,1,,,,,
Z00861844,diagnostic,1,13,13,,,,,,0,,4,,1,3,,,,,,,,,,,,,,,,,,,,,,,,1,,,,,
Z00861845,diagnostic,1,14,14,,,,,,0,,4,,1,3,,,,,,,,,,,,,,,,,,,,,,,,1,,,,,
Z00861846,diagnostic,1,12,12,,,,,,0,,4,,1,3,,,,,,,,,,,,,,,,,,,,,,,,1,,,,,
Z00861847,diagnostic,1,11,11,,,,,,0,,4,,1,3,,,,,,,,,,,,,,,,,,,,,,,,1,,,,,
Z00861850,diagnostic,1,33,33,,,,,,0,,4,,1,3,,,,,,,,,,,,,,,,,,,,,,,,1,,,,,
Z00861851,diagnostic,1,27,27,,,,,,0,,4,,1,3,,,,,,,,,,,,,,,,,,,,,,,,1,,,,,
Z00861852,diagnostic,1,31,31,,,,,,0,,4,,1,3,,,,,,,,,,,,,,,,,,,,,,,,1,,,,,
Z00861853,diagnostic,1,32,32,,,,,,0,,4,,1,3,,,,,,,,,,,,,,,,,,,,,,,,1,,,,,
Z00861854,diagnostic,1,30,30,,,,,,0,,4,,1,3,,,,,,,,,,,,,,,,,,,,,,,,1,,,,,
Z00861855,diagnostic,1,28,28,,,,,,0,,4,,1,3,,,,,,,,,,,,,,,,,,,,,,,,1,,,,,
Z00861856,diagnostic,1,14,14,,,,,,0,,4,,1,3,,,,,,,,,,,,,,,,,,,,,,,,1,,,,,
Z00861857,diagnostic,1,18,18,,,,,,0,,4,,1,3,,,,,,,,,,,,,,,,,,,,,,,,1,,,,,
Z00861858,diagnostic,1,16,16,,,,,,0,,4,,1,3,,,,,,,,,,,,,,,,,,,,,,,,1,,,,,
Z00861859,diagnostic,1,17,17,,,,,,0,,4,,1,3,,,,,,,,,,,,,,,,,,,,,,,,1,,,,,
Z00861860,diagnostic,1,15,15,,,,,,0,,4,,1,3,,,,,,,,,,,,,,,,,,,,,,,,1,,,,,
Z00861861,diagnostic,1,24,24,,,,,,0,,4,,1,3,,,,,,,,,,,,,,,,,,,,,,,,1,,,,,
Z00861862,diagnostic,1,19,19,,,,,,0,,4,,1,3,,,,,,,,,,,,,,,,,,,,,,,,1,,,,,
Z00861863,diagnostic,1,23,23,,,,,,0,,4,,1,3,,,,,,,,,,,,,,,,,,,,,,,,1,,,,,
Z00861864,diagnostic,1,22,22,,,,,,0,,4,,1,3,,,,,,,,,,,,,,,,,,,,,,,,1,,,,,
Z00861865,diagnostic,1,13,13,,,,,,0,,4,,1,3,,,,,,,,,,,,,,,,,,,,,,,,1,,,,,
Z00861867,diagnostic,1,1,1,,,,,,0,,4,,1,3,,,,,,,,,,,,,,,,,,,,,,,,1,,,,,
Z00861869,diagnostic,1,11,11,,,,,,0,,4,,1,3,,,,,,,,,,,,,,,,,,,,,,,,1,,,,,
Z00861870,diagnostic,1,14,14,,,,,,0,,4,,1,3,,,,,,,,,,,,,,,,,,,,,,,,1,,,,,
Z00861871,diagnostic,1,6,6,,,,,,0,,4,,1,3,,,,,,,,,,,,,,,,,,,,,,,,1,,,,,
Z00861872,diagnostic,1,13,13,,,,,,0,,4,,1,3,,,,,,,,,,,,,,,,,,,,,,,,1,,,,,
Z00861874,diagnostic,1,5,5,,,,,,0,,4,,1,3,,,,,,,,,,,,,,,,,,,,,,,,1,,,,,
Z00861875,diagnostic,1,18,18,,,,,,0,,4,,1,3,,,,,,,,,,,,,,,,,,,,,,,,1,,,,,
Z00861877,diagnostic,1,12,12,,,,,,0,,4,,1,3,,,,,,,,,,,,,,,,,,,,,,,,1,,,,,
Z00863041,diagnostic,1,1,1,,,,,,0,DRIT,4,Positive,1,3,,,,,,,,,,,,,,,,,,,,,,,,1,,,,,
Z00865560,diagnostic,1,17,17,,,,,,0,,4,,1,3,,,,,,,,,,,,,,,,,,,,,,,,1,,,,,
Z00865561,diagnostic,1,9,9,,,,,,0,,4,,1,3,,,,,,,,,,,,,,,,,,,,,,,,1,,,,,
Z00865562,diagnostic,1,1,1,,,,,,0,,4,,1,3,,,,,,,,,,,,,,,,,,,,,,,,1,,,,,
Z00865563,diagnostic,1,14,14,,,,,,0,,4,,1,3,,,,,,,,,,,,,,,,,,,,,,,,1,,,,,
Z00865564,diagnostic,1,15,15,,,,,,0,,4,,1,3,,,,,,,,,,,,,,,,,,,,,,,,1,,,,,
Z00865566,diagnostic,1,2,2,,,,,,0,,4,,1,3,,,,,,,,,,,,,,,,,,,,,,,,1,,,,,
Z00865570,diagnostic,1,18,18,,,,,,0,,4,,1,3,,,,,,,,,,,,,,,,,,,,,,,,1,,,,,
Z00865571,diagnostic,1,16,16,,,,,,0,,4,,1,3,,,,,,,,,,,,,,,,,,,,,,,,1,,,,,
Z081388851,diagnostic,1,4,4,,,,,,0,DRIT,4,Positive,1,3,,,,,,,,,,,,,,,,,,,,,,,,1,,,,,
Z08151242,diagnostic,1,7,7,,,,,,0,DRIT,4,Positive,1,3,,,,,,,,,,,,,,,,,,,,,,,,1,,,,,
Z08151377,diagnostic,1,8,8,,,,,,0,DRIT,4,Positive,1,3,,,,,,,,,,,,,,,,,,,,,,,,1,,,,,
Z0826253,diagnostic,1,13,13,,,,,,0,DRIT,4,Positive,1,3,,,,,,,,,,,,,,,,,,,,,,,,1,,,,,
Z0826361,diagnostic,1,11,11,,,,,,0,DRIT,4,Positive,1,3,,,,,,,,,,,,,,,,,,,,,,,,1,,,,,
Z0826362,diagnostic,1,5,5,,,,,,0,DRIT,4,Positive,1,3,,,,,,,,,,,,,,,,,,,,,,,,1,,,,,
Z0826363,diagnostic,1,12,12,,,,,,0,DRIT,4,Positive,1,3,,,,,,,,,,,,,,,,,,,,,,,,1,,,,,
Z0826447,diagnostic,1,14,14,,,,,,0,DRIT,4,Positive,1,3,,,,,,,,,,,,,,,,,,,,,,,,1,,,,,
Z0826475,diagnostic,1,10,10,,,,,,0,DRIT,4,Positive,1,3,,,,,,,,,,,,,,,,,,,,,,,,1,,,,,
Z0826751,diagnostic,1,21,21,,,,,,0,DRIT,4,Positive,1,3,,,,,,,,,,,,,,,,,,,,,,,,1,,,,,
Z0826752,diagnostic,1,16,16,,,,,,0,DRIT,4,Positive,1,3,,,,,,,,,,,,,,,,,,,,,,,,1,,,,,
Z0828879,diagnostic,1,19,19,,,,,,0,DRIT,4,Positive,1,3,,,,,,,,,,,,,,,,,,,,,,,,1,,,,,
Z0829313,diagnostic,1,29,29,,,,,,0,,4,,1,3,,,,,,,,,,,,,,,,,,,,,,,,1,,,,,
Z0829323,diagnostic,1,36,36,,,,,,0,,4,,1,3,,,,,,,,,,,,,,,,,,,,,,,,1,,,,,
Z0829325,diagnostic,1,38,38,,,,,,0,,4,,1,3,,,,,,,,,,,,,,,,,,,,,,,,1,,,,,
Z0829333,diagnostic,1,34,34,,,,,,0,,4,,1,3,,,,,,,,,,,,,,,,,,,,,,,,1,,,,,
Z0829334,diagnostic,1,33,33,,,,,,0,,4,,1,3,,,,,,,,,,,,,,,,,,,,,,,,1,,,,,
Z0829335,diagnostic,1,30,30,,,,,,0,,4,,1,3,,,,,,,,,,,,,,,,,,,,,,,,1,,,,,
Z0829337,diagnostic,1,39,39,,,,,,0,,4,,1,3,,,,,,,,,,,,,,,,,,,,,,,,1,,,,,
Z0829340,diagnostic,1,32,32,,,,,,0,,4,,1,3,,,,,,,,,,,,,,,,,,,,,,,,1,,,,,
Z0829341,diagnostic,1,42,42,,,,,,0,,4,,1,3,,,,,,,,,,,,,,,,,,,,,,,,1,,,,,
Z0829343,diagnostic,1,37,37,,,,,,0,,4,,1,3,,,,,,,,,,,,,,,,,,,,,,,,1,,,,,
Z0829344,diagnostic,1,44,44,,,,,,0,,4,,1,3,,,,,,,,,,,,,,,,,,,,,,,,1,,,,,
02196160414A,sequencing,1,,,,,,,,,,,,,,MinIon,unitid_7th_Aug_2019,2019-08-07,0,,,,17,26878,26878,798.99169672062,895.23942763635,560,0,5467,11878,11756,11506,9911,9800,,1,OR920336,,0,,,,
2010818843,sequencing,1,,,,,,,,,,,,,,MinIon,unitid_7th_Aug_2019,2019-08-07,0,,,,3,15108,15108,460.13989767676,467.18122463249,315,0,2222,11629,11474,10390,7849,8423,,1,OR920350,,0,,,,
2011100075,sequencing,1,,,,,,,,,,,,,,MinIon,unitid_7th_Aug_2019,2019-08-07,0,,,,18,12502,12502,367.97651597752,409.58928158097,223,0,2692,11886,11739,11187,8708,9211,,1,OR920234,,0,,,,
2011100176,sequencing,1,,,,,,,,,,,,,,MinIon,unitid_7th_Aug_2019,2019-08-07,0,,,,15,7190,7190,213.14954290028,199.46828631602,155,0,1163,11761,11553,10639,8095,8471,,1,,,,,,,
2011100179,sequencing,1,,,,,,,,,,,,,,MinIon,unitid_7th_Aug_2019,2019-08-07,0,,,,6,3329,3329,96.155749391932,123.95422828905,66,0,778,10587,9331,7723,4230,6133,,1,,,,,,,
2011100186,sequencing,1,,,,,,,,,,,,,,MinIon,unitid_7th_Aug_2019,2019-08-07,0,,,,9,37547,37547,1159.7685985071,1036.6381375859,952,0,3978,11802,11570,10878,9325,9911,,1,OR920307,,0,,,,
2021153276,sequencing,1,,,,,,,,,,,,,,MinIon,unitid_14_09_2022,2022-09-14,0,,FAR97669,,68,42612,42612,1710.0871424977,1845.3718578144,1267,0,9804,11812,11746,11740,11489,11236,,1,OR045927,,0,,,,
AR02,sequencing,1,,,,,,,,,,,,,,MinIon,KCRI_RABV_10_March_2022,2022-03-10,0,,FAN52650,,6,237256,237256,11521.219240124,7113.8749121089,10308,0,43230,11921,11814,11751,11743,11669,,1,OR920225,,0,,,,
AR03,sequencing,1,,,,,,,,,,,,,,MinIon,KCRI_RABV_10_March_2022,2022-03-10,0,,FAN52650,,7,312995,312995,17667.811708463,12285.951652411,14240,0,64027,11921,11898,11797,11744,11670,,1,OR920240,,0,,,,
HB002,sequencing,1,,,,,,,,,,,,,,MinIon,KCRI_Training_21_04_2021,2021-04-21,0,,FAP64564,,3,227230,227230,11192.612681372,5272.7192317542,10922,0,23287,11913,11902,11897,11897,11667,,1,OR920212,,0,,,,
HS001,sequencing,1,,,,,,,,,,,,,,MinIon,RABV_kcri_13nov_KCRI_2019,2019-11-13,0,,,,9,,,,,,,,,,,,,Human saliva,1,,,,,,,
HS001,sequencing,2,,,,,,,,,,,,,,MinIon,KCRI_Training_21_04_2021,2021-04-21,0,,FAP64564,,10,,,,,,,,,,,,,Human saliva,2,,,,,,,
HS001,sequencing,3,,,,,,,,,,,,,,MinIon,,2022-01-13,0,,,,9,,,,,,,,,,,,,Human saliva,3,,,,,,,
HS002,sequencing,1,,,,,,,,,,,,,,MinIon,RABV_kcri_13nov_KCRI_2019,2019-11-13,0,,,,10,,,,,,,,,,,,,Human brain,1,,,,,,,
HS002,sequencing,2,,,,,,,,,,,,,,MinIon,,2022-01-13,0,,,,10,,,,,,,,,,,,,Human brain,2,,,,,,,
HS003,sequencing,1,,,,,,,,,,,,,,MinIon,RABV_kcri_13nov_KCRI_2019,2019-11-13,0,,,,11,,,,,,,,,,,,,Human lymph node,1,,,,,,,
HS003,sequencing,2,,,,,,,,,,,,,,MinIon,,2022-01-13,0,,,,11,,,,,,,,,,,,,Human lymph node,2,,,,,,,
IFA1013,sequencing,1,,,,,,,,,,,,,,MinIon,KCRI_21_Nov_2022,2022-11-21,0,,FAU46094,,23,154871,154871,9473.3933573765,6773.8362626406,7322,0,32982,11777,11755,11746,11743,11638,,1,OR920253,,0,,,,
IFA1021,sequencing,1,,,,,,,,,,,,,,MinIon,KCRI_21_Nov_2022,2022-11-21,0,,FAU46094,,27,24314,24314,1043.8504570997,1018.5424726175,811,0,5935,11813,11750,11428,10206,11249,,1,OR920327,,0,,,,
IFA1023,sequencing,1,,,,,,,,,,,,,,MinIon,KCRI_21_Nov_2022,2022-11-21,0,,FAU46094,,29,138462,138462,10860.008387151,11118.266535285,5743,0,40383,11904,11764,11746,11745,11650,,1,OR920297,,0,,,,
KD1004,sequencing,1,,,,,,,,,,,,,,MinIon,KCRI_21_Nov_2022,2022-11-21,0,,FAU46094,,17,79816,79816,2930.0370712069,1907.6456900624,2732,0,11296,11751,11747,11746,11740,11651,,1,OR920319,,0,,,,
KIL1022,sequencing,1,,,,,,,,,,,,,,MinIon,KCRI_21_Nov_2022,2022-11-21,0,,FAU46094,,30,144363,144363,10362.918980122,11317.881215137,5144,0,41022,11754,11749,11746,11745,11643,,1,OR920326,,0,,,,
LN001,sequencing,1,,,,,,,,,,,,,,MinIon,KCRI_RABV_10_March_2022,2022-03-10,0,,FAN52650,,10,159174,159174,5793.1730269228,4906.3051887106,4234,0,25750,11798,11751,11743,11740,11573,,1,OR920346,,0,,,,
LN002,sequencing,1,,,,,,,,,,,,,,MinIon,KCRI_RABV_10_March_2022,2022-03-10,0,,FAN52650,,17,140481,140481,9454.7607984568,8422.6659353674,6680,0,41135,11845,11750,11746,11745,11621,,1,OR920313,,0,,,,
LN003,sequencing,1,,,,,,,,,,,,,,MinIon,KCRI_RABV_10_March_2022,2022-03-10,0,,FAN52650,,18,113538,113538,7763.0108194246,7358.0021572081,5335,0,33911,11892,11810,11748,11744,11585,,1,OR920268,,0,,,,
LN004,sequencing,1,,,,,,,,,,,,,,MinIon,KCRI_RABV_10_March_2022,2022-03-10,0,,FAN52650,,19,78734,78734,3479.7425983393,3051.0605030617,2667,0,16672,11798,11798,11750,11746,11596,,1,OR920247,,0,,,,
LN006,sequencing,1,,,,,,,,,,,,,,MinIon,KCRI_RABV_10_March_2022,2022-03-10,0,,FAN52650,,20,53295,53295,2559.3733120859,1901.4639149644,1865,0,9359,11832,11755,11747,11742,11655,,1,OR920260,,0,,,,
LN007,sequencing,1,,,,,,,,,,,,,,MinIon,KCRI_RABV_10_March_2022,2022-03-10,0,,FAN52650,,21,152831,152831,11777.563952025,8274.4105743628,9383,0,35536,11807,11798,11750,11746,11578,,1,OR920203,,0,,,,
Lunascript,sequencing,1,,,,,,,,,,,,,,MinIon,KCRI_12_November_2021,2021-11-14,0,,FAP60130,,24,14659,14659,584.33607313596,771.29113077853,238,0,4085,11408,10735,10057,8218,9450,,1,,,,,,,
MAL1008,sequencing,1,,,,,,,,,,,,,,MinIon,KCRI_21_Nov_2022,2022-11-21,0,,FAU46094,,16,87640,87640,3511.7358047471,2190.2685467717,3056,0,12038,11753,11750,11747,11741,11636,,1,OR920330,,0,,,,
MAL1009,sequencing,1,,,,,,,,,,,,,,MinIon,KCRI_21_Nov_2022,2022-11-21,0,,FAU46094,,15,54084,54084,1944.9802063239,1423.2133479549,1915,0,8603,11751,11747,11746,11741,11618,,1,OR920284,,0,,,,
MAL1020,sequencing,1,,,,,,,,,,,,,,MinIon,KCRI_21_Nov_2022,2022-11-21,0,,FAU46094,,25,123702,123702,4265.4953451313,2957.5430202902,4356,0,15861,11762,11747,11747,11742,11635,,1,OR920335,,0,,,,
MAS1016,sequencing,1,,,,,,,,,,,,,,MinIon,KCRI_21_Nov_2022,2022-11-21,0,,FAU46094,,24,55333,55333,4904.3382537952,5175.9917663876,2410,0,19017,11883,11769,11746,11745,11582,,1,OR920298,,0,,,,
MORDC1011,sequencing,1,,,,,,,,,,,,,,MinIon,KCRI_21_Nov_2022,2022-11-21,0,,FAU46094,,22,140979,140979,7506.0794263189,5409.5624703016,5993,0,24033,11904,11792,11748,11743,11642,,1,OR920244,,0,,,,
MR001,sequencing,1,,,,,,,,,,,,,,MinIon,KCRI_RABV_10_March_2022,2022-03-10,0,,FAN52650,,8,212308,212308,12377.204059381,9601.8070031161,9732,0,47017,11922,11758,11750,11746,11668,,1,OR045929,,0,,,,
MR002,sequencing,1,,,,,,,,,,,,,,MinIon,KCRI_RABV_10_March_2022,2022-03-10,0,,FAN52650,,9,189027,189027,10457.178897928,7979.7706273956,7999,0,36864,11809,11752,11746,11739,11649,,1,OR920287,,0,,,,
MR003,sequencing,1,,,,,,,,,,,,,,MinIon,KCRI_RABV_10_March_2022,2022-03-10,0,,FAN52650,,11,161465,161465,7612.4466157846,4994.6581096045,6860,0,26004,11791,11754,11748,11744,11645,,1,OR920332,,0,,,,
MR004,sequencing,1,,,,,,,,,,,,,,MinIon,KCRI_RABV_10_March_2022,2022-03-10,0,,FAN52650,,12,182425,182425,11810.42858341,8934.5929388933,8763,0,43230,11905,11753,11747,11743,11664,,1,OR920202,,0,,,,
MR005,sequencing,1,,,,,,,,,,,,,,MinIon,KCRI_RABV_10_March_2022,2022-03-10,0,,FAN52650,,14,242895,242895,13912.348402248,10308.383103828,11017,0,49378,11910,11776,11750,11746,11664,,1,OR045930,,0,,,,
MR006,sequencing,1,,,,,,,,,,,,,,MinIon,KCRI_RABV_10_March_2022,2022-03-10,0,,FAN52650,,15,170819,170819,10531.756688753,7974.8736356894,7721,0,39798,11910,11798,11749,11745,11655,,1,OR045931,,0,,,,
MR007,sequencing,1,,,,,,,,,,,,,,MinIon,KCRI_RABV_10_March_2022,2022-03-10,0,,FAN52650,,16,119400,119400,4961.3329698901,4055.985285949,4177,0,24111,11798,11798,11747,11746,11576,,1,OR920352,,0,,,,
MR008,sequencing,1,,,,,,,,,,,,,,MinIon,RABV_kcri_13nov_KCRI_2019,2019-11-13,0,,,,3,,,,,,,,,,,,,Malinyi,1,OR045932,,0,,,,
MR008,sequencing,2,,,,,,,,,,,,,,MinIon,Gbirthday_14_04_2021,2021-04-14,0,,FN60240,,11,,,,,,,,,,,,,Malinyi,2,OR045932,,0,,,,
MR008,sequencing,3,,,,,,,,,,,,,,MinIon,,2022-01-13,0,,,,3,,,,,,,,,,,,,Malinyi,3,OR045932,,0,,,,
MR009,sequencing,1,,,,,,,,,,,,,,MinIon,RABV_kcri_13nov_KCRI_2019,2019-11-13,0,,,,12,,,,,,,,,,,,,,1,OR045933,,0,,,,
MR009,sequencing,2,,,,,,,,,,,,,,MinIon,KCRI_Training_21_04_2021,2021-04-21,0,,FAP64564,,1,1313737,1313737,48040.117336241,42213.587706193,36430,0,240229,11897,11838,11747,11599,11646,,2,OR045933,,0,,,,
MR009,sequencing,3,,,,,,,,,,,,,,MinIon,,2022-01-13,0,,,,12,,,,,,,,,,,,,,3,OR045933,,0,,,,
MT001,sequencing,1,,,,,,,,,,,,,,MinIon,KCRI_RABV_10_March_2022,2022-03-10,0,,FAN52650,,13,156756,156756,5883.4603707121,4640.472105619,4760,0,25013,11801,11798,11752,11745,11647,,1,OR920341,,0,,,,
MT004,sequencing,1,,,,,,,,,,,,,,MinIon,KCRI_RABV_10_March_2022,2022-03-10,0,,FAN52650,,22,152306,152306,11706.660572004,9762.209883287,7829,0,44519,11913,11789,11750,11745,11596,,1,OR920353,,0,,,,
MT005,sequencing,1,,,,,,,,,,,,,,MinIon,KCRI_RABV_10_March_2022,2022-03-10,0,,FAN52650,,23,140440,140440,8559.6177975342,7315.191469949,6234,0,36039,11889,11866,11747,11741,11643,,1,OR920303,,0,,,,
MT006,sequencing,1,,,,,,,,,,,,,,MinIon,RABV_kcri_13nov_KCRI_2019,2019-11-13,0,,,,6,,,,,,,,,,,,,Mtwara R,1,OR920331,,0,,,,
MT006,sequencing,2,,,,,,,,,,,,,,MinIon,Gbirthday_14_04_2021,2021-04-14,0,,FN60240,,24,220619,220619,9471.2394531578,6448.6537899664,8260,0,41552,11826,11760,11746,11741,11665,Mtwara R,2,OR920331,,0,,,,
MT006,sequencing,3,,,,,,,,,,,,,,MinIon,,2022-01-13,0,,,,6,,,,,,,,,,,,,Mtwara R,3,OR920331,,0,,,,
NAC1014,sequencing,1,,,,,,,,,,,,,,MinIon,KCRI_21_Nov_2022,2022-11-21,0,,FAU46094,,28,124208,124208,5897.5515390422,4471.7519656466,4604,0,23447,11863,11782,11746,11745,11632,,1,OR920207,,0,,,,
NAC1015,sequencing,1,,,,,,,,,,,,,,MinIon,KCRI_21_Nov_2022,2022-11-21,0,,FAU46094,,26,125280,125280,8323.0463809444,6305.3460492387,6277,0,28887,11865,11750,11747,11742,11575,,1,OR920322,,0,,,,
NAC1017,sequencing,1,,,,,,,,,,,,,,MinIon,KCRI_21_Nov_2022,2022-11-21,0,,FAU46094,,18,111252,111252,6530.5246162878,5846.9139611516,4352,0,27278,11754,11752,11747,11741,11587,,1,OR920239,,0,,,,
NAC1018,sequencing,1,,,,,,,,,,,,,,MinIon,KCRI_21_Nov_2022,2022-11-21,0,,FAU46094,,19,106629,106629,4647.4319382706,3526.3327309307,3668,0,18405,11772,11750,11746,11741,11607,,1,OR920249,,0,,,,
NAC1025,sequencing,1,,,,,,,,,,,,,,MinIon,KCRI_21_Nov_2022,2022-11-21,0,,FAU46094,,21,158241,158241,8466.0373228214,7370.831165467,5795,0,36181,11832,11752,11747,11745,11641,,1,OR920340,,0,,,,
NC_KCRI_12_November_2021,sequencing,1,,,,,,,,,,,,,,MinIon,KCRI_12_November_2021,2021-11-14,0,,FAP60130,,22,,,,,,,,,,,,,,1,,,,,,,
NC_KCRI_21_Nov_2022,sequencing,1,,,,,,,,,,,,,,MinIon,KCRI_21_Nov_2022,2022-11-21,0,,FAU46094,,31,2672,2672,88.568984316028,112.3714460609,46,0,683,10391,9440,8044,3982,7241,,1,,,,,,,
NC_KCRI_RABV_10_March_2022,sequencing,1,,,,,,,,,,,,,,MinIon,KCRI_RABV_10_March_2022,2022-03-10,0,,FAN52650,,24,,,,,,,,,,,,,,1,,,,,,,
NC_KCRI_Training_21_04_2021,sequencing,1,,,,,,,,,,,,,,MinIon,KCRI_Training_21_04_2021,2022-11-21,,,FAP64564,,2,8606,8606,307.06709720708,288.74664370543,230,0,1395,11701,11546,10601,8854,9737,,1,,,,,,,
NC_Kenya_06_Dec_2021,sequencing,1,,,,,,,,,,,,,,MinIon,Kenya_06_Dec_2021,2021-12-06,0,,FAQ53624,,21,,,,,,,,,,,,,,1,,,,,,,
NC_Kenya_08_Dec_2021,sequencing,1,,,,,,,,,,,,,,MinIon,Kenya_08_Dec_2021,2021-12-08,0,,FAQ54054,,83,,,,,,,,,,,,,,1,,,,,,,
NC_NIMAIST_6th_sept_2019,sequencing,1,,,,,,,,,,,,,,MinIon,NIMAIST_6th_sept_2019,2019-09-06,,,,,12,19,19,0.52319047219659,0.98955871891531,0,0,5,3445,74,0,0,-1,,1,,,,,,,
NC_UNITID_31_01_2022,sequencing,1,,,,,,,,,,,,,,MinIon,UNITID_31_01_2022,2022-01-31,0,,FAM96911,,16,,,,,,,,,,,,,,1,,,,,,,
NC_unitid_14_09_2022,sequencing,1,,,,,,,,,,,,,,MinIon,unitid_14_09_2022,2022-09-14,0,,FAR97669,,76,3528,3528,116.73714669127,171.10408421319,52,0,1114,10896,9595,8125,4479,7543,,1,,,,,,,
NC_unitid_7th_Aug_2019,sequencing,1,,,,,,,,,,,,,,MinIon,unitid_7th_Aug_2019,2019-08-07,0,,,,22,833,833,54.194078671475,29.677468400774,53,0,156,11867,11521,10295,835,7302,,1,,,,,,,
RB001,sequencing,1,,,,,,,,,,,,,,MinIon,RABV_kcri_13nov_KCRI_2019,2019-11-13,0,,,,7,,,,,,,,,,,,,,1,OR045935,,0,,,,
RB001,sequencing,2,,,,,,,,,,,,,,MinIon,Gbirthday_14_04_2021,2021-04-14,0,,FN60240,,10,,,,,,,,,,,,,,2,OR045935,,0,,,,
RB001,sequencing,3,,,,,,,,,,,,,,MinIon,,2022-01-13,0,,,,7,,,,,,,,,,,,,,3,OR045935,,0,,,,
RB002,sequencing,1,,,,,,,,,,,,,,MinIon,RABV_kcri_13nov_KCRI_2019,2019-11-13,0,,,,4,,,,,,,,,,,,,Mbingu-dog,1,OR045936,,0,,,,
RB002,sequencing,2,,,,,,,,,,,,,,MinIon,Gbirthday_14_04_2021,2021-04-14,0,,FN60240,,12,249113,249113,9445.6314685901,6506.9448339595,7963,0,40629,11880,11760,11745,11576,11668,Mbingu-dog,2,OR045936,,0,,,,
RB002,sequencing,3,,,,,,,,,,,,,,MinIon,,2022-01-13,0,,,,4,,,,,,,,,,,,,Mbingu-dog,3,OR045936,,0,,,,
RB003,sequencing,1,,,,,,,,,,,,,,MinIon,RABV_kcri_13nov_KCRI_2019,2019-11-13,0,,,,5,,,,,,,,,,,,,Mbingu-Bovine,1,OR045937,,0,,,,
RB003,sequencing,2,,,,,,,,,,,,,,MinIon,Gbirthday_14_04_2021,2021-04-14,0,,FN60240,,23,334726,334726,12608.651430009,8823.7121655563,9640,0,54291,11777,11760,11745,11740,11664,Mbingu-Bovine,2,OR045937,,0,,,,
RB003,sequencing,3,,,,,,,,,,,,,,MinIon,,2022-01-13,0,,,,5,,,,,,,,,,,,,Mbingu-Bovine,3,OR045937,,0,,,,
RB004,sequencing,1,,,,,,,,,,,,,,MinIon,RABV_kcri_13nov_KCRI_2019,2019-11-13,0,,,,8,,,,,,,,,,,,,NCAA/RB004,1,OR045938,,0,,,,
RB004,sequencing,2,,,,,,,,,,,,,,MinIon,Gbirthday_14_04_2021,2021-04-14,0,,FN60240,,7,207720,207720,7449.5642875115,5652.4467751738,6429,0,33970,11778,11755,11745,11330,11681,NCAA/RB004,2,OR045938,,0,,,,
RB004,sequencing,3,,,,,,,,,,,,,,MinIon,,2022-01-13,0,,,,8,,,,,,,,,,,,,NCAA/RB004,3,OR045938,,0,,,,
SD712,sequencing,1,,,,,,,,,,,,,,MinIon,KCRI_13_November_2021,2021-11-14,0,,FAP60130,,23,136440,136440,6036.6537784115,4735.7869336708,4879,0,27526,11809,11797,11737,11476,11653,,1,OR920333,,0,,,,
SD716,sequencing,1,,,,,,,,,,,,,,MinIon,KCRI_13_November_2021,2021-11-14,0,,FAP60130,,21,240822,240822,14252.976767592,7827.6618089064,13217,0,44640,11922,11806,11790,11741,11673,,1,OR920248,,0,,,,
SD734,sequencing,1,,,,,,,,,,,,,,MinIon,KCRI_13_November_2021,2021-11-14,0,,FAP60130,,20,129176,129176,5278.6635075065,4180.7183015232,4613,0,23215,11797,11772,11364,10653,11453,,1,OR920325,,0,,,,
SD735,sequencing,1,,,,,,,,,,,,,,MinIon,KCRI_13_November_2021,2021-11-14,0,,FAP60130,,11,165890,165890,7415.9329027929,6182.4490385908,5021,0,32647,11840,11840,11769,11380,11641,,1,OR920296,,0,,,,
SD736,sequencing,1,,,,,,,,,,,,,,MinIon,KCRI_13_November_2021,2021-11-14,0,,FAP60130,,17,109344,109344,4481.914786547,4700.5454408314,2713,0,26005,11867,11408,10974,10662,10604,,1,OR920314,,0,,,,
SD737,sequencing,1,,,,,,,,,,,,,,MinIon,KCRI_13_November_2021,2021-11-14,0,,FAP60130,,19,151646,151646,7940.1232072465,6705.8941523474,6506,0,33163,11798,11796,11573,11111,11629,,1,OR920241,,0,,,,
SD738,sequencing,1,,,,,,,,,,,,,,MinIon,NIMAIST_6th_sept_2019,2019-09-06,0,,,,7,30566,30566,1666.4997064497,1291.2778114749,1385,0,5917,11873,11674,11665,11333,10962,OR045941,1,OR045941,,0,,,,
SD738,sequencing,2,,,,,,,,,,,,,,MinIon,KCRI_13_November_2021,2021-11-14,0,,FAP60130,,18,61657,61657,2492.5054097123,2522.8072573708,1695,0,15280,11809,11491,11044,10682,10607,,2,OR045941,,0,,,,
SD740,sequencing,1,,,,,,,,,,,,,,MinIon,NIMAIST_6th_sept_2019,2019-09-06,0,,,,9,35288,35288,1908.5846682882,1310.7186719303,1634,0,5293,11870,11869,11671,11666,11318,,1,OR920312,,0,,,,
SD741,sequencing,1,,,,,,,,,,,,,,MinIon,NIMAIST_6th_sept_2019,2019-09-06,0,,,,2,73357,73357,4632.7026755011,2171.7459998551,4589,0,10378,11895,11879,11877,11712,11648,,1,OR045942,,0,,,,
SD743,sequencing,1,,,,,,,,,,,,,,MinIon,NIMAIST_6th_sept_2019,2019-09-06,0,,,,5,47214,47214,3630.208840057,1848.3792704767,3865,0,8233,11877,11840,11832,11822,11615,,1,OR045943,,0,,,,
SD744,sequencing,1,,,,,,,,,,,,,,MinIon,NIMAIST_6th_sept_2019,2019-09-06,0,,,,3,46325,46325,3791.9854063575,2058.9907995229,3731,0,9339,11886,11836,11728,11620,11360,,1,OR045944,,0,,,,
SD745,sequencing,1,,,,,,,,,,,,,,MinIon,NIMAIST_6th_sept_2019,2019-09-06,0,,,,6,1591,1591,97.05678101149,57.177556678222,85,0,264,11869,11659,11063,5092,9580,,1,OR045945,,0,,,,
SD746,sequencing,1,,,,,,,,,,,,,,MinIon,NIMAIST_6th_sept_2019,2019-09-06,0,,,,1,45348,45348,2622.2769437222,1648.6567373793,2451,0,7343,11870,11865,11769,11522,11466,,1,OR920271,,0,,,,
SD747,sequencing,1,,,,,,,,,,,,,,MinIon,NIMAIST_6th_sept_2019,2019-09-06,0,,,,10,37593,37593,2636.1184265705,1427.4988221826,2554,0,6325,11902,11891,11866,11666,11570,,1,OR920217,,0,,,,
SD749,sequencing,1,,,,,,,,,,,,,,MinIon,NIMAIST_6th_sept_2019,2019-09-06,0,,,,4,30039,30039,2092.7089658643,1178.2675270144,2023,0,5503,11888,11869,11869,11665,11579,,1,OR920275,,0,,,,
SD750,sequencing,1,,,,,,,,,,,,,,MinIon,NIMAIST_6th_sept_2019,2019-09-06,0,,,,11,55007,55007,2099.8491151556,1721.7269992324,1614,0,8078,11882,11868,11855,10795,11510,Failed in medaka,1,OR920230,,0,,,,
SD750,sequencing,2,,,,,,,,,,,,,,MinIon,RABV_kcri_13nov_KCRI_2019,2019-11-13,0,,,,2,,,,,,,,,,,,,Failed in medaka,2,OR920230,,0,,,,
SD750,sequencing,3,,,,,,,,,,,,,,MinIon,,2022-01-13,0,,,,2,,,,,,,,,,,,,Failed in medaka,3,OR920230,,0,,,,
SD751,sequencing,1,,,,,,,,,,,,,,MinIon,RABV_kcri_13nov_KCRI_2019,2019-11-13,0,,,,1,,,,,,,,,,,,,,1,OR045946,,0,,,,
SD751,sequencing,2,,,,,,,,,,,,,,MinIon,Gbirthday_14_04_2021,2021-04-14,0,,FN60240,,9,227610,227610,9912.8305795521,5710.3448035139,9667,0,34690,11867,11819,11748,11534,11686,,2,OR045946,,0,,,,
SD751,sequencing,3,,,,,,,,,,,,,,MinIon,,2022-01-13,0,,,,1,,,,,,,,,,,,,,3,OR045946,,0,,,,
SD753,sequencing,1,,,,,,,,,,,,,,MinIon,NIMAIST_6th_sept_2019,2019-09-06,0,,,,8,41713,41713,1844.606558752,1388.0348681195,1571,0,5992,11896,11868,11865,11292,11277,,1,,,,,,,
SD753,sequencing,2,,,,,,,,,,,,,,MinIon,Gbirthday_14_04_2021,2021-04-14,0,,FN60240,,2,214078,214078,8351.4903967122,5768.6410178561,7021,0,34616,11842,11805,11744,11523,11677,,2,,,,,,,
SD754,sequencing,1,,,,,,,,,,,,,,MinIon,Gbirthday_14_04_2021,2021-04-14,0,,FN60240,,4,207970,207970,7746.4494674159,5131.3629631525,6806,0,32172,11778,11751,11741,11335,11681,,1,OR920223,,0,,,,
SD755,sequencing,1,,,,,,,,,,,,,,MinIon,Gbirthday_14_04_2021,2021-04-14,0,,FN60240,,3,179278,179278,7876.6861528139,4636.3559259473,7487,0,28026,11890,11833,11775,11740,11687,,1,OR920213,,0,,,,
SD756,sequencing,1,,,,,,,,,,,,,,MinIon,Gbirthday_14_04_2021,2021-04-14,0,,FN60240,,5,465827,465827,17291.429254382,11720.304122066,14480,0,68259,11863,11812,11752,11527,11681,,1,OR920210,,0,,,,
SD759,sequencing,1,,,,,,,,,,,,,,MinIon,KCRI_13_November_2021,2021-11-14,0,,FAP60130,,16,114531,114531,6095.6044619643,4094.3459934969,4654,0,23166,11803,11798,11747,11741,11633,,1,OR920293,,0,,,,
SD760,sequencing,1,,,,,,,,,,,,,,MinIon,KCRI_13_November_2021,2021-11-14,0,,FAP60130,,15,46611,46611,3520.2310660069,1916.7683518043,3152,0,10721,11919,11909,11863,11739,11631,,1,OR920209,,0,,,,
SD761,sequencing,1,,,,,,,,,,,,,,MinIon,KCRI_13_November_2021,2021-11-14,0,,FAP60130,,14,56576,56576,2056.7521596914,1913.483072462,1743,0,12132,11814,11609,11511,10599,11321,,1,OR920264,,0,,,,
SD763,sequencing,1,,,,,,,,,,,,,,MinIon,KCRI_13_November_2021,2021-11-14,0,,FAP60130,,12,114153,114153,4294.0052839051,4024.0738697076,3768,0,26797,11809,11798,11562,11113,11309,,1,OR920315,,0,,,,
SD764,sequencing,1,,,,,,,,,,,,,,MinIon,KCRI_13_November_2021,2021-11-14,0,,FAP60130,,13,101777,101777,3753.497945148,3211.5389057254,3393,0,21955,11814,11799,11747,11509,11646,,1,OR920216,,0,,,,
SD766,sequencing,1,,,,,,,,,,,,,,MinIon,Gbirthday_14_04_2021,2021-04-14,0,,FN60240,,1,294426,294426,10876.440828651,7294.7341858626,9204,0,40203,11807,11773,11544,11444,11687,,1,OR920294,,0,,,,
SD767,sequencing,1,,,,,,,,,,,,,,MinIon,Gbirthday_14_04_2021,2021-04-14,0,,FN60240,,8,231372,231372,8905.3399312254,5623.932712057,7746,0,31334,11832,11792,11749,11522,11681,,1,OR920306,,0,,,,
SD782,sequencing,1,,,,,,,,,,,,,,MinIon,KCRI_Training_21_04_2021,2021-04-21,0,,FAP64564,,8,327026,327026,12707.270401745,9399.6890585417,10322,0,56384,11885,11751,11744,11740,11672,,1,OR920323,,0,,,,
SD785,sequencing,1,,,,,,,,,,,,,,MinIon,Gbirthday_14_04_2021,2021-04-14,0,,FN60240,,6,451515,451515,19375.393273505,11930.295318435,16736,0,73094,11881,11799,11752,11739,11680,,1,OR920228,,0,,,,
SD789,sequencing,1,,,,,,,,,,,,,,MinIon,KCRI_Training_21_04_2021,2021-04-21,0,,FAP64564,,7,143815,143815,7018.8951606139,5015.7510326456,5659,0,28710,11809,11798,11796,11739,11633,sequenced twice,1,,,,,,,
SD789,sequencing,2,,,,,,,,,,,,,,MinIon,KCRI_12_November_2021,2021-11-14,0,,FAP60130,,10,1005533,1005533,33593.434789902,25261.383426289,28258,0,147246,11897,11839,11749,11560,11667,sequenced twice,2,,,,,,,
SD790,sequencing,1,,,,,,,,,,,,,,MinIon,KCRI_Training_21_04_2021,2021-04-21,0,,FAP64564,,9,405624,405624,18494.970477229,12358.167359013,15322,0,68620,11896,11808,11798,11797,11647,,1,OR920204,,0,,,,
SD791,sequencing,1,,,,,,,,,,,,,,MinIon,KCRI_Training_21_04_2021,2021-04-21,0,,FAP64564,,6,2664211,2664211,104729.34890548,75922.786206551,88145,0,459921,11896,11771,11752,11750,11666,,1,OR920280,,0,,,,
SD792,sequencing,1,,,,,,,,,,,,,,MinIon,KCRI_Training_21_04_2021,2021-04-21,0,,FAP64564,,4,1827742,1827742,81477.333389248,44735.642380334,73887,0,281973,11903,11891,11753,11746,11666,,1,OR920243,,0,,,,
SD793,sequencing,1,,,,,,,,,,,,,,MinIon,KCRI_Training_21_04_2021,2021-04-21,0,,FAP64564,,5,1544552,1544552,62015.612094272,40557.469833218,51499,3,212632,11923,11892,11843,11766,11679,,1,OR920317,,0,,,,
SD799,sequencing,1,,,,,,,,,,,,,,MinIon,KCRI_13_November_2021,2021-11-14,0,,FAP60130,,9,95698,95698,5398.3927702759,3368.555881511,4937,0,19828,11809,11782,11744,11733,11555,,1,OR920309,,0,,,,
SD800,sequencing,1,,,,,,,,,,,,,,MinIon,KCRI_12_November_2021,2021-11-14,0,,FAP60130,,8,4596,4596,153.16229136962,348.605410659,13,0,1789,9867,8046,4538,2794,3104,,1,,,,,,,
SD801,sequencing,1,,,,,,,,,,,,,,MinIon,KCRI_13_November_2021,2021-11-14,0,,FAP60130,,7,60614,60614,4290.5173194666,1856.3518740854,4358,0,10673,11922,11889,11748,11740,11587,,1,OR920304,,0,,,,
SD802,sequencing,1,,,,,,,,,,,,,,MinIon,KCRI_13_November_2021,2021-11-14,0,,FAP60130,,6,76085,76085,4820.6098297408,2948.1892242482,4291,0,12555,11915,11801,11745,11740,11611,,1,OR920263,,0,,,,
SD804,sequencing,1,,,,,,,,,,,,,,MinIon,KCRI_13_November_2021,2021-11-14,0,,FAP60130,,1,87173,87173,4403.85825715,3559.917910568,3320,0,16442,11814,11807,11411,10925,11402,,1,OR920354,,0,,,,
SD806,sequencing,1,,,,,,,,,,,,,,MinIon,KCRI_13_November_2021,2021-11-14,0,,FAP60130,,2,152653,152653,7276.5966619139,5023.9410600125,6145,0,29258,11922,11914,11748,11578,11670,,1,OR920347,,0,,,,
SD807,sequencing,1,,,,,,,,,,,,,,MinIon,KCRI_13_November_2021,2021-11-14,0,,FAP60130,,3,70836,70836,2651.3000083872,2717.1200672733,2010,0,19114,11809,11798,11742,10697,11600,,1,OR920250,,0,,,,
SD809,sequencing,1,,,,,,,,,,,,,,MinIon,KCRI_13_November_2021,2021-11-14,0,,FAP60130,,4,60212,60212,3759.3182923761,1921.2929973512,3473,0,12085,11873,11827,11745,11740,11607,,1,OR920218,,0,,,,
SD810,sequencing,1,,,,,,,,,,,,,,MinIon,KCRI_13_November_2021,2021-11-14,0,,FAP60130,,5,138378,138378,7324.8830831167,4389.1920280047,6214,0,22634,11919,11798,11785,11741,11657,,1,OR920299,,0,,,,
SD812,sequencing,1,,,,,,,,,,,,,,MinIon,KCRI_RABV_10_March_2022,2022-03-10,0,,FAN52650,,1,122333,122333,8922.0054516481,10455.745825191,3437,0,38503,11798,11760,11748,11534,11618,,1,OR920270,,0,,,,
SD813,sequencing,1,,,,,,,,,,,,,,MinIon,KCRI_RABV_10_March_2022,2022-03-10,0,,FAN52650,,2,218546,218546,14132.589700579,15170.201904355,6970,0,59168,11800,11754,11747,11745,11624,,1,OR920282,,0,,,,
SD815,sequencing,1,,,,,,,,,,,,,,MinIon,KCRI_RABV_10_March_2022,2022-03-10,0,,FAN52650,,3,126900,126900,6252.781766334,4873.3630989794,4551,0,23926,11921,11921,11798,11744,11662,,1,OR920308,,0,,,,
SD816,sequencing,1,,,,,,,,,,,,,,MinIon,KCRI_21_Nov_2022,2022-11-21,0,,FAU46094,,3,47152,47152,1638.3308731024,1245.7404978556,1325,0,6259,11759,11747,11743,11567,11650,,1,OR920277,,0,,,,
SD817,sequencing,1,,,,,,,,,,,,,,MinIon,KCRI_RABV_10_March_2022,2022-03-10,0,,FAN52650,,4,226076,226076,12142.892812212,6647.6833398081,11184,0,33349,11921,11897,11750,11741,11665,,1,OR920208,,0,,,,
SD818,sequencing,1,,,,,,,,,,,,,,MinIon,KCRI_RABV_10_March_2022,2022-03-10,0,,FAN52650,,5,289935,289935,10274.393860606,8102.9510275067,8148,0,43172,11800,11798,11797,11759,11607,,1,OR920254,,0,,,,
SD821,sequencing,1,,,,,,,,,,,,,,MinIon,KCRI_21_Nov_2022,2022-11-21,0,,FAU46094,,4,60055,60055,2051.5442422209,1454.0797542341,1806,0,7680,11762,11747,11745,11345,11664,,1,OR920300,,0,,,,
SD823,sequencing,1,,,,,,,,,,,,,,MinIon,KCRI_21_Nov_2022,2022-11-21,0,,FAU46094,,5,74477,74477,2763.0265033968,1801.5709264477,2630,0,7903,11761,11753,11746,11351,11635,,1,OR920324,,0,,,,
SD825,sequencing,1,,,,,,,,,,,,,,MinIon,KCRI_21_Nov_2022,2022-11-21,0,,FAU46094,,6,72657,72657,2587.9775224356,1583.6254846256,2451,0,7349,11754,11751,11744,11546,11645,,1,OR920229,,0,,,,
SD826,sequencing,1,,,,,,,,,,,,,,MinIon,KCRI_21_Nov_2022,2022-11-21,0,,FAU46094,,7,93078,93078,3686.7505661327,2122.4224933024,3527,0,10430,11811,11750,11745,11529,11610,,1,OR920245,,0,,,,
SD827,sequencing,1,,,,,,,,,,,,,,MinIon,KCRI_21_Nov_2022,2022-11-21,0,,FAU46094,,8,78240,78240,3031.1767172691,1765.6152148623,2942,0,9317,11806,11750,11745,11742,11652,,1,OR920215,,0,,,,
SD828,sequencing,1,,,,,,,,,,,,,,MinIon,KCRI_21_Nov_2022,2022-11-21,0,,FAU46094,,9,27841,27841,984.08756185524,757.20436418105,780,0,3984,11757,11745,11581,11351,11627,,1,OR920292,,0,,,,
SD830,sequencing,1,,,,,,,,,,,,,,MinIon,KCRI_21_Nov_2022,2022-11-21,0,,FAU46094,,10,82582,82582,2837.0012580726,1709.7237675319,2714,0,9084,11755,11749,11744,11739,11630,,1,OR920345,,0,,,,
SD831,sequencing,1,,,,,,,,,,,,,,MinIon,KCRI_21_Nov_2022,2022-11-21,0,,FAU46094,,11,111868,111868,4925.7050239034,3061.7315964216,4944,0,16496,11766,11753,11752,11742,11652,,1,OR920279,,0,,,,
SD832,sequencing,1,,,,,,,,,,,,,,MinIon,KCRI_21_Nov_2022,2022-11-21,0,,FAU46094,,12,23264,23264,863.28205988426,685.38563873363,643,0,3751,11753,11749,11743,11318,11563,,1,OR920226,,0,,,,
SD834,sequencing,1,,,,,,,,,,,,,,MinIon,KCRI_21_Nov_2022,2022-11-21,0,,FAU46094,,13,30130,30130,1120.1899689675,895.47396065945,921,0,5048,11771,11747,11741,11353,11273,,1,OR920269,,0,,,,
SD835,sequencing,1,,,,,,,,,,,,,,MinIon,KCRI_21_Nov_2022,2022-11-21,0,,FAU46094,,14,42736,42736,1547.4487964438,1126.7642452063,1397,0,6040,11783,11749,11745,11356,11378,,1,OR920289,,0,,,,
SD837,sequencing,1,,,,,,,,,,,,,,MinIon,KCRI_21_Nov_2022,2022-11-21,0,,FAU46094,,2,90399,90399,3101.5242808018,1937.1642411634,2997,0,9924,11829,11763,11743,11427,11647,,1,OR920321,,0,,,,
SD846,sequencing,1,,,,,,,,,,,,,,MinIon,KCRI_21_Nov_2022,2022-11-21,0,,FAU46094,,1,59350,59350,2148.1693365764,1478.8404604478,2017,0,8006,11764,11747,11745,11580,11640,,1,OR045947,,0,,,,
TAN1019,sequencing,1,,,,,,,,,,,,,,MinIon,KCRI_21_Nov_2022,2022-11-21,0,,FAU46094,,20,153813,153813,9033.1356202298,8095.8698175247,6352,0,35290,11753,11750,11745,11745,11621,,1,OR920302,,0,,,,
Z0083175,sequencing,1,,,,,,,,,,,,,,MinIon,unitid_7th_Aug_2019,2019-08-07,0,,,,2,56200,56200,1686.744527384,2932.2911122942,91,0,15892,11630,11102,9346,5835,7466,,1,OR920283,,0,,,,
Z0083186,sequencing,1,,,,,,,,,,,,,,MinIon,unitid_7th_Aug_2019,2019-08-07,0,,,,20,5062,5062,149.21202717437,162.58165744007,92,0,1052,11752,11420,10053,5618,7475,,1,OR920349,,0,,,,
Z0083192,sequencing,1,,,,,,,,,,,,,,MinIon,Kenya_08_Dec_2021,2021-12-08,0,,FAQ54054,,44,42511,42511,1474.4770611423,1504.4381527278,1112,0,8809,11807,11744,11538,11071,11115,,1,OR045951,,0,,,,
Z0083195,sequencing,1,,,,,,,,,,,,,,MinIon,Kenya_06_Dec_2021,2021-12-06,0,,FAQ53624,,7,,,,,,,,,,,,,,1,,,,,,,
Z0083197,sequencing,1,,,,,,,,,,,,,,MinIon,Kenya_06_Dec_2021,2021-12-06,0,,FAQ53624,,15,50118,50118,1740.6220749811,1948.224693033,1125,0,10385,11769,11743,11741,11697,11675,,1,OR920311,,0,,,,
Z0083198,sequencing,1,,,,,,,,,,,,,,MinIon,Kenya_06_Dec_2021,2021-12-06,0,,FAQ53624,,6,75712,75712,2847.8662249434,2324.3152418223,2351,0,14431,11839,11774,11747,11740,11677,,1,OR920233,,0,,,,
Z0083200,sequencing,1,,,,,,,,,,,,,,MinIon,Kenya_08_Dec_2021,2021-12-08,0,,FAQ54054,,20,77046,77046,3047.1921496268,2466.4418943253,2603,0,15029,11823,11752,11743,11738,11676,,1,OR920214,,0,,,,
Z0083201,sequencing,1,,,,,,,,,,,,,,MinIon,Kenya_06_Dec_2021,2021-12-06,0,,FAQ53624,,2,73981,73981,2998.1971819173,2239.3797857098,2415,0,12507,11858,11853,11742,11739,11682,,1,OR920266,,0,,,,
Z0083202,sequencing,1,,,,,,,,,,,,,,MinIon,Kenya_08_Dec_2021,2021-12-08,0,,FAQ54054,,72,13966,13966,460.40182839889,556.39063268377,234,0,2625,11542,11292,10700,7985,10056,,1,OR920338,,0,,,,
Z0083203,sequencing,1,,,,,,,,,,,,,,MinIon,Kenya_08_Dec_2021,2021-12-08,0,,FAQ54054,,43,62244,62244,2294.8243730605,2130.556040637,1771,0,10040,11765,11541,11528,11406,11402,,1,OR920246,,0,,,,
Z0083204,sequencing,1,,,,,,,,,,,,,,MinIon,Kenya_08_Dec_2021,2021-12-08,0,,FAQ54054,,10,38312,38312,1418.9282059884,1257.0066473585,1237,0,8082,11827,11724,11629,11060,11405,,1,OR045952,,0,,,,
Z0083205,sequencing,1,,,,,,,,,,,,,,MinIon,Kenya_06_Dec_2021,2021-12-06,0,,FAQ53624,,9,65327,65327,2391.7981212782,2450.9846338386,1878,0,13612,11813,11757,11743,11464,11676,,1,OR920242,,0,,,,
Z0083214,sequencing,1,,,,,,,,,,,,,,MinIon,Kenya_06_Dec_2021,2021-12-06,0,,FAQ53624,,10,66046,66046,2500.7509016187,2459.0751391921,1987,0,13572,11764,11744,11680,11352,11659,,1,OR920205,,0,,,,
Z0083215,sequencing,1,,,,,,,,,,,,,,MinIon,Kenya_08_Dec_2021,2021-12-08,0,,FAQ54054,,70,42169,42169,1645.6280298583,1263.9936876365,1374,0,6402,11838,11749,11741,11583,11677,,1,OR920285,,0,,,,
Z0083216,sequencing,1,,,,,,,,,,,,,,MinIon,Kenya_08_Dec_2021,2021-12-08,0,,FAQ54054,,21,62491,62491,3638.1819173027,3500.9257376924,2387,0,17790,11765,11744,11741,11739,11655,,1,OR045953,,0,,,,
Z0083218,sequencing,1,,,,,,,,,,,,,,MinIon,Kenya_08_Dec_2021,2021-12-08,0,,FAQ54054,,23,60804,60804,4395.0690262518,4961.7786634396,1771,0,20665,11862,11743,11740,11739,11667,,1,OR920281,,0,,,,
Z0083219,sequencing,1,,,,,,,,,,,,,,MinIon,Kenya_06_Dec_2021,2021-12-06,0,,FAQ53624,,20,14998,14998,497.02860018452,689.29052076298,247,0,4045,11640,11074,10230,7334,8934,,1,OR920258,,0,,,,
Z0083220,sequencing,1,,,,,,,,,,,,,,MinIon,Kenya_08_Dec_2021,2021-12-08,0,,FAQ54054,,19,112817,112817,4188.8643797702,3914.9955330708,3233,0,24608,11793,11747,11742,11582,11656,,1,OR920265,,0,,,,
Z0083221,sequencing,1,,,,,,,,,,,,,,MinIon,Kenya_08_Dec_2021,2021-12-08,0,,FAQ54054,,7,34164,34164,1356.606558752,1119.090259169,1265,0,6815,11761,11743,11740,11495,11638,,1,OR920219,,0,,,,
Z0083222,sequencing,1,,,,,,,,,,,,,,MinIon,Kenya_08_Dec_2021,2021-12-08,0,,FAQ54054,,9,49951,49951,1996.4383125052,1513.1219525303,1570,0,8851,11859,11812,11741,11534,11660,,1,OR920211,,0,,,,
Z0083223,sequencing,1,,,,,,,,,,,,,,MinIon,Kenya_06_Dec_2021,2021-12-06,0,,FAQ53624,,19,87556,87556,3811.6676172104,3132.9963937261,3097,0,19035,11760,11745,11742,11740,11672,,1,OR045954,,0,,,,
Z0083224,sequencing,1,,,,,,,,,,,,,,MinIon,Kenya_06_Dec_2021,2021-12-06,0,,FAQ53624,,5,83105,83105,3120.2628533087,2742.7473767142,2355,0,16109,11825,11748,11743,11491,11662,,1,OR920259,,0,,,,
Z0083225,sequencing,1,,,,,,,,,,,,,,MinIon,Kenya_06_Dec_2021,2021-12-06,0,,FAQ53624,,16,30501,30501,1056.5397131594,1022.1204806491,756,0,5593,11753,11741,11431,10909,11124,,1,OR920344,,0,,,,
Z0083226,sequencing,1,,,,,,,,,,,,,,MinIon,Kenya_06_Dec_2021,2021-12-06,0,,FAQ53624,,8,70030,70030,2652.6930302776,2249.9118435728,2172,0,13096,11828,11747,11742,11316,11674,,1,OR045955,,0,,,,
Z0083227,sequencing,1,,,,,,,,,,,,,,MinIon,Kenya_06_Dec_2021,2021-12-06,0,,FAQ53624,,4,52024,52024,2292.1430847941,1721.8936400831,1960,0,10193,11757,11745,11741,11739,11678,,1,OR920238,,0,,,,
Z0083228,sequencing,1,,,,,,,,,,,,,,MinIon,Kenya_08_Dec_2021,2021-12-08,0,,FAQ54054,,22,52040,52040,1981.9485867651,1660.8200999058,1557,0,10499,11751,11743,11741,11577,11653,,1,OR920261,,0,,,,
Z0083229,sequencing,1,,,,,,,,,,,,,,MinIon,Kenya_06_Dec_2021,2021-12-06,0,,FAQ53624,,3,58852,58852,2911.7253208085,2708.7988740701,2164,0,15401,11747,11744,11741,11739,11657,,1,OR920291,,0,,,,
Z0083231,sequencing,1,,,,,,,,,,,,,,MinIon,Kenya_08_Dec_2021,2021-12-08,0,,FAQ54054,,8,47019,47019,2506.4560093936,2383.7602475442,1598,0,12922,11760,11743,11741,11736,11650,,1,OR920278,,0,,,,
Z0083233,sequencing,1,,,,,,,,,,,,,,MinIon,Kenya_06_Dec_2021,2021-12-06,0,,FAQ53624,,17,87787,87787,4387.3810282647,4216.5129634223,3145,0,25025,11823,11743,11742,11573,11661,,1,OR045956,,0,,,,
Z0083234,sequencing,1,,,,,,,,,,,,,,MinIon,Kenya_08_Dec_2021,2021-12-08,0,,FAQ54054,,79,89182,89182,3055.7383208924,3259.0580748805,1920,0,20050,11775,11745,11743,11741,11675,,1,OR920267,,0,,,,
Z0083235,sequencing,1,,,,,,,,,,,,,,MinIon,Kenya_08_Dec_2021,2021-12-08,0,,FAQ54054,,71,34286,34286,1240.4981128911,1098.532289833,912,0,6588,11787,11746,11672,11499,11381,,1,OR920227,,0,,,,
Z0083236,sequencing,1,,,,,,,,,,,,,,MinIon,Kenya_08_Dec_2021,2021-12-08,0,,FAQ54054,,55,70669,70669,2409.9310576197,2697.734643198,1567,0,15571,11782,11746,11709,11530,11619,,1,OR920235,,0,,,,
Z0083237,sequencing,1,,,,,,,,,,,,,,MinIon,Kenya_08_Dec_2021,2021-12-08,0,,FAQ54054,,48,21737,21737,1781.4830160195,2118.6281847649,724,0,8001,11780,11741,11538,8521,11413,,1,OR920286,,0,,,,
Z0083239,sequencing,1,,,,,,,,,,,,,,MinIon,Kenya_06_Dec_2021,2021-12-06,0,,FAQ53624,,12,42946,42946,1570.5130420196,1731.2031790443,1133,0,9754,11783,11753,11742,11394,11673,,1,OR920255,,0,,,,
Z0083240,sequencing,1,,,,,,,,,,,,,,MinIon,UNITID_31_01_2022,2022-01-31,0,,FAM96911,,10,9925,9925,608.40560261679,409.04428203944,491,0,2059,11851,11742,11740,11738,11684,,1,OR045957,,0,,,,
Z0083243,sequencing,1,,,,,,,,,,,,,,MinIon,UNITID_31_01_2022,2022-01-31,0,,FAM96911,,15,11371,11371,695.83334731192,590.00070428514,468,0,3240,11745,11741,11740,11531,11684,,1,OR045958,,0,,,,
Z00832441,sequencing,1,,,,,,,,,,,,,,MinIon,Kenya_08_Dec_2021,2021-12-08,0,,FAQ54054,,81,34482,34482,3423.8162375241,4684.208941631,510,0,15563,11748,10957,10094,8888,10067,,1,OR920343,,0,,,,
Z00832442,sequencing,1,,,,,,,,,,,,,,MinIon,Kenya_08_Dec_2021,2021-12-08,0,,FAQ54054,,80,72960,72960,2617.9841482848,2854.3427942258,1802,0,16939,11846,11746,11743,11629,11668,,1,OR920342,,0,,,,
Z00832443,sequencing,1,,,,,,,,,,,,,,MinIon,Kenya_08_Dec_2021,2021-12-08,0,,FAQ54054,,82,53036,53036,2008.0449551287,1808.5186356294,1557,0,10676,11756,11744,11610,11297,11415,,1,OR045961,,0,,,,
Z0083245,sequencing,1,,,,,,,,,,,,,,MinIon,Kenya_08_Dec_2021,2021-12-08,0,,FAQ54054,,58,56099,56099,2116.3546087394,1862.5398917177,1684,0,10990,11809,11748,11736,11488,11635,,1,OR920221,,0,,,,
Z0083249,sequencing,1,,,,,,,,,,,,,,MinIon,unitid_14_09_2022,2022-09-14,0,,FAR97669,,28,38414,38414,1924.2224272415,1806.6070056463,1323,0,10111,11904,11850,11740,11739,11690,,1,OR920305,,0,,,,
Z0083252,sequencing,1,,,,,,,,,,,,,,MinIon,UNITID_31_01_2022,2022-01-31,0,,FAM96911,,8,12629,12629,610.62534596997,485.81792127001,447,0,2797,11857,11745,11740,11543,11691,,1,OR920351,,0,,,,
Z0083253,sequencing,1,,,,,,,,,,,,,,MinIon,UNITID_31_01_2022,2022-01-31,0,,FAM96911,,9,10024,10024,696.43252537113,481.94954793644,500,0,2501,11745,11740,11739,11738,11677,,1,OR920339,,0,,,,
Z0083261,sequencing,1,,,,,,,,,,,,,,MinIon,unitid_14_09_2022,2022-09-14,0,,FAR97669,,83,50453,50453,2355.5947328692,1668.313043914,1946,0,9577,11803,11756,11742,11739,11689,,1,OR920251,,0,,,,
Z0083262,sequencing,1,,,,,,,,,,,,,,MinIon,unitid_14_09_2022,2022-09-14,0,,FAR97669,,51,122204,122204,5348.929128575,4093.8147648902,4678,0,24439,11895,11757,11743,11740,11686,,1,OR920274,,0,,,,
Z0083263,sequencing,1,,,,,,,,,,,,,,MinIon,unitid_14_09_2022,2022-09-14,0,,FAR97669,,36,38224,38224,1798.3737314434,1711.6396719532,1300,0,9835,11780,11745,11740,11739,11680,,1,OR920222,,0,,,,
Z0083265,sequencing,1,,,,,,,,,,,,,,MinIon,unitid_14_09_2022,2022-09-14,0,,FAR97669,,52,26515,26515,1253.9105929716,1222.9016882928,910,0,7277,11755,11743,11740,11738,11690,,1,OR920334,,0,,,,
Z00861806,sequencing,1,,,,,,,,,,,,,,MinIon,unitid_14_09_2022,2022-09-14,0,,FAR97669,,90,47665,47665,2092.3801056781,1684.6707994481,1689,0,9736,11871,11753,11742,11314,11658,,1,OR045962,,0,,,,
Z00861807,sequencing,1,,,,,,,,,,,,,,MinIon,unitid_14_09_2022,2022-09-14,0,,FAR97669,,73,91098,91098,3623.6863205569,3299.0979322871,2662,0,15425,11892,11857,11772,11700,11629,,1,OR045963,,0,,,,
Z00861808,sequencing,1,,,,,,,,,,,,,,MinIon,unitid_14_09_2022,2022-09-14,0,,FAR97669,,2,126515,126515,5008.8459280382,4610.6519985828,3508,0,23922,11808,11748,11742,11739,11590,,1,OR045964,,0,,,,
Z00861809,sequencing,1,,,,,,,,,,,,,,MinIon,unitid_14_09_2022,2022-09-14,0,,FAR97669,,11,53250,53250,2204.626016942,1778.3920042374,1636,0,11725,11842,11783,11742,11740,11590,,1,OR920320,,0,,,,
Z00861810,sequencing,1,,,,,,,,,,,,,,MinIon,unitid_14_09_2022,2022-09-14,0,,FAR97669,,3,60326,60326,2325.3489893483,2234.8703774111,1907,0,10616,11882,11797,11741,11322,11525,,1,OR045965,,0,,,,
Z00861811,sequencing,1,,,,,,,,,,,,,,MinIon,unitid_14_09_2022,2022-09-14,0,,FAR97669,,81,89312,89312,3372.1940786715,3401.7515653023,2288,1,19497,11923,11867,11810,11071,11656,,1,OR045966,,0,,,,
Z00861814,sequencing,1,,,,,,,,,,,,,,MinIon,unitid_14_09_2022,2022-09-14,0,,FAR97669,,57,1791,1791,58.871676591462,98.260275135061,24,0,499,9942,7964,6355,2220,5674,,1,,,,,,,
Z00861815,sequencing,1,,,,,,,,,,,,,,MinIon,unitid_14_09_2022,2022-09-14,0,,FAR97669,,25,86703,86703,3486.4251446784,3202.7880413332,2618,0,17409,11881,11818,11756,11529,11540,,1,OR045968,,0,,,,
Z00861816,sequencing,1,,,,,,,,,,,,,,MinIon,unitid_14_09_2022,2022-09-14,0,,FAR97669,,74,89380,89380,3691.5699907741,3657.7174865485,2638,0,20097,11855,11814,11759,11529,11584,,1,OR920316,,0,,,,
Z00861820,sequencing,1,,,,,,,,,,,,,,MinIon,unitid_14_09_2022,2022-09-14,0,,FAR97669,,89,,,,,,,,,,,,,,1,OR045969,,0,,,,
Z00861820,sequencing,2,,,,,,,,,,,,,,MinIon,unitid_14_09_2022,2022-09-14,0,,FAR97669,,89,111173,111173,4890.6119265286,3121.0470900884,4377,0,19503,11907,11812,11745,11740,11649,OR045969,2,OR045969,,0,,,,
Z00861823,sequencing,1,,,,,,,,,,,,,,MinIon,unitid_14_09_2022,2022-09-14,0,,FAR97669,,50,80748,80748,3050.990270905,2857.9864473739,2356,0,17963,11843,11749,11695,11524,11663,,1,OR045970,,0,,,,
Z00861824,sequencing,1,,,,,,,,,,,,,,MinIon,unitid_14_09_2022,2022-09-14,0,,FAR97669,,41,61219,61219,2809.4662417177,3038.9260965449,2056,0,19001,11848,11804,11741,11740,11499,,1,OR045971,,0,,,,
Z00861826,sequencing,1,,,,,,,,,,,,,,MinIon,unitid_14_09_2022,2022-09-14,0,,FAR97669,,17,123613,123613,4907.4149123543,4488.5497866706,3536,0,26600,11877,11856,11790,11529,11649,,1,OR045972,,0,,,,
Z00861827,sequencing,1,,,,,,,,,,,,,,MinIon,unitid_14_09_2022,2022-09-14,0,,FAR97669,,82,77988,77988,3476.9277866309,2602.0513872025,3130,0,15699,11841,11802,11753,11740,11517,,1,OR045973,,0,,,,
Z00861829,sequencing,1,,,,,,,,,,,,,,MinIon,unitid_14_09_2022,2022-09-14,0,,FAR97669,,66,48523,48523,2067.6720624004,2083.6923708423,1565,0,11402,11824,11809,11742,11565,11653,,1,OR045974,,0,,,,
Z00861831,sequencing,1,,,,,,,,,,,,,,MinIon,unitid_14_09_2022,2022-09-14,0,,FAR97669,,19,63500,63500,2532.1601945819,2491.5524169489,1869,0,13691,11842,11771,11743,11740,11569,,1,OR045975,,0,,,,
Z00861832,sequencing,1,,,,,,,,,,,,,,MinIon,unitid_14_09_2022,2022-09-14,0,,FAR97669,,33,85982,85982,3280.080265034,3074.5411600362,2519,0,19340,11881,11872,11778,11525,11667,,1,OR045976,,0,,,,
Z00861834,sequencing,1,,,,,,,,,,,,,,MinIon,unitid_14_09_2022,2022-09-14,0,,FAR97669,,58,102287,102287,4456.417512371,3655.6360588046,3558,0,20015,11865,11761,11743,11740,11649,,1,OR045977,,0,,,,
Z00861835,sequencing,1,,,,,,,,,,,,,,MinIon,unitid_14_09_2022,2022-09-14,0,,FAR97669,,49,106791,106791,4406.2307305208,3670.9470693584,3721,0,19965,11892,11871,11815,11739,11657,,1,OR045978,,0,,,,
Z00861836,sequencing,1,,,,,,,,,,,,,,MinIon,unitid_14_09_2022,2022-09-14,0,,FAR97669,,27,70246,70246,3030.2007883922,2747.8107477581,2267,0,15450,11844,11752,11743,11730,11652,,1,OR045979,,0,,,,
Z00861837,sequencing,1,,,,,,,,,,,,,,MinIon,UNITID_31_01_2022,2022-01-31,0,,FAM96911,,7,25759,25759,1115.6076490816,910.27197621073,824,0,5550,11874,11769,11743,11307,11658,,1,OR045980,,0,,,,
Z00861838,sequencing,1,,,,,,,,,,,,,,MinIon,UNITID_31_01_2022,2022-01-31,0,,FAM96911,,6,16897,16897,909.23911767173,517.02283906131,866,0,2395,11820,11745,11740,11316,11656,,1,OR045981,,0,,,,
Z00861839,sequencing,1,,,,,,,,,,,,,,MinIon,UNITID_31_01_2022,2022-01-31,0,,FAM96911,,1,18965,18965,907.6938689927,858.73180656317,618,0,4580,11865,11774,11740,11734,11449,,1,OR045982,,0,,,,
Z00861840,sequencing,1,,,,,,,,,,,,,,MinIon,UNITID_31_01_2022,2022-01-31,0,,FAM96911,,5,8306,8306,519.9175543068,279.93374607917,444,0,1468,11877,11769,11740,11521,11437,,1,OR045983,,0,,,,
Z00861841,sequencing,1,,,,,,,,,,,,,,MinIon,UNITID_31_01_2022,2022-01-31,0,,FAM96911,,4,25358,25358,1216.1575945651,948.59354372465,900,0,5116,11853,11781,11741,11521,11656,,1,OR045984,,0,,,,
Z00861842,sequencing,1,,,,,,,,,,,,,,MinIon,UNITID_31_01_2022,2022-01-31,0,,FAM96911,,2,31804,31804,1476.9403673572,1114.1183834029,1180,0,6645,11868,11799,11762,11523,11654,,1,OR920224,,0,,,,
Z00861843,sequencing,1,,,,,,,,,,,,,,MinIon,UNITID_31_01_2022,2022-01-31,0,,FAM96911,,3,18383,18383,811.82152142917,719.5384616093,574,0,3890,11817,11743,11740,11316,11645,,1,OR045985,,0,,,,
Z00861844,sequencing,1,,,,,,,,,,,,,,MinIon,UNITID_31_01_2022,2022-01-31,0,,FAM96911,,13,7707,7707,450.92250272582,272.78551825444,458,0,1374,11746,11742,11740,10963,11400,,1,OR045986,,0,,,,
Z00861845,sequencing,1,,,,,,,,,,,,,,MinIon,UNITID_31_01_2022,2022-01-31,0,,FAM96911,,14,5075,5075,303.13050406777,218.3240069162,276,0,1057,11759,11740,11739,10290,11304,,1,OR045987,,0,,,,
Z00861846,sequencing,1,,,,,,,,,,,,,,MinIon,UNITID_31_01_2022,2022-01-31,0,,FAM96911,,12,14234,14234,716.67457854567,538.55962794657,572,0,2856,11886,11813,11740,11493,11660,,1,OR045988,,0,,,,
Z00861847,sequencing,1,,,,,,,,,,,,,,MinIon,UNITID_31_01_2022,2022-01-31,0,,FAM96911,,11,2261,2261,135.72590790908,73.517451379656,125,0,359,11807,11535,11519,7747,11037,,1,OR920236,,0,,,,
Z00861850,sequencing,1,,,,,,,,,,,,,,MinIon,Kenya_08_Dec_2021,2021-12-08,0,,FAQ54054,,68,55655,55655,2649.3617378177,2200.7299566185,2255,0,10523,11828,11780,11742,11523,11527,,1,OR045989,,0,,,,
Z00861851,sequencing,1,,,,,,,,,,,,,,MinIon,Kenya_08_Dec_2021,2021-12-08,0,,FAQ54054,,56,29854,29854,1106.8960832005,866.41919548153,917,0,4374,11837,11751,11509,11310,11268,,1,OR045990,,0,,,,
Z00861852,sequencing,1,,,,,,,,,,,,,,MinIon,Kenya_08_Dec_2021,2021-12-08,0,,FAQ54054,,60,19624,19624,692.75568229472,611.43767642406,523,0,2803,11838,11663,11296,11054,10904,,1,OR045991,,0,,,,
Z00861853,sequencing,1,,,,,,,,,,,,,,MinIon,Kenya_08_Dec_2021,2021-12-08,0,,FAQ54054,,67,27651,27651,1104.1758785541,1059.5517364668,884,0,6526,11819,11749,11525,11500,11260,,1,OR045992,,0,,,,
Z00861854,sequencing,1,,,,,,,,,,,,,,MinIon,Kenya_08_Dec_2021,2021-12-08,0,,FAQ54054,,59,57145,57145,3196.4555061646,2883.0203698331,2378,0,11432,11784,11753,11522,11201,10917,,1,OR920288,,0,,,,
Z00861855,sequencing,1,,,,,,,,,,,,,,MinIon,Kenya_08_Dec_2021,2021-12-08,0,,FAQ54054,,57,44756,44756,2550.6468170762,2612.6232664969,1644,0,11391,11875,11788,11742,11716,11480,,1,OR045993,,0,,,,
Z00861856,sequencing,1,,,,,,,,,,,,,,MinIon,Kenya_08_Dec_2021,2021-12-08,0,,FAQ54054,,32,57,57,1.9826385976684,2.4782124957534,1,0,11,7259,1930,0,0,0,,1,,,,,,,
Z00861857,sequencing,1,,,,,,,,,,,,,,MinIon,Kenya_08_Dec_2021,2021-12-08,0,,FAQ54054,,36,,,,,,,,,,,,,missing in mapping stat,1,,,,,,,
Z00861858,sequencing,1,,,,,,,,,,,,,,MinIon,Kenya_08_Dec_2021,2021-12-08,0,,FAQ54054,,34,18234,18234,706.35226033716,687.51932180725,504,0,4352,11869,11764,11520,10613,11167,,1,OR045995,,0,,,,
Z00861859,sequencing,1,,,,,,,,,,,,,,MinIon,Kenya_08_Dec_2021,2021-12-08,0,,FAQ54054,,35,39052,39052,2488.5917973664,2486.6399262164,1669,0,10141,11844,11764,11526,11521,11263,,1,OR045996,,0,,,,
Z00861860,sequencing,1,,,,,,,,,,,,,,MinIon,Kenya_08_Dec_2021,2021-12-08,0,,FAQ54054,,33,29645,29645,1138.3261762979,877.39978900253,952,0,4606,11828,11708,11526,11305,11236,,1,OR045997,,0,,,,
Z00861861,sequencing,1,,,,,,,,,,,,,,MinIon,Kenya_08_Dec_2021,2021-12-08,0,,FAQ54054,,47,11,11,0.37666694623836,0.70843343743994,0,0,3,3267,0,0,0,0,,1,,,,,,,
Z00861862,sequencing,1,,,,,,,,,,,,,,MinIon,Kenya_08_Dec_2021,2021-12-08,0,,FAQ54054,,84,28573,28573,1091.7683468926,907.06149180876,878,0,5739,11810,11743,11738,11305,11451,,1,OR045998,,0,,,,
Z00861863,sequencing,1,,,,,,,,,,,,,,MinIon,Kenya_08_Dec_2021,2021-12-08,0,,FAQ54054,,46,42827,42827,3134.4555061646,3442.227190151,1340,0,11794,11749,11742,11528,11179,11241,,1,OR045999,,0,,,,
Z00861864,sequencing,1,,,,,,,,,,,,,,MinIon,Kenya_08_Dec_2021,2021-12-08,0,,FAQ54054,,45,34141,34141,1638.7436047975,1489.1538712435,1204,0,8290,11758,11749,11740,11521,11520,,1,OR046000,,0,,,,
Z00861865,sequencing,1,,,,,,,,,,,,,,MinIon,Kenya_08_Dec_2021,2021-12-08,0,,FAQ54054,,31,43649,43649,2841.0785876038,3016.1991741692,1577,0,10953,11861,11538,11205,11201,10923,,1,OR046001,,0,,,,
Z00861867,sequencing,1,,,,,,,,,,,,,,MinIon,Kenya_06_Dec_2021,2021-12-06,0,,FAQ53624,,1,44557,44557,1918.8217730437,1423.4194464407,1647,0,7368,11803,11747,11741,11546,11540,,1,OR046002,,0,,,,
Z00861869,sequencing,1,,,,,,,,,,,,,,MinIon,Kenya_06_Dec_2021,2021-12-06,0,,FAQ53624,,11,61674,61674,2412.8802314854,1729.890628739,2224,0,9045,11819,11773,11742,11505,11575,,1,OR046003,,0,,,,
Z00861870,sequencing,1,,,,,,,,,,,,,,MinIon,Kenya_06_Dec_2021,2021-12-06,0,,FAQ53624,,14,57734,57734,2104.8688249602,1814.2988368757,1623,0,11276,11881,11790,11743,11521,11595,,1,OR046004,,0,,,,
Z00861871,sequencing,1,,,,,,,,,,,,,,MinIon,Kenya_08_Dec_2021,2021-12-08,0,,FAQ54054,,12,90145,90145,3741.910005871,3369.3892505708,2790,0,20448,11803,11754,11529,11189,11269,,1,OR046005,,0,,,,
Z00861872,sequencing,1,,,,,,,,,,,,,,MinIon,Kenya_06_Dec_2021,2021-12-06,0,,FAQ53624,,13,59590,59590,2583.9989935419,2179.3987533689,2113,0,13455,11809,11766,11742,11522,11528,,1,OR046006,,0,,,,
Z00861874,sequencing,1,,,,,,,,,,,,,,MinIon,Kenya_08_Dec_2021,2021-12-08,0,,FAQ54054,,11,25616,25616,2042.2019625933,2666.4163128948,678,0,9646,11849,11769,11552,10646,11182,,1,OR920206,,0,,,,
Z00861875,sequencing,1,,,,,,,,,,,,,,MinIon,Kenya_06_Dec_2021,2021-12-06,0,,FAQ53624,,18,11243,11243,372.58617797534,431.93924884838,242,0,2625,11322,11065,9881,7779,9219,,1,OR920262,,0,,,,
Z00861877,sequencing,1,,,,,,,,,,,,,,MinIon,Kenya_08_Dec_2021,2021-12-08,0,,FAQ54054,,24,24237,24237,997.70963683637,774.58536027511,904,0,4336,11829,11742,11524,11050,11271,,1,OR046007,,0,,,,
Z00863041,sequencing,1,,,,,,,,,,,,,,MinIon,unitid_7th_Aug_2019,2019-08-07,0,,,,1,288,288,8.3721378847605,9.0831395604657,5,0,46,9708,6354,1309,0,950,,1,,,,,,,
Z00865560,sequencing,1,,,,,,,,,,,,,,MinIon,unitid_14_09_2022,2022-09-14,0,,FAR97669,,34,83578,83578,3969.9880063742,3019.9909056536,3272,0,15375,11920,11848,11822,11749,11655,,1,OR046008,,0,,,,
Z00865561,sequencing,1,,,,,,,,,,,,,,MinIon,unitid_14_09_2022,2022-09-14,0,,FAR97669,,65,116152,116152,4484.7993793508,3991.1168759055,3482,0,23531,11919,11890,11781,11308,11656,,1,OR046009,,0,,,,
Z00865562,sequencing,1,,,,,,,,,,,,,,MinIon,unitid_14_09_2022,2022-09-14,0,,FAR97669,,1,89503,89503,3687.3252537113,3133.1462914295,2891,1,19521,11923,11888,11823,11740,11657,,1,OR046010,,0,,,,
Z00865563,sequencing,1,,,,,,,,,,,,,,MinIon,unitid_14_09_2022,2022-09-14,0,,FAR97669,,10,84449,84449,3577.5509519416,3734.3451270714,2442,0,17829,11843,11796,11762,11504,11479,,1,OR046011,,0,,,,
Z00865564,sequencing,1,,,,,,,,,,,,,,MinIon,unitid_14_09_2022,2022-09-14,0,,FAR97669,,18,65382,65382,2417.1138136375,2379.3677679977,1833,0,12093,11845,11768,11740,11312,11139,,1,OR046012,,0,,,,
Z00865566,sequencing,1,,,,,,,,,,,,,,MinIon,unitid_14_09_2022,2022-09-14,0,,FAR97669,,9,112797,112797,4528.2407112304,3966.038553944,3680,0,25504,11890,11861,11773,11528,11650,,1,OR046013,,0,,,,
Z00865570,sequencing,1,,,,,,,,,,,,,,MinIon,unitid_14_09_2022,2022-09-14,0,,FAR97669,,42,66247,66247,3050.5713327183,2591.8029488674,2314,0,12958,11872,11773,11745,11524,11661,,1,OR046014,,0,,,,
Z00865571,sequencing,1,,,,,,,,,,,,,,MinIon,unitid_14_09_2022,2022-09-14,0,,FAR97669,,26,89180,89180,3903.4759708127,3248.8942131556,3110,1,18463,11923,11869,11798,11739,11581,,1,OR046015,,0,,,,
Z081388851,sequencing,1,,,,,,,,,,,,,,MinIon,unitid_7th_Aug_2019,2019-08-07,0,,,,4,44181,44181,1286.3276859851,1230.5020961176,861,0,6783,11891,11867,11732,11054,10500,,1,OR920328,,0,,,,
Z08151242,sequencing,1,,,,,,,,,,,,,,MinIon,unitid_7th_Aug_2019,2019-08-07,0,,,,7,66277,66277,2049.2595823199,2146.1175334787,1308,0,10124,11787,11597,11222,10466,10337,,1,OR920295,,0,,,,
Z08151377,sequencing,1,,,,,,,,,,,,,,MinIon,unitid_7th_Aug_2019,2019-08-07,0,,,,8,67569,67569,2062.3724733708,2363.1419252774,1289,0,12093,11659,11344,10327,9224,8991,,1,OR920348,,0,,,,
Z0826253,sequencing,1,,,,,,,,,,,,,,MinIon,unitid_7th_Aug_2019,2019-08-07,0,,,,13,100028,100028,2897.8954961,4111.1428957031,1923,0,25178,11828,11389,10694,9820,9151,,1,OR045959,,0,,,,
Z0826361,sequencing,1,,,,,,,,,,,,,,MinIon,unitid_7th_Aug_2019,2019-08-07,0,,,,11,926,926,27.982806340686,28.749313428123,23,0,167,11104,9164,6417,331,4321,,1,,,,,,,
Z0826362,sequencing,1,,,,,,,,,,,,,,MinIon,unitid_7th_Aug_2019,2019-08-07,0,,,,5,46625,46625,1414.5809779418,1222.7932206936,1055,0,4449,11884,11784,11040,10586,10283,,1,,,,,,,
Z0826363,sequencing,1,,,,,,,,,,,,,,MinIon,unitid_7th_Aug_2019,2019-08-07,0,,,,12,7947,7947,264.25270485616,328.49184352108,151,0,1407,11817,11045,9650,7081,7490,,1,OR920252,,0,,,,
Z0826447,sequencing,1,,,,,,,,,,,,,,MinIon,unitid_7th_Aug_2019,2019-08-07,0,,,,14,21662,21662,705.35746037071,755.05868539796,555,0,3263,11744,11664,10555,7843,9370,,1,OR920256,,0,,,,
Z0826475,sequencing,1,,,,,,,,,,,,,,MinIon,unitid_7th_Aug_2019,2019-08-07,0,,,,10,22270,22270,709.85272163046,691.82284095194,531,0,2616,11844,11392,11009,9269,9180,,1,OR920220,,0,,,,
Z0826751,sequencing,1,,,,,,,,,,,,,,MinIon,unitid_7th_Aug_2019,2019-08-07,0,,,,21,868,868,25.675501132265,28.53169584275,17,0,184,11155,9967,5232,332,3416,,1,,,,,,,
Z0826752,sequencing,1,,,,,,,,,,,,,,MinIon,unitid_7th_Aug_2019,2019-08-07,0,,,,16,28490,28490,875.33355699069,934.15586756469,626,0,4521,11687,11214,10440,8521,9148,,1,OR920290,,0,,,,
Z0828879,sequencing,1,,,,,,,,,,,,,,MinIon,unitid_7th_Aug_2019,2019-08-07,0,,,,19,1921,1921,59.114568481087,59.541420877869,40,0,259,11375,9735,7644,2737,6095,,1,OR045960,,0,,,,
Z0829313,sequencing,1,,,,,,,,,,,,,,MinIon,unitid_14_09_2022,2022-09-14,0,,FAR97669,,35,105065,105065,5120.7270821102,4093.168986693,4072,0,23442,11896,11854,11744,11740,11684,,1,OR920231,,0,,,,
Z0829323,sequencing,1,,,,,,,,,,,,,,MinIon,unitid_14_09_2022,2022-09-14,0,,FAR97669,,91,55164,55164,2818.5998490313,2485.3980989181,2146,0,14009,11890,11745,11743,11739,11688,,1,OR920276,,0,,,,
Z0829325,sequencing,1,,,,,,,,,,,,,,MinIon,unitid_14_09_2022,2022-09-14,0,,FAR97669,,12,58114,58114,2806.5220162711,2407.8712948792,2140,0,14869,11902,11811,11743,11740,11689,,1,OR920272,,0,,,,
Z0829333,sequencing,1,,,,,,,,,,,,,,MinIon,unitid_14_09_2022,2022-09-14,0,,FAR97669,,75,58774,58774,2527.40744779,2572.8655739764,1643,0,14731,11877,11798,11743,11500,11516,,1,OR920237,,0,,,,
Z0829334,sequencing,1,,,,,,,,,,,,,,MinIon,unitid_14_09_2022,2022-09-14,0,,FAR97669,,67,86507,86507,3569.3676088233,3522.6454999593,2645,0,21207,11901,11847,11743,11740,11688,,1,OR920301,,0,,,,
Z0829335,sequencing,1,,,,,,,,,,,,,,MinIon,unitid_14_09_2022,2022-09-14,0,,FAR97669,,43,27649,27649,1345.8593474797,898.29725209556,1116,0,5131,11868,11743,11740,11739,11688,,1,OR920232,,0,,,,
Z0829337,sequencing,1,,,,,,,,,,,,,,MinIon,unitid_14_09_2022,2022-09-14,0,,FAR97669,,20,77486,77486,3694.720288518,3303.3581434406,2908,0,18591,11900,11849,11743,11739,11685,,1,OR920273,,0,,,,
Z0829340,sequencing,1,,,,,,,,,,,,,,MinIon,unitid_14_09_2022,2022-09-14,0,,FAR97669,,59,134581,134581,6471.3260924264,5319.343689234,4930,0,29508,11892,11836,11745,11740,11686,,1,OR920257,,0,,,,
Z0829341,sequencing,1,,,,,,,,,,,,,,MinIon,unitid_14_09_2022,2022-09-14,0,,FAR97669,,44,42976,42976,2239.4522351757,2015.5019777317,1519,0,10965,11873,11743,11742,11739,11683,,1,OR920318,,0,,,,
Z0829343,sequencing,1,,,,,,,,,,,,,,MinIon,unitid_14_09_2022,2022-09-14,0,,FAR97669,,4,82473,82473,3042.4288350247,3100.7623093428,2403,0,18686,11881,11808,11743,11740,11687,,1,OR920329,,0,,,,
Z0829344,sequencing,1,,,,,,,,,,,,,,MinIon,unitid_14_09_2022,2022-09-14,0,,FAR97669,,60,35188,35188,1696.2268724314,1568.3147971881,1286,0,9158,11846,11760,11743,11738,11693,,1,OR920310,,0,,,,
