sample_id,redcap_repeat_instrument,redcap_repeat_instance,sample_labid,sample_sequenceid,sample_batchid,apha_sub,apha_rv,sample_tissuetype,sample_buffer,country,hmpcr_n405,rtassay,rtqpcr,lateral_flow_test,diagnostic_result,test_centre,diag_notes,ngs_runid,duplicate_id,ngs_rundate,ngs_location,ngs_provider,ngs_submission,ngs_platform,nanopore_platform,ngs_flowcell,illumina_platform,ngs_prep,ngs_barcode,ngs_library,total_reads,mapped_reads,mean_depth,stdev_depth,median_depth,minimum_reads,maximum_reads,genomecov_depthx1,genomecov_depthx5,genomecov_depthx20,genomecov_depthx100,genbank_accession,consensus_coverage,ngs_notes
14,diagnostic,1,,,,,,,4,3,,,2,,,5,,,,,,,,,,,,,,,,,,,,,,,,,,,,
153,diagnostic,1,,,,,,,4,3,,,2,,,5,,,,,,,,,,,,,,,,,,,,,,,,,,,,
19-30,diagnostic,1,,,,,,,4,3,,,2,,,5,,,,,,,,,,,,,,,,,,,,,,,,,,,,
19-40,diagnostic,1,,,,,,,4,3,,,2,,,5,,,,,,,,,,,,,,,,,,,,,,,,,,,,
4A-22-104,diagnostic,1,,,,,,,4,3,,,2,,,5,,,,,,,,,,,,,,,,,,,,,,,,,,,,
4A-22-171,diagnostic,1,,,,,,,4,3,,,2,,,5,,,,,,,,,,,,,,,,,,,,,,,,,,,,
4A-22-203,diagnostic,1,,,,,,,4,3,,,2,,,5,,,,,,,,,,,,,,,,,,,,,,,,,,,,
4A-22-40,diagnostic,1,,,,,,,4,3,,,2,,,5,,,,,,,,,,,,,,,,,,,,,,,,,,,,
4A-22-98,diagnostic,1,,,,,,,4,3,,,2,,,5,,,,,,,,,,,,,,,,,,,,,,,,,,,,
4B-21-126,diagnostic,1,,,,,,,4,3,,,2,,,5,,,,,,,,,,,,,,,,,,,,,,,,,,,,
4B-21-29,diagnostic,1,,,,,,,4,3,,,2,,,5,,,,,,,,,,,,,,,,,,,,,,,,,,,,
4B-21-310,diagnostic,1,,,,,,,4,3,,,2,,,5,,,,,,,,,,,,,,,,,,,,,,,,,,,,
4B-21-35,diagnostic,1,,,,,,,4,3,,,2,,,5,,,,,,,,,,,,,,,,,,,,,,,,,,,,
4B-21-412,diagnostic,1,,,,,,,4,3,,,2,,,5,,,,,,,,,,,,,,,,,,,,,,,,,,,,
4B-21-421,diagnostic,1,,,,,,,4,3,,,2,,,5,,,,,,,,,,,,,,,,,,,,,,,,,,,,
4B-21-423,diagnostic,1,,,,,,,4,3,,,2,,,5,,,,,,,,,,,,,,,,,,,,,,,,,,,,
4B-21-528,diagnostic,1,,,,,,,4,3,,,2,,,5,,,,,,,,,,,,,,,,,,,,,,,,,,,,
4B-21622,diagnostic,1,,,,,,,4,3,,,2,,,5,,,,,,,,,,,,,,,,,,,,,,,,,,,,
4B-22-114,diagnostic,1,,,,,,,4,3,,,2,,,5,,,,,,,,,,,,,,,,,,,,,,,,,,,,
4B-22-13,diagnostic,1,,,,,,,4,3,,,2,,,5,,,,,,,,,,,,,,,,,,,,,,,,,,,,
4B-22-15,diagnostic,1,,,,,,,4,3,,,2,,,5,,,,,,,,,,,,,,,,,,,,,,,,,,,,
4B-22-16,diagnostic,1,,,,,,,4,3,,,2,,,5,,,,,,,,,,,,,,,,,,,,,,,,,,,,
4B-22-17,diagnostic,1,,,,,,,4,3,,,2,,,5,,,,,,,,,,,,,,,,,,,,,,,,,,,,
4B-22-20,diagnostic,1,,,,,,,4,3,,,2,,,5,,,,,,,,,,,,,,,,,,,,,,,,,,,,
4B-22-21,diagnostic,1,,,,,,,4,3,,,2,,,5,,,,,,,,,,,,,,,,,,,,,,,,,,,,
4B-22-28,diagnostic,1,,,,,,,4,3,,,2,,,5,,,,,,,,,,,,,,,,,,,,,,,,,,,,
4B-22-30,diagnostic,1,,,,,,,4,3,,,2,,,5,,,,,,,,,,,,,,,,,,,,,,,,,,,,
4B-22-31,diagnostic,1,,,,,,,4,3,,,2,,,5,,,,,,,,,,,,,,,,,,,,,,,,,,,,
4B-22-35,diagnostic,1,,,,,,,4,3,,,2,,,5,,,,,,,,,,,,,,,,,,,,,,,,,,,,
4B-22-37,diagnostic,1,,,,,,,4,3,,,2,,,5,,,,,,,,,,,,,,,,,,,,,,,,,,,,
4B-22-39,diagnostic,1,,,,,,,4,3,,,2,,,5,,,,,,,,,,,,,,,,,,,,,,,,,,,,
4B-22-40,diagnostic,1,,,,,,,4,3,,,2,,,5,,,,,,,,,,,,,,,,,,,,,,,,,,,,
4B-22-41,diagnostic,1,,,,,,,4,3,,,2,,,5,,,,,,,,,,,,,,,,,,,,,,,,,,,,
4B-22-42,diagnostic,1,,,,,,,4,3,,,2,,,5,,,,,,,,,,,,,,,,,,,,,,,,,,,,
4B-22-44,diagnostic,1,,,,,,,4,3,,,2,,,5,,,,,,,,,,,,,,,,,,,,,,,,,,,,
4B-22-45,diagnostic,1,,,,,,,4,3,,,2,,,5,,,,,,,,,,,,,,,,,,,,,,,,,,,,
4B-23-01,diagnostic,1,,,,,,,4,3,,,2,,,5,,,,,,,,,,,,,,,,,,,,,,,,,,,,
4B-23-02,diagnostic,1,,,,,,,4,3,,,2,,,5,,,,,,,,,,,,,,,,,,,,,,,,,,,,
4B-23-03,diagnostic,1,,,,,,,4,3,,,2,,,5,,,,,,,,,,,,,,,,,,,,,,,,,,,,
4B-23-04,diagnostic,1,,,,,,,4,3,,,2,,,5,,,,,,,,,,,,,,,,,,,,,,,,,,,,
4B-23-05,diagnostic,1,,,,,,,4,3,,,2,,,5,,,,,,,,,,,,,,,,,,,,,,,,,,,,
4B-23-06,diagnostic,1,,,,,,,4,3,,,2,,,5,,,,,,,,,,,,,,,,,,,,,,,,,,,,
4B-23-07,diagnostic,1,,,,,,,4,3,,,2,,,5,,,,,,,,,,,,,,,,,,,,,,,,,,,,
4B-23-11,diagnostic,1,,,,,,,4,3,,,2,,,5,,,,,,,,,,,,,,,,,,,,,,,,,,,,
4B-23-12,diagnostic,1,,,,,,,4,3,,,2,,,5,,,,,,,,,,,,,,,,,,,,,,,,,,,,
4B-23-13,diagnostic,1,,,,,,,4,3,,,2,,,5,,,,,,,,,,,,,,,,,,,,,,,,,,,,
4B-23-15,diagnostic,1,,,,,,,4,3,,,2,,,5,,,,,,,,,,,,,,,,,,,,,,,,,,,,
4B-23-16,diagnostic,1,,,,,,,4,3,,,2,,,5,,,,,,,,,,,,,,,,,,,,,,,,,,,,
4B-23-17,diagnostic,1,,,,,,,4,3,,,2,,,5,,,,,,,,,,,,,,,,,,,,,,,,,,,,
4B-23-19,diagnostic,1,,,,,,,4,3,,,2,,,5,,,,,,,,,,,,,,,,,,,,,,,,,,,,
4B-2422,diagnostic,1,,,,,,,4,3,,,2,,,5,,,,,,,,,,,,,,,,,,,,,,,,,,,,
4B-2922HM,diagnostic,1,,,,,,,4,3,,,2,,,5,,,,,,,,,,,,,,,,,,,,,,,,,,,,
4B-2922JG,diagnostic,1,,,,,,,4,3,,,2,,,5,,,,,,,,,,,,,,,,,,,,,,,,,,,,
Z-98-134,diagnostic,1,,,,,,,4,3,,,2,,,5,,,,,,,,,,,,,,,,,,,,,,,,,,,,
Z-98-206,diagnostic,1,,,,,,,4,3,,,2,,,5,,,,,,,,,,,,,,,,,,,,,,,,,,,,
Z-98-285,diagnostic,1,,,,,,,4,3,,,2,,,5,,,,,,,,,,,,,,,,,,,,,,,,,,,,
Z-98-286,diagnostic,1,,,,,,,4,3,,,2,,,5,,,,,,,,,,,,,,,,,,,,,,,,,,,,
Z-98-335,diagnostic,1,,,,,,,4,3,,,2,,,5,,,,,,,,,,,,,,,,,,,,,,,,,,,,
CAR-22-018,diagnostic,1,,,,,,,4,3,,,2,,,5,,,,,,,,,,,,,,,,,,,,,,,,,,,,
CAR-22-020,diagnostic,1,,,,,,,4,3,,,2,,,5,,,,,,,,,,,,,,,,,,,,,,,,,,,,
COW,diagnostic,1,,,,,,,4,3,,,2,,,5,,,,,,,,,,,,,,,,,,,,,,,,,,,,
GOAT,diagnostic,1,,,,,,,4,3,,,2,,,5,,,,,,,,,,,,,,,,,,,,,,,,,,,,
H-23-011-Sk_10,diagnostic,1,,,,,,,4,3,,,2,,,5,,,,,,,,,,,,,,,,,,,,,,,,,,,,
H-23-011Sa_10,diagnostic,1,,,,,,,4,3,,,2,,,5,,,,,,,,,,,,,,,,,,,,,,,,,,,,
H-23-011Sa_11,diagnostic,1,,,,,,,4,3,,,2,,,5,,,,,,,,,,,,,,,,,,,,,,,,,,,,
H-23-011Sa_12,diagnostic,1,,,,,,,4,3,,,2,,,5,,,,,,,,,,,,,,,,,,,,,,,,,,,,
H-23-011Sk12,diagnostic,1,,,,,,,4,3,,,2,,,5,,,,,,,,,,,,,,,,,,,,,,,,,,,,
H22-01,diagnostic,1,,,,,,,4,3,,,2,,,5,,,,,,,,,,,,,,,,,,,,,,,,,,,,
NFW.10,diagnostic,1,,,,,,,4,3,,,2,,,5,,,,,,,,,,,,,,,,,,,,,,,,,,,,
NFW.11,diagnostic,1,,,,,,,4,3,,,2,,,5,,,,,,,,,,,,,,,,,,,,,,,,,,,,
NFW.12,diagnostic,1,,,,,,,4,3,,,2,,,5,,,,,,,,,,,,,,,,,,,,,,,,,,,,
NFW2,diagnostic,1,,,,,,,4,3,,,2,,,5,,,,,,,,,,,,,,,,,,,,,,,,,,,,
NFW3,diagnostic,1,,,,,,,4,3,,,2,,,5,,,,,,,,,,,,,,,,,,,,,,,,,,,,
NFW4,diagnostic,1,,,,,,,4,3,,,2,,,5,,,,,,,,,,,,,,,,,,,,,,,,,,,,
NFW4.3,diagnostic,1,,,,,,,4,3,,,2,,,5,,,,,,,,,,,,,,,,,,,,,,,,,,,,
NFW5,diagnostic,1,,,,,,,4,3,,,2,,,5,,,,,,,,,,,,,,,,,,,,,,,,,,,,
NFW_1_R6,diagnostic,1,,,,,,,4,3,,,2,,,5,,,,,,,,,,,,,,,,,,,,,,,,,,,,
NFW_2_R6,diagnostic,1,,,,,,,4,3,,,2,,,5,,,,,,,,,,,,,,,,,,,,,,,,,,,,
NFW_r6_1,diagnostic,1,,,,,,,4,3,,,2,,,5,,,,,,,,,,,,,,,,,,,,,,,,,,,,
NFW_r6_2,diagnostic,1,,,,,,,4,3,,,2,,,5,,,,,,,,,,,,,,,,,,,,,,,,,,,,
NTC1,diagnostic,1,,,,,,,4,3,,,2,,,5,,,,,,,,,,,,,,,,,,,,,,,,,,,,
NTC2,diagnostic,1,,,,,,,4,3,,,2,,,5,,,,,,,,,,,,,,,,,,,,,,,,,,,,
NTC3,diagnostic,1,,,,,,,4,3,,,2,,,5,,,,,,,,,,,,,,,,,,,,,,,,,,,,
NTC4,diagnostic,1,,,,,,,4,3,,,2,,,5,,,,,,,,,,,,,,,,,,,,,,,,,,,,
NTC5,diagnostic,1,,,,,,,4,3,,,2,,,5,,,,,,,,,,,,,,,,,,,,,,,,,,,,
R1-21-148,diagnostic,1,,,,,,,4,3,,,2,,,5,,,,,,,,,,,,,,,,,,,,,,,,,,,,
R10-688,diagnostic,1,,,,,,,4,3,,,2,,,5,,,,,,,,,,,,,,,,,,,,,,,,,,,,
R10-711,diagnostic,1,,,,,,,4,3,,,2,,,5,,,,,,,,,,,,,,,,,,,,,,,,,,,,
R10-714,diagnostic,1,,,,,,,4,3,,,2,,,5,,,,,,,,,,,,,,,,,,,,,,,,,,,,
R10-824,diagnostic,1,,,,,,,4,3,,,2,,,5,,,,,,,,,,,,,,,,,,,,,,,,,,,,
R10-856,diagnostic,1,,,,,,,4,3,,,2,,,5,,,,,,,,,,,,,,,,,,,,,,,,,,,,
R10-907,diagnostic,1,,,,,,,4,3,,,2,,,5,,,,,,,,,,,,,,,,,,,,,,,,,,,,
R10-920,diagnostic,1,,,,,,,4,3,,,2,,,5,,,,,,,,,,,,,,,,,,,,,,,,,,,,
R10-989,diagnostic,1,,,,,,,4,3,,,2,,,5,,,,,,,,,,,,,,,,,,,,,,,,,,,,
R10-990,diagnostic,1,,,,,,,4,3,,,2,,,5,,,,,,,,,,,,,,,,,,,,,,,,,,,,
R11-21-57,diagnostic,1,,,,,,,4,3,,,2,,,5,,,,,,,,,,,,,,,,,,,,,,,,,,,,
R11-21-61,diagnostic,1,,,,,,,4,3,,,2,,,5,,,,,,,,,,,,,,,,,,,,,,,,,,,,
R11-21-63,diagnostic,1,,,,,,,4,3,,,2,,,5,,,,,,,,,,,,,,,,,,,,,,,,,,,,
R11-22-001,diagnostic,1,,,,,,,4,3,,,2,,,5,,,,,,,,,,,,,,,,,,,,,,,,,,,,
R11-22-002,diagnostic,1,,,,,,,4,3,,,2,,,5,,,,,,,,,,,,,,,,,,,,,,,,,,,,
R2-081,diagnostic,1,,,,,,,4,3,,,2,,,5,,,,,,,,,,,,,,,,,,,,,,,,,,,,
R2-22-5302,diagnostic,1,,,,,,,4,3,,,2,,,5,,,,,,,,,,,,,,,,,,,,,,,,,,,,
R2-22-5814,diagnostic,1,,,,,,,4,3,,,2,,,5,,,,,,,,,,,,,,,,,,,,,,,,,,,,
R2-22-84711,diagnostic,1,,,,,,,4,3,,,2,,,5,,,,,,,,,,,,,,,,,,,,,,,,,,,,
R2-22-8924,diagnostic,1,,,,,,,4,3,,,2,,,5,,,,,,,,,,,,,,,,,,,,,,,,,,,,
R3-0483,diagnostic,1,,,,,,,4,3,,,2,,,5,,,,,,,,,,,,,,,,,,,,,,,,,,,,
R3-21-0467,diagnostic,1,,,,,,,4,3,,,2,,,5,,,,,,,,,,,,,,,,,,,,,,,,,,,,
R3-731,diagnostic,1,,,,,,,4,3,,,2,,,5,,,,,,,,,,,,,,,,,,,,,,,,,,,,
R5-22-09,diagnostic,1,,,,,,,4,3,,,2,,,5,,,,,,,,,,,,,,,,,,,,,,,,,,,,
R5-21-115,diagnostic,1,,,,,,,4,3,,,2,,,5,,,,,,,,,,,,,,,,,,,,,,,,,,,,
R5-21-119,diagnostic,1,,,,,,,4,3,,,2,,,5,,,,,,,,,,,,,,,,,,,,,,,,,,,,
R5-21-128,diagnostic,1,,,,,,,4,3,,,2,,,5,,,,,,,,,,,,,,,,,,,,,,,,,,,,
R5-21-132,diagnostic,1,,,,,,,4,3,,,2,,,5,,,,,,,,,,,,,,,,,,,,,,,,,,,,
R5-21-136,diagnostic,1,,,,,,,4,3,,,2,,,5,,,,,,,,,,,,,,,,,,,,,,,,,,,,
R5-21-140,diagnostic,1,,,,,,,4,3,,,2,,,5,,,,,,,,,,,,,,,,,,,,,,,,,,,,
R5-22-008,diagnostic,1,,,,,,,4,3,,,2,,,5,,,,,,,,,,,,,,,,,,,,,,,,,,,,
R6-21-4343,diagnostic,1,,,,,,,4,3,,,2,,,5,,,,,,,,,,,,,,,,,,,,,,,,,,,,
R6-21-4375,diagnostic,1,,,,,,,4,3,,,2,,,5,,,,,,,,,,,,,,,,,,,,,,,,,,,,
R6-21-4511,diagnostic,1,,,,,,,4,3,,,2,,,5,,,,,,,,,,,,,,,,,,,,,,,,,,,,
R6-21-4600,diagnostic,1,,,,,,,4,3,,,2,,,5,,,,,,,,,,,,,,,,,,,,,,,,,,,,
R6-4342,diagnostic,1,,,,,,,4,3,,,2,,,5,,,,,,,,,,,,,,,,,,,,,,,,,,,,
R6-4568,diagnostic,1,,,,,,,4,3,,,2,,,5,,,,,,,,,,,,,,,,,,,,,,,,,,,,
R7-21-149,diagnostic,1,,,,,,,4,3,,,2,,,5,,,,,,,,,,,,,,,,,,,,,,,,,,,,
R7-21-161,diagnostic,1,,,,,,,4,3,,,2,,,5,,,,,,,,,,,,,,,,,,,,,,,,,,,,
R9-010,diagnostic,1,,,,,,,4,3,,,2,,,5,,,,,,,,,,,,,,,,,,,,,,,,,,,,
R9-074,diagnostic,1,,,,,,,4,3,,,2,,,5,,,,,,,,,,,,,,,,,,,,,,,,,,,,
R9-089,diagnostic,1,,,,,,,4,3,,,2,,,5,,,,,,,,,,,,,,,,,,,,,,,,,,,,
R9-105,diagnostic,1,,,,,,,4,3,,,2,,,5,,,,,,,,,,,,,,,,,,,,,,,,,,,,
RADDL1-16-153,diagnostic,1,,,,,,,4,3,,,2,,,5,,,,,,,,,,,,,,,,,,,,,,,,,,,,
RADDL1-16-166,diagnostic,1,,,,,,,4,3,,,2,,,5,,,,,,,,,,,,,,,,,,,,,,,,,,,,
RADDL3-1045,diagnostic,1,,,,,,,4,3,,,2,,,5,,,,,,,,,,,,,,,,,,,,,,,,,,,,
RADDL3-15-172,diagnostic,1,,,,,,,4,3,,,2,,,5,,,,,,,,,,,,,,,,,,,,,,,,,,,,
RADDL3-16-1008,diagnostic,1,,,,,,,4,3,,,2,,,5,,,,,,,,,,,,,,,,,,,,,,,,,,,,
RADDL3-16-468,diagnostic,1,,,,,,,4,3,,,2,,,5,,,,,,,,,,,,,,,,,,,,,,,,,,,,
RADDL3-16-521,diagnostic,1,,,,,,,4,3,,,2,,,5,,,,,,,,,,,,,,,,,,,,,,,,,,,,
RADDL3-16-627,diagnostic,1,,,,,,,4,3,,,2,,,5,,,,,,,,,,,,,,,,,,,,,,,,,,,,
RADDL3-845,diagnostic,1,,,,,,,4,3,,,2,,,5,,,,,,,,,,,,,,,,,,,,,,,,,,,,
RADDL5-005,diagnostic,1,,,,,,,4,3,,,2,,,5,,,,,,,,,,,,,,,,,,,,,,,,,,,,
Z-04-421,diagnostic,1,,,,,,,4,3,,,2,,,5,,,,,,,,,,,,,,,,,,,,,,,,,,,,
Z-04-664,diagnostic,1,,,,,,,4,3,,,2,,,5,,,,,,,,,,,,,,,,,,,,,,,,,,,,
Z-05-102,diagnostic,1,,,,,,,4,3,,,2,,,5,,,,,,,,,,,,,,,,,,,,,,,,,,,,
Z-05-191,diagnostic,1,,,,,,,4,3,,,2,,,5,,,,,,,,,,,,,,,,,,,,,,,,,,,,
Z-05-557,diagnostic,1,,,,,,,4,3,,,2,,,5,,,,,,,,,,,,,,,,,,,,,,,,,,,,
Z-05-96,diagnostic,1,,,,,,,4,3,,,2,,,5,,,,,,,,,,,,,,,,,,,,,,,,,,,,
Z-06-150,diagnostic,1,,,,,,,4,3,,,2,,,5,,,,,,,,,,,,,,,,,,,,,,,,,,,,
Z-06-295,diagnostic,1,,,,,,,4,3,,,2,,,5,,,,,,,,,,,,,,,,,,,,,,,,,,,,
Z-06-39,diagnostic,1,,,,,,,4,3,,,2,,,5,,,,,,,,,,,,,,,,,,,,,,,,,,,,
Z-07-07,diagnostic,1,,,,,,,4,3,,,2,,,5,,,,,,,,,,,,,,,,,,,,,,,,,,,,
Z-07-22,diagnostic,1,,,,,,,4,3,,,2,,,5,,,,,,,,,,,,,,,,,,,,,,,,,,,,
Z-07-222,diagnostic,1,,,,,,,4,3,,,2,,,5,,,,,,,,,,,,,,,,,,,,,,,,,,,,
Z-07-351,diagnostic,1,,,,,,,4,3,,,2,,,5,,,,,,,,,,,,,,,,,,,,,,,,,,,,
Z-07-366,diagnostic,1,,,,,,,4,3,,,2,,,5,,,,,,,,,,,,,,,,,,,,,,,,,,,,
Z-07-38,diagnostic,1,,,,,,,4,3,,,2,,,5,,,,,,,,,,,,,,,,,,,,,,,,,,,,
Z-07-387,diagnostic,1,,,,,,,4,3,,,2,,,5,,,,,,,,,,,,,,,,,,,,,,,,,,,,
Z-07-398,diagnostic,1,,,,,,,4,3,,,2,,,5,,,,,,,,,,,,,,,,,,,,,,,,,,,,
Z-07-403,diagnostic,1,,,,,,,4,3,,,2,,,5,,,,,,,,,,,,,,,,,,,,,,,,,,,,
Z-07-407,diagnostic,1,,,,,,,4,3,,,2,,,5,,,,,,,,,,,,,,,,,,,,,,,,,,,,
Z-08-351,diagnostic,1,,,,,,,4,3,,,2,,,5,,,,,,,,,,,,,,,,,,,,,,,,,,,,
Z-08-359,diagnostic,1,,,,,,,4,3,,,2,,,5,,,,,,,,,,,,,,,,,,,,,,,,,,,,
Z-09-94,diagnostic,1,,,,,,,4,3,,,2,,,5,,,,,,,,,,,,,,,,,,,,,,,,,,,,
Z-12-012,diagnostic,1,,,,,,,4,3,,,2,,,5,,,,,,,,,,,,,,,,,,,,,,,,,,,,
Z-12-029,diagnostic,1,,,,,,,4,3,,,2,,,5,,,,,,,,,,,,,,,,,,,,,,,,,,,,
Z-12-034,diagnostic,1,,,,,,,4,3,,,2,,,5,,,,,,,,,,,,,,,,,,,,,,,,,,,,
Z-12-060,diagnostic,1,,,,,,,4,3,,,2,,,5,,,,,,,,,,,,,,,,,,,,,,,,,,,,
Z-12-149,diagnostic,1,,,,,,,4,3,,,2,,,5,,,,,,,,,,,,,,,,,,,,,,,,,,,,
Z-12-208,diagnostic,1,,,,,,,4,3,,,2,,,5,,,,,,,,,,,,,,,,,,,,,,,,,,,,
Z-13-020,diagnostic,1,,,,,,,4,3,,,2,,,5,,,,,,,,,,,,,,,,,,,,,,,,,,,,
Z-13-032,diagnostic,1,,,,,,,4,3,,,2,,,5,,,,,,,,,,,,,,,,,,,,,,,,,,,,
Z-13-036,diagnostic,1,,,,,,,4,3,,,2,,,5,,,,,,,,,,,,,,,,,,,,,,,,,,,,
Z-13-037,diagnostic,1,,,,,,,4,3,,,2,,,5,,,,,,,,,,,,,,,,,,,,,,,,,,,,
Z-13-065,diagnostic,1,,,,,,,4,3,,,2,,,5,,,,,,,,,,,,,,,,,,,,,,,,,,,,
Z-13-066,diagnostic,1,,,,,,,4,3,,,2,,,5,,,,,,,,,,,,,,,,,,,,,,,,,,,,
Z-13-066,diagnostic,2,,,,,,,4,3,,,2,,,5,,,,,,,,,,,,,,,,,,,,,,,,,,,,
Z-13-071,diagnostic,1,,,,,,,4,3,,,2,,,5,,,,,,,,,,,,,,,,,,,,,,,,,,,,
Z-13-073,diagnostic,1,,,,,,,4,3,,,2,,,5,,,,,,,,,,,,,,,,,,,,,,,,,,,,
Z-13-081,diagnostic,1,,,,,,,4,3,,,2,,,5,,,,,,,,,,,,,,,,,,,,,,,,,,,,
Z-13-086,diagnostic,1,,,,,,,4,3,,,2,,,5,,,,,,,,,,,,,,,,,,,,,,,,,,,,
Z-13-089,diagnostic,1,,,,,,,4,3,,,2,,,5,,,,,,,,,,,,,,,,,,,,,,,,,,,,
Z-13-094,diagnostic,1,,,,,,,4,3,,,2,,,5,,,,,,,,,,,,,,,,,,,,,,,,,,,,
Z-13-096,diagnostic,1,,,,,,,4,3,,,2,,,5,,,,,,,,,,,,,,,,,,,,,,,,,,,,
Z-13-098,diagnostic,1,,,,,,,4,3,,,2,,,5,,,,,,,,,,,,,,,,,,,,,,,,,,,,
Z-13-134,diagnostic,1,,,,,,,4,3,,,2,,,5,,,,,,,,,,,,,,,,,,,,,,,,,,,,
Z-13-135,diagnostic,1,,,,,,,4,3,,,2,,,5,,,,,,,,,,,,,,,,,,,,,,,,,,,,
Z-13-161,diagnostic,1,,,,,,,4,3,,,2,,,5,,,,,,,,,,,,,,,,,,,,,,,,,,,,
Z-13-171,diagnostic,1,,,,,,,4,3,,,2,,,5,,,,,,,,,,,,,,,,,,,,,,,,,,,,
Z-13-184,diagnostic,1,,,,,,,4,3,,,2,,,5,,,,,,,,,,,,,,,,,,,,,,,,,,,,
Z-13-204,diagnostic,1,,,,,,,4,3,,,2,,,5,,,,,,,,,,,,,,,,,,,,,,,,,,,,
Z-13-216,diagnostic,1,,,,,,,4,3,,,2,,,5,,,,,,,,,,,,,,,,,,,,,,,,,,,,
Z-13-234,diagnostic,1,,,,,,,4,3,,,2,,,5,,,,,,,,,,,,,,,,,,,,,,,,,,,,
Z-13-259,diagnostic,1,,,,,,,4,3,,,2,,,5,,,,,,,,,,,,,,,,,,,,,,,,,,,,
Z-14-023,diagnostic,1,,,,,,,4,3,,,2,,,5,,,,,,,,,,,,,,,,,,,,,,,,,,,,
Z-14-033,diagnostic,1,,,,,,,4,3,,,2,,,5,,,,,,,,,,,,,,,,,,,,,,,,,,,,
Z-14-05,diagnostic,1,,,,,,,4,3,,,2,,,5,,,,,,,,,,,,,,,,,,,,,,,,,,,,
Z-14-058,diagnostic,1,,,,,,,4,3,,,2,,,5,,,,,,,,,,,,,,,,,,,,,,,,,,,,
Z-14-098,diagnostic,1,,,,,,,4,3,,,2,,,5,,,,,,,,,,,,,,,,,,,,,,,,,,,,
Z-14-101,diagnostic,1,,,,,,,4,3,,,2,,,5,,,,,,,,,,,,,,,,,,,,,,,,,,,,
Z-14-106,diagnostic,1,,,,,,,4,3,,,2,,,5,,,,,,,,,,,,,,,,,,,,,,,,,,,,
Z-14-126,diagnostic,1,,,,,,,4,3,,,2,,,5,,,,,,,,,,,,,,,,,,,,,,,,,,,,
Z-14-136,diagnostic,1,,,,,,,4,3,,,2,,,5,,,,,,,,,,,,,,,,,,,,,,,,,,,,
Z-14-136,diagnostic,2,,,,,,,4,3,,,2,,,5,,,,,,,,,,,,,,,,,,,,,,,,,,,,
Z-14-142,diagnostic,1,,,,,,,4,3,,,2,,,5,,,,,,,,,,,,,,,,,,,,,,,,,,,,
Z-14-182,diagnostic,1,,,,,,,4,3,,,2,,,5,,,,,,,,,,,,,,,,,,,,,,,,,,,,
Z-14-243,diagnostic,1,,,,,,,4,3,,,2,,,5,,,,,,,,,,,,,,,,,,,,,,,,,,,,
Z-15-001,diagnostic,1,,,,,,,4,3,,,2,,,5,,,,,,,,,,,,,,,,,,,,,,,,,,,,
Z-15-009,diagnostic,1,,,,,,,4,3,,,2,,,5,,,,,,,,,,,,,,,,,,,,,,,,,,,,
Z-15-163,diagnostic,1,,,,,,,4,3,,,2,,,5,,,,,,,,,,,,,,,,,,,,,,,,,,,,
Z-16-082,diagnostic,1,,,,,,,4,3,,,2,,,5,,,,,,,,,,,,,,,,,,,,,,,,,,,,
Z-16-150,diagnostic,1,,,,,,,4,3,,,2,,,5,,,,,,,,,,,,,,,,,,,,,,,,,,,,
Z-16-151,diagnostic,1,,,,,,,4,3,,,2,,,5,,,,,,,,,,,,,,,,,,,,,,,,,,,,
Z-16-151,diagnostic,2,,,,,,,4,3,,,2,,,5,,,,,,,,,,,,,,,,,,,,,,,,,,,,
Z-16-196,diagnostic,1,,,,,,,4,3,,,2,,,5,,,,,,,,,,,,,,,,,,,,,,,,,,,,
Z-16-209,diagnostic,1,,,,,,,4,3,,,2,,,5,,,,,,,,,,,,,,,,,,,,,,,,,,,,
Z-16-210,diagnostic,1,,,,,,,4,3,,,2,,,5,,,,,,,,,,,,,,,,,,,,,,,,,,,,
Z-16-211,diagnostic,1,,,,,,,4,3,,,2,,,5,,,,,,,,,,,,,,,,,,,,,,,,,,,,
Z-17-046,diagnostic,1,,,,,,,4,3,,,2,,,5,,,,,,,,,,,,,,,,,,,,,,,,,,,,
Z-17-174,diagnostic,1,,,,,,,4,3,,,2,,,5,,,,,,,,,,,,,,,,,,,,,,,,,,,,
Z-17-177,diagnostic,1,,,,,,,4,3,,,2,,,5,,,,,,,,,,,,,,,,,,,,,,,,,,,,
Z-17-193,diagnostic,1,,,,,,,4,3,,,2,,,5,,,,,,,,,,,,,,,,,,,,,,,,,,,,
Z-17-200,diagnostic,1,,,,,,,4,3,,,2,,,5,,,,,,,,,,,,,,,,,,,,,,,,,,,,
Z-17-217,diagnostic,1,,,,,,,4,3,,,2,,,5,,,,,,,,,,,,,,,,,,,,,,,,,,,,
Z-17-221,diagnostic,1,,,,,,,4,3,,,2,,,5,,,,,,,,,,,,,,,,,,,,,,,,,,,,
Z-17-57,diagnostic,1,,,,,,,4,3,,,2,,,5,,,,,,,,,,,,,,,,,,,,,,,,,,,,
Z-18-001,diagnostic,1,,,,,,,4,3,,,2,,,5,,,,,,,,,,,,,,,,,,,,,,,,,,,,
Z-18-114,diagnostic,1,,,,,,,4,3,,,2,,,5,,,,,,,,,,,,,,,,,,,,,,,,,,,,
Z-18-159,diagnostic,1,,,,,,,4,3,,,2,,,5,,,,,,,,,,,,,,,,,,,,,,,,,,,,
Z-18-224,diagnostic,1,,,,,,,4,3,,,2,,,5,,,,,,,,,,,,,,,,,,,,,,,,,,,,
Z-18-251,diagnostic,1,,,,,,,4,3,,,2,,,5,,,,,,,,,,,,,,,,,,,,,,,,,,,,
Z-19-029,diagnostic,1,,,,,,,4,3,,,2,,,5,,,,,,,,,,,,,,,,,,,,,,,,,,,,
Z-19-123,diagnostic,1,,,,,,,4,3,,,2,,,5,,,,,,,,,,,,,,,,,,,,,,,,,,,,
Z-19-136,diagnostic,1,,,,,,,4,3,,,2,,,5,,,,,,,,,,,,,,,,,,,,,,,,,,,,
Z-19-88,diagnostic,1,,,,,,,4,3,,,2,,,5,,,,,,,,,,,,,,,,,,,,,,,,,,,,
Z-20-01,diagnostic,1,,,,,,,4,3,,,2,,,5,,,,,,,,,,,,,,,,,,,,,,,,,,,,
Z-20-110,diagnostic,1,,,,,,,4,3,,,2,,,5,,,,,,,,,,,,,,,,,,,,,,,,,,,,
Z-20-24,diagnostic,1,,,,,,,4,3,,,2,,,5,,,,,,,,,,,,,,,,,,,,,,,,,,,,
Z-20-33,diagnostic,1,,,,,,,4,3,,,2,,,5,,,,,,,,,,,,,,,,,,,,,,,,,,,,
Z-20-51,diagnostic,1,,,,,,,4,3,,,2,,,5,,,,,,,,,,,,,,,,,,,,,,,,,,,,
Z-22-103,diagnostic,1,,,,,,,4,3,,,2,,,5,,,,,,,,,,,,,,,,,,,,,,,,,,,,
Z-22-119,diagnostic,1,,,,,,,4,3,,,2,,,5,,,,,,,,,,,,,,,,,,,,,,,,,,,,
Z-22-121,diagnostic,1,,,,,,,4,3,,,2,,,5,,,,,,,,,,,,,,,,,,,,,,,,,,,,
Z-23-01,diagnostic,1,,,,,,,4,3,,,2,,,5,,,,,,,,,,,,,,,,,,,,,,,,,,,,
Z-23-01Sa,diagnostic,1,,,,,,,4,3,,,2,,,5,,,,,,,,,,,,,,,,,,,,,,,,,,,,
Z-98-1061,diagnostic,1,,,,,,,4,3,,,2,,,5,,,,,,,,,,,,,,,,,,,,,,,,,,,,
Z-98-433,diagnostic,1,,,,,,,4,3,,,2,,,5,,,,,,,,,,,,,,,,,,,,,,,,,,,,
Z-98-454,diagnostic,1,,,,,,,4,3,,,2,,,5,,,,,,,,,,,,,,,,,,,,,,,,,,,,
Z-98-515,diagnostic,1,,,,,,,4,3,,,2,,,5,,,,,,,,,,,,,,,,,,,,,,,,,,,,
Z-98-616,diagnostic,1,,,,,,,4,3,,,2,,,5,,,,,,,,,,,,,,,,,,,,,,,,,,,,
Z-98-667,diagnostic,1,,,,,,,4,3,,,2,,,5,,,,,,,,,,,,,,,,,,,,,,,,,,,,
Z-98-712,diagnostic,1,,,,,,,4,3,,,2,,,5,,,,,,,,,,,,,,,,,,,,,,,,,,,,
Z-98-718,diagnostic,1,,,,,,,4,3,,,2,,,5,,,,,,,,,,,,,,,,,,,,,,,,,,,,
Z-98-780,diagnostic,1,,,,,,,4,3,,,2,,,5,,,,,,,,,,,,,,,,,,,,,,,,,,,,
Z-98-823,diagnostic,1,,,,,,,4,3,,,2,,,5,,,,,,,,,,,,,,,,,,,,,,,,,,,,
Z-98-838,diagnostic,1,,,,,,,4,3,,,2,,,5,,,,,,,,,,,,,,,,,,,,,,,,,,,,
Z-98-860,diagnostic,1,,,,,,,4,3,,,2,,,5,,,,,,,,,,,,,,,,,,,,,,,,,,,,
14,sequencing,1,,,,,,,,,,,,,,,,run2_21,1,2021-10-29,,,,0,0,FAQ75669,,,barcode03,,210965,210965,7361.692508,3747.191029,6960.5,0,17037,11892,11889,11676,11676,,11588,
153,sequencing,1,,,,,,,,,,,,,,,,run2_21,1,2021-10-29,,,,0,0,FAQ75669,,,barcode04,,339786,339786,11689.50805,5833.876067,10659,0,27363,11900,11894,11677,11676,,11597,
19-30,sequencing,1,,,,,,,,,,,,,,,,run2_21,1,2021-10-29,,,,0,0,FAQ75669,,,barcode23,,123570,123570,4143.805481,2115.262279,3821,0,9692,11887,11884,11677,11676,,11590,
19-40,sequencing,1,,,,,,,,,,,,,,,,run2_21,1,2021-10-29,,,,0,0,FAQ75669,,,barcode24,,125074,125074,4173.567214,2181.03051,3793,0,10132,11903,11886,11885,11730,,11799,
4A-22-104,sequencing,1,,,,,,,,,,,,,,,,run5_21,1,2022-03-01,,,,0,0,FAQ67517,,,barcode06,,62538,62538,2734.587663,1135.203836,2625,0,6111,11897,11677,11676,11676,,11591,
4A-22-171,sequencing,1,,,,,,,,,,,,,,,,run10_23,1,2023-03-02,,,,0,0,FAU43074,,,barcode24,,40941,40941,1328.0487763996,819.70129909079,1165,0,3971,11683,11677,11676,11669,,11597,
4A-22-203,sequencing,1,,,,,,,,,,,,,,,,run10_23,1,2023-03-02,,,,0,0,FAU43074,,,barcode25,,37558,37558,1190.4010224606,855.11840587449,1151,0,4038,11681,11392,11354,10995,,11261,
4A-22-40,sequencing,1,,,,,,,,,,,,,,,,run5_21,1,2022-03-01,,,,0,0,FAQ67517,,,barcode04,,37660,37660,2143.286708,719.6691412,2099,0,3920,11895,11886,11885,11676,,11785,
4A-22-98,sequencing,1,,,,,,,,,,,,,,,,run5_21,1,2022-03-01,,,,0,0,FAQ67517,,,barcode05,,46433,46433,2301.151022,848.9059604,2193,0,4276,11887,11886,11885,11676,,11792,
4B-21-126,sequencing,1,,,,,,,,,,,,,,,,run3_21,1,2022-02-17,,,,0,0,FAQ67614,,,barcode02,,91407,91407,3955.795759,1545.948115,3821,0,8142,11895,11887,11886,11885,,11788,
4B-21-29,sequencing,1,,,,,,,,,,,,,,,,run4_21,1,2022-02-22,,,,0,0,FAQ72364,,,barcode06,,29965,29965,1014.977204,521.3244337,952,0,2368,11897,11886,11885,11859,,11791,
4B-21-310,sequencing,1,,,,,,,,,,,,,,,,run4_21,1,2022-02-22,,,,0,0,FAQ72364,,,barcode08,,87245,87245,2971.537127,1688.145724,2794,0,7448,11887,11886,11726,11722,,11591,
4B-21-35,sequencing,1,,,,,,,,,,,,,,,,run4_21,1,2022-02-22,,,,0,0,FAQ72364,,,barcode07,,31723,31723,1093.751006,623.6411208,975,0,2662,11896,11886,11723,11216,,11593,
4B-21-412,sequencing,1,,,,,,,,,,,,,,,,run4_21,1,2022-02-22,,,,0,0,FAQ72364,,,barcode09,,31268,31268,1182.667784,590.253369,1103,0,2734,11887,11886,11886,11722,,11799,
4B-21-421,sequencing,1,,,,,,,,,,,,,,,,run4_21,1,2022-02-22,,,,0,0,FAQ72364,,,barcode10,,32418,32418,1252.439826,590.5725342,1211,0,2908,11886,11886,11884,11675,,11791,
4B-21-423,sequencing,1,,,,,,,,,,,,,,,,run4_21,1,2022-02-22,,,,0,0,FAQ72364,,,barcode11,,52324,52324,1764.669963,1023.346189,1611,0,4758,11888,11885,11677,11659,,11588,
4B-21-528,sequencing,1,,,,,,,,,,,,,,,,run4_21,1,2022-02-22,,,,0,0,FAQ72364,,,barcode12,,33369,33369,1298.337077,643.8413943,1212,0,2932,11895,11886,11885,11513,,11801,
4B-21622,sequencing,1,,,,,,,,,,,,,,,,run5_21,1,2022-03-01,,,,0,0,FAQ67517,,,barcode10,,55046,55046,2703.92055,988.5056001,2559,0,5161,11903,11888,11886,11885,,11780,
4B-22-114,sequencing,1,,,,,,,,,,,,,,,,run3_21,1,2022-02-17,,,,0,0,FAQ67614,,,barcode26,,73511,73511,3115.181864,1293.109941,2984,0,6372,11887,11886,11885,11873,,11792,
4B-22-13,sequencing,1,,,,,,,,,,,,,,,,run4_22,1,2022-11-15,,,,0,0,FAU43236,,,barcode73,,42850,42850,1620.9699966477,781.90862311435,1554,0,3809,11895,11885,11677,11674,,11578,
4B-22-15,sequencing,1,,,,,,,,,,,,,,,,run3_21,1,2022-02-17,,,,0,0,FAQ67614,,,barcode14,,88177,88177,3570.690831,1708.531267,3467,0,8098,11895,11886,11886,11884,,11799,
4B-22-16,sequencing,1,,,,,,,,,,,,,,,,run4_22,1,2022-11-15,,,,0,0,FAU43236,,,barcode74,,26648,26648,1017.6257961783,505.19913446722,946.5,0,2672,11899,11850,11676,11669,,11562,
4B-22-17,sequencing,1,,,,,,,,,,,,,,,,run4_22,1,2022-11-15,,,,0,0,FAU43236,,,barcode75,,21960,21960,955.96572242709,429.93734517505,901.5,0,2094,11890,11885,11810,11672,,11585,
4B-22-20,sequencing,1,,,,,,,,,,,,,,,,run4_22,1,2022-11-15,,,,0,0,FAU43236,,,barcode76,,33322,33322,1599.8094200469,685.76691904404,1571.5,0,3643,11887,11885,11677,11675,,11561,
4B-22-21,sequencing,1,,,,,,,,,,,,,,,,run4_22,1,2022-11-15,,,,0,0,FAU43236,,,barcode77,,24534,24534,1056.3489775394,460.41118202085,1028,0,2303,11895,11884,11678,11673,,11548,
4B-22-28,sequencing,1,,,,,,,,,,,,,,,,run4_22,1,2022-11-15,,,,0,0,FAU43236,,,barcode78,,56494,56494,2079.4186221924,1040.8288827758,1933,0,5278,11895,11885,11685,11673,,11598,
4B-22-30,sequencing,1,,,,,,,,,,,,,,,,run4_22,1,2022-11-15,,,,0,0,FAU43236,,,barcode79,,10620,10620,702.63543412672,238.61589897052,697,0,1310,11886,11881,11676,11673,,11463,
4B-22-31,sequencing,1,,,,,,,,,,,,,,,,run5_22,1,2022-12-11,,,,0,0,FAU03787,,,barcode66,,44618,44618,1499.4137613141,964.41413959952,1349,0,4205,11885,11859,11754,11355,,11583,
4B-22-35,sequencing,1,,,,,,,,,,,,,,,,run5_22,1,2022-12-11,,,,0,0,FAU03787,,,barcode67,,43499,43499,1513.7798357358,952.20349760381,1354.5,0,4453,11689,11678,11677,11245,,11584,
4B-22-37,sequencing,1,,,,,,,,,,,,,,,,run10_23,1,2023-03-02,,,,0,0,FAU43074,,,barcode14,,42907,42907,1589.7502514247,788.42477754745,1505,0,3466,11787,11676,11676,11676,,11592,
4B-22-39,sequencing,1,,,,,,,,,,,,,,,,run10_23,1,2023-03-02,,,,0,0,FAU43074,,,barcode15,,41968,41968,1449.9611967818,851.94783141577,1259.5,0,3429,11712,11678,11676,11370,,11595,
4B-22-40,sequencing,1,,,,,,,,,,,,,,,,run5_22,1,2022-12-11,,,,0,0,FAU03787,,,barcode68,,39734,39734,1695.1000670466,803.4751973782,1673,0,4073,11890,11885,11677,11676,,11572,
4B-22-41,sequencing,1,,,,,,,,,,,,,,,,run5_22,1,2022-12-11,,,,0,0,FAU03787,,,barcode69,,63086,63086,2082.0133255112,1327.8460294546,1920.5,0,5888,11686,11685,11482,11172,,11274,
4B-22-42,sequencing,1,,,,,,,,,,,,,,,,run5_22,1,2022-12-11,,,,0,0,FAU03787,,,barcode70,,80686,80686,2841.9373952397,1516.8634322898,2763,0,6819,11829,11710,11684,11676,,11603,
4B-22-44,sequencing,1,,,,,,,,,,,,,,,,run10_23,1,2023-03-02,,,,0,0,FAU43074,,,barcode16,,73209,73209,2364.5175997318,1418.9409195267,2217,0,6259,11865,11698,11677,11668,,11595,
4B-22-45,sequencing,1,,,,,,,,,,,,,,,,run10_23,1,2023-03-02,,,,0,0,FAU43074,,,barcode17,,60931,60931,1958.8447033188,1171.8510072129,1813,0,5036,11702,11684,11677,11496,,11591,
4B-23-01,sequencing,1,,,,,,,,,,,,,,,,run12_23,1,2023-03-08,,,,0,0,FAT89919,,,barcode71,,148701,148701,5251.4373952397,2650.4920115196,4972,0,13542,11898,11784,11678,11676,,11599,
4B-23-02,sequencing,1,,,,,,,,,,,,,,,,run12_23,1,2023-03-08,,,,0,0,FAT89919,,,barcode72,,56689,56689,2863.9120851492,1190.8232198322,2785,0,6053,11891,11777,11677,11676,,11597,
4B-23-03,sequencing,1,,,,,,,,,,,,,,,,run12_23,1,2023-03-08,,,,0,0,FAT89919,,,barcode73,,71238,71238,2897.8443680858,1434.0111166438,2809,0,6846,11893,11886,11884,11676,,11807,
4B-23-04,sequencing,1,,,,,,,,,,,,,,,,run12_23,1,2023-03-08,,,,0,0,FAT89919,,,barcode74,,115937,115937,4400.2484076433,2205.3415774997,4264,0,11035,11899,11887,11884,11676,,11804,
4B-23-05,sequencing,1,,,,,,,,,,,,,,,,run12_23,1,2023-03-08,,,,0,0,FAT89919,,,barcode75,,63730,63730,2266.9083137781,1252.2880018599,2183,0,5680,11893,11793,11699,11676,,11588,
4B-23-06,sequencing,1,,,,,,,,,,,,,,,,run12_23,1,2023-03-08,,,,0,0,FAT89919,,,barcode76,,22835,22835,1031.5984746899,530.32003116346,926,0,2574,11733,11678,11676,11672,,11596,
4B-23-07,sequencing,1,,,,,,,,,,,,,,,,run12_23,1,2023-03-08,,,,0,0,FAT89919,,,barcode77,,21344,21344,883.60551458263,488.85366433554,784,0,2122,11886,11777,11677,11671,,11596,
4B-23-11,sequencing,1,,,,,,,,,,,,,,,,run12_23,1,2023-03-08,,,,0,0,FAT89919,,,barcode78,,97843,97843,4284.6524472008,1887.0910515402,4294,0,9284,11894,11866,11712,11676,,11596,
4B-23-12,sequencing,1,,,,,,,,,,,,,,,,run12_23,1,2023-03-08,,,,0,0,FAT89919,,,barcode79,,5356,5356,209.06645993966,95.588942117307,208,0,473,11881,11677,11676,9940,,11593,
4B-23-13,sequencing,1,,,,,,,,,,,,,,,,run12_23,1,2023-03-08,,,,0,0,FAT89919,,,barcode80,,72962,72962,2447.5453402615,1698.6457002641,2115.5,0,7764,11814,11716,11681,11488,,11598,
4B-23-15,sequencing,1,,,,,,,,,,,,,,,,run12_23,1,2023-03-08,,,,0,0,FAT89919,,,barcode81,,68151,68151,2674.9350486088,1361.5230710095,2493,0,6541,11895,11783,11681,11676,,11591,
4B-23-16,sequencing,1,,,,,,,,,,,,,,,,run12_23,1,2023-03-08,,,,0,0,FAT89919,,,barcode82,,79568,79568,3032.7049111633,1580.3932290818,2876.5,0,7403,11892,11789,11708,11675,,11595,
4B-23-17,sequencing,1,,,,,,,,,,,,,,,,run12_23,1,2023-03-08,,,,0,0,FAT89919,,,barcode83,,54399,54399,3176.0517096882,1174.4789513079,3170,0,6162,11898,11782,11677,11676,,11593,
4B-23-19,sequencing,1,,,,,,,,,,,,,,,,run12_23,1,2023-03-08,,,,0,0,FAT89919,,,barcode84,,99762,99762,3882.9365571572,2003.0761783052,3842.5,0,9493,11890,11780,11686,11676,,11594,
4B-2422,sequencing,1,,,,,,,,,,,,,,,,run5_21,1,2022-03-01,,,,0,0,FAQ67517,,,barcode07,,79772,79772,2890.355263,1512.341566,2610,0,7091,11695,11679,11676,11658,,11595,
4B-2922HM,sequencing,1,,,,,,,,,,,,,,,,run5_21,1,2022-03-01,,,,0,0,FAQ67517,,,barcode08,,46432,46432,2460.547938,872.1687536,2397,0,4479,11896,11886,11885,11676,,11785,
4B-2922JG,sequencing,1,,,,,,,,,,,,,,,,run5_21,1,2022-03-01,,,,0,0,FAQ67517,,,barcode09,,70209,70209,3349.604593,1238.131459,3151,0,6344,11894,11887,11886,11885,,11782,
Z-98-134,sequencing,1,,,,,,,,,,,,,,,,run1_22,1,2022-10-19,,,,0,0,FAQ70637,,,barcode19,,99573,99573,3171.780925243,3467.455670691,2125,0,17219,10868,10562,10544,10052,,9939,
Z-98-206,sequencing,1,,,,,,,,,,,,,,,,run1_22,1,2022-10-19,,,,0,0,FAQ70637,,,barcode20,,98229,98229,3112.5633590345,3379.4925183516,2161.5,0,14788,10489,9886,9849,9371,,9393,
Z-98-285,sequencing,1,,,,,,,,,,,,,,,,run1_22,1,2022-10-19,,,,0,0,FAQ70637,,,barcode21,,115634,115634,3745.7091853838,3485.0041068241,3063,0,13939,11774,11594,11359,10723,,11192,
Z-98-286,sequencing,1,,,,,,,,,,,,,,,,run1_22,1,2022-10-19,,,,0,0,FAQ70637,,,barcode22,,96997,96997,3137.2914850821,2533.8692128868,2996,0,10227,11897,11693,11189,11043,,10994,
Z-98-335,sequencing,1,,,,,,,,,,,,,,,,run1_22,1,2022-10-19,,,,0,0,FAQ70637,,,barcode23,,105089,105089,3364.8365739189,3769.293523241,1558,0,14722,10674,10509,9867,8846,,9468,
CAR-22-018,sequencing,1,,,,,,,,,,,,,,,,run10_23,1,2023-03-02,,,,0,0,FAU43074,,,barcode22,,30194,30194,1064.4288467985,581.15016065325,939.5,0,2860,11684,11677,11676,11674,,11584,
CAR-22-020,sequencing,1,,,,,,,,,,,,,,,,run10_23,1,2023-03-02,,,,0,0,FAU43074,,,barcode23,,42521,42521,1462.8502346631,783.97583096854,1363,0,3806,11906,11885,11881,11676,,11798,
COW,sequencing,1,,,,,,,,,,,,,,,,run2_21,1,2021-10-29,,,,0,0,FAQ75669,,,barcode17,,173426,173426,5842.35652,3898.785344,5569.5,0,16806,11696,11676,11676,11625,,11594,
GOAT,sequencing,1,,,,,,,,,,,,,,,,run2_21,1,2021-10-29,,,,0,0,FAQ75669,,,barcode16,,7321,7321,272.8347301,123.4178471,244,0,613,11886,11868,11676,11301,,11581,
H-23-011-Sk_10,sequencing,1,,,,,,,,,,,,,,,,run10_23,1,2023-03-02,,,,0,0,FAU43074,,,barcode21,,9365,9365,287.29307743882,262.38177713964,221,0,1417,10835,10820,10473,8231,,10149,
H-23-011Sa_10,sequencing,1,,,,,,,,,,,,,,,,run10_23,1,2023-03-02,,,,0,0,FAU43074,,,barcode20,,824,824,25.466728126048,91.576527083747,0,0,512,988,984,979,920,,922,
H-23-011Sa_11,sequencing,1,,,,,,,,,,,,,,,,run11_23,1,2023-03-06,,,,0,0,FAT96586,,,barcode52,,1246,1246,39.107777405297,120.43327244543,0,0,764,4791,3948,3363,978,,3054,
H-23-011Sa_12,sequencing,1,,,,,,,,,,,,,,,,run12_23,1,2023-03-08,,,,0,0,FAT89919,,,barcode93,,320,320,9.8894569225612,42.351181755265,0,0,300,1364,1351,669,384,,612,
H-23-011Sk12,sequencing,1,,,,,,,,,,,,,,,,run12_23,1,2023-03-08,,,,0,0,FAT89919,,,barcode92,,19329,19329,626.56067717063,537.18487809164,543,0,2432,11206,11174,10734,9251,,10512,
H22-01,sequencing,1,,,,,,,,,,,,,,,,run5_21,1,2022-03-01,,,,0,0,FAQ67517,,,barcode20,,105322,105322,3460.889457,2939.418139,3087,0,11872,11361,10908,10702,10060,,10524,
NFW.10,sequencing,1,,,,,,,,,,,,,,,,run10_23,1,2023-03-02,,,,0,0,FAU43074,,,barcode29,,,,,,,,,,,,,,,
NFW.11,sequencing,1,,,,,,,,,,,,,,,,run11_23,1,2023-03-06,,,,0,0,FAT96586,,,barcode30,,2,2,0.06687898089172,0.24982276397025,0,0,1,798,0,0,0,,-10,
NFW.12,sequencing,1,,,,,,,,,,,,,,,,run12_23,1,2023-03-08,,,,0,0,FAT89919,,,barcode70,,24,24,0.79123365739189,4.1940101513936,0,0,24,412,412,393,0,,356,
NFW2,sequencing,1,,,,,,,,,,,,,,,,run1_22,1,2022-10-19,,,,0,0,FAQ70637,,,barcode24,,1,1,0.074673147837747,0.35439293583435,0,0,2,554,0,0,0,,-9,
NFW3,sequencing,1,,,,,,,,,,,,,,,,run3_22,1,2022-11-04,,,,0,0,FAU42532,,,barcode57,,196,196,5.7145491116326,31.327599158781,0,0,193,793,371,370,369,,317,
NFW4,sequencing,1,,,,,,,,,,,,,,,,run2_22,1,2022-10-26,,,,0,0,FAU03395,,,barcode37,,,,,,,0,0,0,0,0,0,,-9,
NFW4.3,sequencing,1,,,,,,,,,,,,,,,,run3_22,1,2022-11-04,,,,0,0,FAU42532,,,barcode69,,141,141,4.567717063359,13.59241298567,0,0,66,1810,1656,1004,0,,712,
NFW5,sequencing,1,,,,,,,,,,,,,,,,run3_22,1,2022-11-04,,,,0,0,FAU42532,,,barcode72,,,,,,,0,0,0,0,0,0,,-9,
NFW_1_R6,sequencing,1,,,,,,,,,,,,,,,,run6_23,1,2023-01-25,,,,0,0,FAT95864,,,barcode79,,8,8,0.24262487428763,1.1967814024842,0,0,7,703,375,0,0,,-10,
NFW_2_R6,sequencing,1,,,,,,,,,,,,,,,,run6_23,1,2023-01-25,,,,0,0,FAT95864,,,barcode87,,,,,,,,,,,,,,,
NFW_r6_1,sequencing,1,,,,,,,,,,,,,,,,run5_22,1,2022-12-11,,,,0,0,FAU03787,,,barcode65,,50,50,1.4997485752598,8.275548540719,0,0,50,383,383,382,0,,322,
NFW_r6_2,sequencing,1,,,,,,,,,,,,,,,,run5_22,1,2022-12-11,,,,0,0,FAU03787,,,barcode72,,,,,,,0,0,0,0,0,0,,-9,
NTC1,sequencing,1,,,,,,,,,,,,,,,,run1_21,1,2021-10-26,,,,0,0,FAQ75669,,,barcode38,,1,1,0.07123701,0.359672849,0,0,2,473,0,0,0,,-10,
NTC2,sequencing,1,,,,,,,,,,,,,,,,run2_21,1,2021-10-29,,,,0,0,FAQ75669,,,barcode30,,,,,,,0,0,0,0,0,0,,-9,
NTC3,sequencing,1,,,,,,,,,,,,,,,,run3_21,1,2022-02-17,,,,0,0,FAQ67614,,,barcode38,,,,,,,0,0,0,0,0,0,,-9,
NTC4,sequencing,1,,,,,,,,,,,,,,,,run4_21,1,2022-02-22,,,,0,0,FAQ72364,,,barcode16,,1,1,0.026902447,0.161805129,0,0,1,321,0,0,0,,-10,
NTC5,sequencing,1,,,,,,,,,,,,,,,,run5_21,1,2022-03-01,,,,0,0,FAQ67517,,,barcode21,,1,1,0.110626886,0.443238865,0,0,3,744,0,0,0,,-10,
R1-21-148,sequencing,1,,,,,,,,,,,,,,,,run3_21,1,2022-02-17,,,,0,0,FAQ67614,,,barcode01,,125187,125187,4475.726534,2243.720806,4318.5,0,11153,11894,11690,11683,11496,,11594,
R10-688,sequencing,1,,,,,,,,,,,,,,,,run3_22,1,2022-11-04,,,,0,0,FAU42532,,,barcode63,,21710,21710,1010.3256788468,448.13414182566,1056,0,2232,11690,11678,11675,11474,,11560,
R10-711,sequencing,1,,,,,,,,,,,,,,,,run3_22,1,2022-11-04,,,,0,0,FAU42532,,,barcode65,,24065,24065,938.42331545424,478.3338487678,969,0,2383,11704,11698,11498,11483,,11330,
R10-714,sequencing,1,,,,,,,,,,,,,,,,run5_21,1,2022-03-01,,,,0,0,FAQ67517,,,barcode18,,30540,30540,1827.797016,816.4748489,1858,0,3500,11677,11676,11676,11676,,11550,
R10-824,sequencing,1,,,,,,,,,,,,,,,,run3_22,1,2022-11-04,,,,0,0,FAU42532,,,barcode66,,11985,11985,581.11749916192,270.7452705607,577,0,1216,11683,11677,11674,11456,,11476,
R10-856,sequencing,1,,,,,,,,,,,,,,,,run3_22,1,2022-11-04,,,,0,0,FAU42532,,,barcode64,,22239,22239,914.27497485753,474.02893243218,940,0,2459,11690,11677,11475,11417,,11281,
R10-907,sequencing,1,,,,,,,,,,,,,,,,run5_21,1,2022-03-01,,,,0,0,FAQ67517,,,barcode19,,47361,47361,2457.926835,989.8736028,2419,0,5064,11699,11683,11676,11676,,11558,
R10-920,sequencing,1,,,,,,,,,,,,,,,,run3_21,1,2022-02-17,,,,0,0,FAQ67614,,,barcode85,,51668,51668,2957.091016,1137.177129,2903.5,0,5537,11766,11679,11676,11676,,11572,
R10-989,sequencing,1,,,,,,,,,,,,,,,,run3_22,1,2022-11-04,,,,0,0,FAU42532,,,barcode67,,16112,16112,712.61297351659,363.23645219122,711,0,1812,11872,11677,11648,11179,,11337,
R10-990,sequencing,1,,,,,,,,,,,,,,,,run3_22,1,2022-11-04,,,,0,0,FAU42532,,,barcode68,,17635,17635,714.81226952732,398.37722428718,703,0,1957,11691,11677,11675,11190,,11562,
R11-21-57,sequencing,1,,,,,,,,,,,,,,,,run3_21,1,2022-02-17,,,,0,0,FAQ67614,,,barcode49,,13,13,0.584813946,0.811098125,0,0,4,4863,0,0,0,,-9,
R11-21-61,sequencing,1,,,,,,,,,,,,,,,,run3_21,1,2022-02-17,,,,0,0,FAQ67614,,,barcode61,,181394,181394,6889.439574,3764.398249,6839.5,0,17078,11917,11887,11886,11879,,11800,
R11-21-63,sequencing,1,,,,,,,,,,,,,,,,run3_21,1,2022-02-17,,,,0,0,FAQ67614,,,barcode73,,80422,80422,4466.344284,1842.311676,4452.5,0,7854,11846,11677,11676,11606,,11591,
R11-22-001,sequencing,1,,,,,,,,,,,,,,,,run11_23,1,2023-03-06,,,,0,0,FAT96586,,,barcode39,,96805,96805,3644.5158397586,2564.5355682688,3168.5,0,10174,11889,11884,11695,11676,,11563,
R11-22-002,sequencing,1,,,,,,,,,,,,,,,,run11_23,1,2023-03-06,,,,0,0,FAT96586,,,barcode40,,75418,75418,2972.628059001,1970.7939916736,2591.5,0,7420,11895,11885,11797,11656,,11730,
R2-081,sequencing,1,,,,,,,,,,,,,,,,run5_21,1,2022-03-01,,,,0,0,FAQ67517,,,barcode01,,101178,101178,3470.992876,1985.053452,3355,0,9572,11692,11689,11683,11672,,11591,
R2-22-5302,sequencing,1,,,,,,,,,,,,,,,,run10_23,1,2023-03-02,,,,0,0,FAU43074,,,barcode28,,23485,23485,967.64691585652,547.86210082782,847,0,2515,11685,11677,11676,11657,,11583,
R2-22-5814,sequencing,1,,,,,,,,,,,,,,,,run10_23,1,2023-03-02,,,,0,0,FAU43074,,,barcode27,,49816,49816,1549.3092524304,1228.9975203837,1301,0,5161,11670,11344,11125,10258,,10820,
R2-22-84711,sequencing,1,,,,,,,,,,,,,,,,run11_23,1,2023-03-06,,,,0,0,FAT96586,,,barcode31,,142335,142335,4668.7984411666,3486.4978055309,3742.5,0,15083,11618,11586,11360,11151,,11266,
R2-22-8924,sequencing,1,,,,,,,,,,,,,,,,run10_23,1,2023-03-02,,,,0,0,FAU43074,,,barcode26,,43115,43115,1423.5872443848,868.34157301968,1241,0,3806,11684,11682,11676,11676,,11591,
R3-0483,sequencing,1,,,,,,,,,,,,,,,,run5_21,1,2022-03-01,,,,0,0,FAQ67517,,,barcode03,,27266,27266,1671.840513,598.1084858,1641,0,3181,11812,11677,11676,11676,,11579,
R3-21-0467,sequencing,1,,,,,,,,,,,,,,,,run4_21,1,2022-02-22,,,,0,0,FAQ72364,,,barcode15,,8312,8312,268.9239859,322.2012554,90,0,1352,10516,9333,8622,5857,,8043,
R3-731,sequencing,1,,,,,,,,,,,,,,,,run5_21,1,2022-03-01,,,,0,0,FAQ67517,,,barcode02,,62721,62721,2664.61289,1103.346032,2491,0,5850,11886,11680,11676,11676,,11596,
R5-22-09,sequencing,1,,,,,,,,,,,,,,,,run5_21,1,2022-03-01,,,,0,0,FAQ67517,,,barcode11,,50180,50180,2903.58582,932.0254402,2867,0,5291,11893,11888,11885,11884,,11802,
R5-21-115,sequencing,1,,,,,,,,,,,,,,,,run4_21,1,2022-02-22,,,,0,0,FAQ72364,,,barcode05,,67761,67761,2364.112303,1142.209652,2134,0,5479,11905,11888,11887,11884,,11795,
R5-21-119,sequencing,1,,,,,,,,,,,,,,,,run4_21,1,2022-02-22,,,,0,0,FAQ72364,,,barcode04,,59368,59368,1958.928847,1115.970534,1800,0,4633,11886,11885,11884,11140,,11801,
R5-21-128,sequencing,1,,,,,,,,,,,,,,,,run4_21,1,2022-02-22,,,,0,0,FAQ72364,,,barcode03,,30755,30755,1154.376467,497.1962902,1056,0,2657,11906,11887,11886,11883,,11798,
R5-21-132,sequencing,1,,,,,,,,,,,,,,,,run3_21,1,2022-02-17,,,,0,0,FAQ67614,,,barcode37,,194519,194519,9247.281512,3605.793478,9216.5,0,17386,11900,11889,11885,11676,,11799,
R5-21-136,sequencing,1,,,,,,,,,,,,,,,,run11_23,1,2023-03-06,,,,0,0,FAT96586,,,barcode32,,76031,76031,3567.2932450553,1806.0537840744,3384.5,0,8004,11894,11886,11689,11674,,11601,
R5-21-140,sequencing,1,,,,,,,,,,,,,,,,run11_23,1,2023-03-06,,,,0,0,FAT96586,,,barcode33,,127216,127216,5249.1049279249,2846.1261666728,4664.5,0,13563,11900,11888,11886,11886,,11800,
R5-22-008,sequencing,1,,,,,,,,,,,,,,,,run11_23,1,2023-03-06,,,,0,0,FAT96586,,,barcode34,,103037,103037,3400.954827355,2328.7020920383,2873,0,10293,11783,11678,11677,11458,,11596,
R6-21-4343,sequencing,1,,,,,,,,,,,,,,,,run11_23,1,2023-03-06,,,,0,0,FAT96586,,,barcode35,,90441,90441,3976.518689239,2166.5841212008,3497,0,10524,11861,11799,11712,11676,,11591,
R6-21-4375,sequencing,1,,,,,,,,,,,,,,,,run11_23,1,2023-03-06,,,,0,0,FAT96586,,,barcode36,,203788,203788,7042.2361716393,4489.9938608769,6721,0,18057,11718,11679,11676,11522,,11573,
R6-21-4511,sequencing,1,,,,,,,,,,,,,,,,run3_21,1,2022-02-17,,,,0,0,FAQ67614,,,barcode13,,189873,189873,6961.801291,3373.810536,6576.5,0,16090,11893,11811,11676,11676,,11589,
R6-21-4600,sequencing,1,,,,,,,,,,,,,,,,run3_21,1,2022-02-17,,,,0,0,FAQ67614,,,barcode25,,129092,129092,4957.942424,2736.298895,4726.5,0,12954,11906,11677,11676,11480,,11586,
R6-4342,sequencing,1,,,,,,,,,,,,,,,,run5_21,1,2022-03-01,,,,0,0,FAQ67517,,,barcode12,,30225,30225,1875.01584,655.9218054,1860,0,3708,11706,11678,11676,11676,,11539,
R6-4568,sequencing,1,,,,,,,,,,,,,,,,run5_21,1,2022-03-01,,,,0,0,FAQ67517,,,barcode13,,63047,63047,2987.019024,1304.903897,2958,0,7016,11891,11822,11676,11676,,11569,
R7-21-149,sequencing,1,,,,,,,,,,,,,,,,run11_23,1,2023-03-06,,,,0,0,FAT96586,,,barcode37,,77319,77319,3807.7446362722,1884.3211834138,3486,0,9296,11858,11783,11693,11676,,11540,
R7-21-161,sequencing,1,,,,,,,,,,,,,,,,run11_23,1,2023-03-06,,,,0,0,FAT96586,,,barcode38,,202645,202645,6757.3995977204,6037.8690552696,4963.5,0,27416,11517,11483,11275,10700,,11353,
R9-010,sequencing,1,,,,,,,,,,,,,,,,run5_21,1,2022-03-01,,,,0,0,FAQ67517,,,barcode14,,53625,53625,2607.197285,1118.021451,2587,0,5972,11862,11690,11676,11676,,11574,
R9-074,sequencing,1,,,,,,,,,,,,,,,,run5_21,1,2022-03-01,,,,0,0,FAQ67517,,,barcode15,,63092,63092,2972.659403,1326.172705,2926,0,7088,11899,11885,11677,11676,,11585,
R9-089,sequencing,1,,,,,,,,,,,,,,,,run5_21,1,2022-03-01,,,,0,0,FAQ67517,,,barcode16,,109806,109806,3810.859621,2448.353901,3877,0,9691,11886,11885,11480,11137,,11291,
R9-105,sequencing,1,,,,,,,,,,,,,,,,run5_21,1,2022-03-01,,,,0,0,FAQ67517,,,barcode17,,41899,41899,2224.175243,908.1496533,2210,0,4646,11891,11886,11885,11676,,11734,
RADDL1-16-153,sequencing,1,,,,,,,,,,,,,,,,run3_22,1,2022-11-04,,,,0,0,FAU42532,,,barcode56,,15167,15167,719.52162252766,309.34580576354,694,0,1529,11690,11676,11676,11658,,11598,
RADDL1-16-166,sequencing,1,,,,,,,,,,,,,,,,run3_22,1,2022-11-04,,,,0,0,FAU42532,,,barcode59,,23234,23234,783.48592021455,419.01520385781,739,0,2036,11690,11605,11495,11290,,11357,
RADDL3-1045,sequencing,1,,,,,,,,,,,,,,,,run2_21,1,2021-10-29,,,,0,0,FAQ75669,,,barcode07,,235100,235100,7910.868337,4137.48131,7350,0,20745,11896,11894,11680,11676,,11596,
RADDL3-15-172,sequencing,1,,,,,,,,,,,,,,,,run2_21,1,2021-10-29,,,,0,0,FAQ75669,,,barcode06,,130863,130863,5353.908146,2319.525117,4992,0,12013,11897,11854,11742,11676,,11592,
RADDL3-16-1008,sequencing,1,,,,,,,,,,,,,,,,run3_22,1,2022-11-04,,,,0,0,FAU42532,,,barcode58,,18146,18146,727.13400938652,359.49063517901,685.5,0,1675,11877,11680,11676,11167,,11580,
RADDL3-16-468,sequencing,1,,,,,,,,,,,,,,,,run2_21,1,2021-10-29,,,,0,0,FAQ75669,,,barcode20,,162858,162858,7481.750503,3053.867492,6949,0,15503,11851,11677,11676,11676,,11592,
RADDL3-16-521,sequencing,1,,,,,,,,,,,,,,,,run3_22,1,2022-11-04,,,,0,0,FAU42532,,,barcode55,,15946,15946,656.31034193765,290.57283846469,657,0,1572,11683,11677,11676,11477,,11594,
RADDL3-16-627,sequencing,1,,,,,,,,,,,,,,,,run1_21,1,2021-10-26,,,,0,0,FAQ75669,,,barcode01,,167345,167345,5842.952984,3996.535397,5980.5,0,18562,11795,11689,11675,11496,,11365,
RADDL3-845,sequencing,1,,,,,,,,,,,,,,,,run2_21,1,2021-10-29,,,,0,0,FAQ75669,,,barcode08,,39173,39173,1756.317801,779.9229463,1652,0,4055,11886,11677,11676,11676,,11588,
RADDL5-005,sequencing,1,,,,,,,,,,,,,,,,run1_21,1,2021-10-26,,,,0,0,FAQ75669,,,barcode02,,242600,242600,8922.323165,4048.767056,8460,0,20137,11895,11890,11884,11713,,11800,
Z-04-421,sequencing,1,,,,,,,,,,,,,,,,run2_22,1,2022-10-26,,,,0,0,FAU03395,,,barcode41,,107835,107835,3423.0678008716,3242.1601235978,2379,0,9549,11396,11190,10668,9187,,10087,
Z-04-664,sequencing,1,,,,,,,,,,,,,,,,run2_22,1,2022-10-26,,,,0,0,FAU03395,,,barcode42,,131393,131393,4212.4451055984,3686.173639903,3427.5,0,15042,11184,10930,10921,10625,,10718,
Z-05-102,sequencing,1,,,,,,,,,,,,,,,,run2_22,1,2022-10-26,,,,0,0,FAU03395,,,barcode46,,96098,96098,3107.8994301039,2323.2330044796,2757,0,10550,11887,11885,11474,11210,,11351,
Z-05-191,sequencing,1,,,,,,,,,,,,,,,,run2_22,1,2022-10-26,,,,0,0,FAU03395,,,barcode44,,92572,92572,2985.7640797855,2230.2092137162,2894.5,0,8836,11691,11477,11351,10567,,11113,
Z-05-557,sequencing,1,,,,,,,,,,,,,,,,run2_22,1,2022-10-26,,,,0,0,FAU03395,,,barcode45,,169873,169873,5509.6249580959,3569.4082374289,5122.5,0,16183,11891,11886,11797,11682,,11541,
Z-05-96,sequencing,1,,,,,,,,,,,,,,,,run2_22,1,2022-10-26,,,,0,0,FAU03395,,,barcode43,,101819,101819,3286.0113979216,2294.0380083112,3127,0,9751,11885,11675,11660,10914,,11343,
Z-06-150,sequencing,1,,,,,,,,,,,,,,,,run4_22,1,2022-11-15,,,,0,0,FAU43236,,,barcode82,,49479,49479,1570.1181696279,1033.5748965357,1522,0,4483,11714,11692,11362,11218,,11210,
Z-06-295,sequencing,1,,,,,,,,,,,,,,,,run4_22,1,2022-11-15,,,,0,0,FAU43236,,,barcode83,,52534,52534,1675.992876299,1012.9199058148,1584.5,0,4611,11886,11885,11676,11458,,11602,
Z-06-39,sequencing,1,,,,,,,,,,,,,,,,run4_22,1,2022-11-15,,,,0,0,FAU43236,,,barcode81,,71041,71041,2284.4382333222,1108.1416292053,2110,0,5400,11890,11888,11887,11684,,11801,
Z-07-07,sequencing,1,,,,,,,,,,,,,,,,run4_22,1,2022-11-15,,,,0,0,FAU43236,,,barcode84,,52118,52118,1675.6708012068,997.90484702885,1593,0,4629,11891,11884,11676,11425,,11596,
Z-07-22,sequencing,1,,,,,,,,,,,,,,,,run4_22,1,2022-11-15,,,,0,0,FAU43236,,,barcode85,,64076,64076,2057.2877975193,1286.6357264422,2039.5,0,5622,11886,11884,11677,11673,,10053,
Z-07-222,sequencing,1,,,,,,,,,,,,,,,,run4_22,1,2022-11-15,,,,0,0,FAU43236,,,barcode87,,52964,52964,1691.2063359035,1382.7156448532,1592,0,5762,11691,11481,10707,9765,,10373,
Z-07-351,sequencing,1,,,,,,,,,,,,,,,,run4_22,1,2022-11-15,,,,0,0,FAU43236,,,barcode88,,65561,65561,2236.4808917197,1156.0111086836,2138,0,5656,11900,11881,11677,11674,,11599,
Z-07-366,sequencing,1,,,,,,,,,,,,,,,,run4_22,1,2022-11-15,,,,0,0,FAU43236,,,barcode89,,55969,55969,1798.5082132082,1149.9222107553,1762,0,4980,11693,11677,11312,10996,,11123,
Z-07-38,sequencing,1,,,,,,,,,,,,,,,,run4_22,1,2022-11-15,,,,0,0,FAU43236,,,barcode86,,29717,29717,1167.3718571907,532.25034702284,1102.5,0,2785,11897,11886,11885,11675,,11804,
Z-07-387,sequencing,1,,,,,,,,,,,,,,,,run3_22,1,2022-11-04,,,,0,0,FAU42532,,,barcode70,,103439,103439,3293.4229802213,1888.4732602642,3277,0,8635,11890,11885,11684,11297,,11598,
Z-07-398,sequencing,1,,,,,,,,,,,,,,,,run3_22,1,2022-11-04,,,,0,0,FAU42532,,,barcode71,,94571,94571,3044.7091015756,1867.8432899031,2933,0,8530,11897,11896,11678,11473,,11597,
Z-07-403,sequencing,1,,,,,,,,,,,,,,,,run4_22,1,2022-11-15,,,,0,0,FAU43236,,,barcode90,,53889,53889,1763.4355514583,1064.6013993141,1672,0,5037,11889,11884,11677,11427,,11595,
Z-07-407,sequencing,1,,,,,,,,,,,,,,,,run4_22,1,2022-11-15,,,,0,0,FAU43236,,,barcode91,,55500,55500,1836.007123701,1099.0726683126,1764,0,5027,11891,11881,11677,11469,,11596,
Z-08-351,sequencing,1,,,,,,,,,,,,,,,,run4_22,1,2022-11-15,,,,0,0,FAU43236,,,barcode92,,46441,46441,1486.3022125377,1116.7670333035,1456,0,5050,11882,11678,11542,10006,,11051,
Z-08-359,sequencing,1,,,,,,,,,,,,,,,,run4_22,1,2022-11-15,,,,0,0,FAU43236,,,barcode94,,63326,63326,2083.1364398257,1571.2273854419,2061,0,6068,11719,11692,11682,10787,,11333,
Z-09-94,sequencing,1,,,,,,,,,,,,,,,,run4_22,1,2022-11-15,,,,0,0,FAU43236,,,barcode95,,43595,43595,1529.34512236,787.97787292502,1439.5,0,4030,11887,11885,11690,11675,,11601,
Z-12-012,sequencing,1,,,,,,,,,,,,,,,,run2_21,1,2021-10-29,,,,0,0,FAQ75669,,,barcode18,,144097,144097,4999.873282,2623.047931,4529,0,12812,11886,11869,11676,11676,,11592,
Z-12-029,sequencing,1,,,,,,,,,,,,,,,,run3_22,1,2022-11-04,,,,0,0,FAU42532,,,barcode49,,29905,29905,1007.7789976534,507.78449906957,934,0,2519,11682,11677,11674,11492,,11598,
Z-12-034,sequencing,1,,,,,,,,,,,,,,,,run3_22,1,2022-11-04,,,,0,0,FAU42532,,,barcode50,,23352,23352,769.11984579283,679.39542958875,656,0,2619,11708,11444,10685,8511,,10027,
Z-12-060,sequencing,1,,,,,,,,,,,,,,,,run3_22,1,2022-11-04,,,,0,0,FAU42532,,,barcode51,,23814,23814,790.24472008046,399.9435195454,732,0,1996,11685,11677,11675,11291,,11592,
Z-12-149,sequencing,1,,,,,,,,,,,,,,,,run1_21,1,2021-10-26,,,,0,0,FAQ75669,,,barcode26,,257718,257718,14462.78109,6273.985265,14007,0,30310,11689,11684,11677,11516,,11594,
Z-12-208,sequencing,1,,,,,,,,,,,,,,,,run1_21,1,2021-10-26,,,,0,0,FAQ75669,,,barcode37,,206386,206386,10728.1356,4916.375799,10822,0,26130,11893,11684,11677,11499,,11588,
Z-13-020,sequencing,1,,,,,,,,,,,,,,,,run3_22,1,2022-11-04,,,,0,0,FAU42532,,,barcode52,,20112,20112,780.48927254442,409.58850763831,767.5,0,1880,11696,11676,11676,11505,,11578,
Z-13-032,sequencing,1,,,,,,,,,,,,,,,,run2_21,1,2021-10-29,,,,0,0,FAQ75669,,,barcode29,,26448,26448,966.2040731,462.3586857,909,0,2352,11886,11885,11824,11673,,11746,
Z-13-036,sequencing,1,,,,,,,,,,,,,,,,run1_21,1,2021-10-26,,,,0,0,FAQ75669,,,barcode85,,327401,327401,14020.82551,6740.580781,12938,0,32970,11893,11887,11690,11676,,11599,
Z-13-037,sequencing,1,,,,,,,,,,,,,,,,run3_22,1,2022-11-04,,,,0,0,FAU42532,,,barcode53,,25543,25543,824.33422728797,786.57446473688,708.5,0,3500,11514,10876,10244,8469,,9835,
Z-13-065,sequencing,1,,,,,,,,,,,,,,,,run5_22,1,2022-12-11,,,,0,0,FAU03787,,,barcode49,,89170,89170,3176.2779081462,2039.2434923666,3026,0,8369,11898,11837,11685,11682,,11544,
Z-13-066,sequencing,1,,,,,,,,,,,,,,,,run1_21,1,2021-10-26,,,,0,0,FAQ75669,,,barcode14,,208536,208536,8728.982233,3644.569628,8209.5,0,18790,11901,11887,11886,11884,,11801,
Z-13-066,sequencing,2,,,,,,,,,,,,,,,,run5_22,2,2022-12-11,,,,0,0,FAU03787,,,barcode50,,78280,78280,2663.9576768354,1397.9918551352,2526,0,6866,11899,11885,11684,11676,,11598,
Z-13-071,sequencing,1,,,,,,,,,,,,,,,,run3_22,1,2022-11-04,,,,0,0,FAU42532,,,barcode60,,20629,20629,712.01382836071,396.9389615042,670,0,1898,11884,11687,11676,11316,,11596,
Z-13-073,sequencing,1,,,,,,,,,,,,,,,,run1_21,1,2021-10-26,,,,0,0,FAQ75669,,,barcode61,,53310,53310,4439.687982,1575.474471,4315,0,7666,11887,11699,11676,11676,,11562,
Z-13-081,sequencing,1,,,,,,,,,,,,,,,,run6_23,1,2023-01-25,,,,0,0,FAT95864,,,barcode86,,14244,14244,584.77086825344,313.35779790706,503,0,1435,11896,11893,11684,11674,,11480,
Z-13-086,sequencing,1,,,,,,,,,,,,,,,,run5_22,1,2022-12-11,,,,0,0,FAU03787,,,barcode51,,76974,76974,2722.8932282937,1388.2306293538,2605,0,6784,11891,11885,11680,11676,,11600,
Z-13-089,sequencing,1,,,,,,,,,,,,,,,,run5_22,1,2022-12-11,,,,0,0,FAU03787,,,barcode53,,66077,66077,3113.691250419,1180.3671479047,3146.5,0,6384,11896,11889,11885,11676,,11798,
Z-13-094,sequencing,1,,,,,,,,,,,,,,,,run2_21,1,2021-10-29,,,,0,0,FAQ75669,,,barcode28,,123625,123625,4184.524388,2196.782888,3813,0,10622,11893,11893,11886,11677,,11800,
Z-13-096,sequencing,1,,,,,,,,,,,,,,,,run2_21,1,2021-10-29,,,,0,0,FAQ75669,,,barcode27,,123906,123906,4392.243798,2027.333939,4032.5,0,10525,11892,11886,11885,11676,,11800,
Z-13-098,sequencing,1,,,,,,,,,,,,,,,,run5_22,1,2022-12-11,,,,0,0,FAU03787,,,barcode52,,53882,53882,2918.8363224941,1429.293049618,2829,0,6325,11902,11888,11886,11544,,11709,
Z-13-134,sequencing,1,,,,,,,,,,,,,,,,run5_22,1,2022-12-11,,,,0,0,FAU03787,,,barcode54,,75001,75001,3190.0829701643,1349.6436358033,3120,0,6884,11918,11885,11678,11676,,11592,
Z-13-135,sequencing,1,,,,,,,,,,,,,,,,run5_22,1,2022-12-11,,,,0,0,FAU03787,,,barcode55,,127516,127516,4128.0865739189,2842.7224914661,3788.5,0,12788,11886,11683,11677,11488,,11597,
Z-13-161,sequencing,1,,,,,,,,,,,,,,,,run5_22,1,2022-12-11,,,,0,0,FAU03787,,,barcode56,,110224,110224,3606.6536205163,2340.8895597015,3506,0,10434,11886,11884,11677,11196,,11598,
Z-13-171,sequencing,1,,,,,,,,,,,,,,,,run5_22,1,2022-12-11,,,,0,0,FAU03787,,,barcode57,,56392,56392,2646.7572913175,1248.4029915301,2638,0,6032,11904,11887,11886,11884,,11768,
Z-13-184,sequencing,1,,,,,,,,,,,,,,,,run5_22,1,2022-12-11,,,,0,0,FAU03787,,,barcode58,,98387,98387,4651.4016929266,2122.8088962658,4662,0,9591,11895,11888,11887,11885,,11762,
Z-13-204,sequencing,1,,,,,,,,,,,,,,,,run5_22,1,2022-12-11,,,,0,0,FAU03787,,,barcode59,,33728,33728,1940.5238015421,894.59816171543,1866,0,4214,11889,11887,11886,11885,,11669,
Z-13-216,sequencing,1,,,,,,,,,,,,,,,,run5_22,1,2022-12-11,,,,0,0,FAU03787,,,barcode60,,58248,58248,2300.4785450888,1169.0211436452,2055,0,5264,11890,11887,11880,11684,,11748,
Z-13-234,sequencing,1,,,,,,,,,,,,,,,,run5_22,1,2022-12-11,,,,0,0,FAU03787,,,barcode61,,51002,51002,2260.705833054,1187.2421943807,2187,0,5291,11917,11889,11886,11684,,11763,
Z-13-259,sequencing,1,,,,,,,,,,,,,,,,run5_22,1,2022-12-11,,,,0,0,FAU03787,,,barcode62,,163021,163021,7517.3677505867,3698.6168287741,7715.5,0,18732,11886,11770,11678,11676,,11599,
Z-14-023,sequencing,1,,,,,,,,,,,,,,,,run5_22,1,2022-12-11,,,,0,0,FAU03787,,,barcode64,,82778,82778,2865.3923902112,1451.9548316066,2849,0,6906,11883,11680,11677,11676,,11587,
Z-14-033,sequencing,1,,,,,,,,,,,,,,,,run2_21,1,2021-10-29,,,,0,0,FAQ75669,,,barcode09,,148568,148568,5349.353,2483.224605,5127,0,12531,11901,11869,11676,11676,,11591,
Z-14-05,sequencing,1,,,,,,,,,,,,,,,,run5_22,1,2022-12-11,,,,0,0,FAU03787,,,barcode63,,81669,81669,2824.436808582,1479.6985488391,2672,0,7175,11888,11886,11882,11676,,11804,
Z-14-058,sequencing,1,,,,,,,,,,,,,,,,run6_23,1,2023-01-25,,,,0,0,FAT95864,,,barcode73,,13289,13289,461.42943345625,261.6547645073,419,0,1171,11884,11677,11669,11143,,11391,
Z-14-098,sequencing,1,,,,,,,,,,,,,,,,run6_23,1,2023-01-25,,,,0,0,FAT95864,,,barcode74,,7842,7842,285.52849480389,141.64166295,261,0,726,11679,11677,11676,11293,,11587,
Z-14-101,sequencing,1,,,,,,,,,,,,,,,,run6_23,1,2023-01-25,,,,0,0,FAT95864,,,barcode75,,13232,13232,494.55363727791,255.040275098,481,0,1188,11684,11608,11354,11154,,11271,
Z-14-106,sequencing,1,,,,,,,,,,,,,,,,run1_21,1,2021-10-26,,,,0,0,FAQ75669,,,barcode13,,434130,434130,14697.97586,14578.80513,10421,0,67068,11223,11199,11192,10574,,11039,
Z-14-126,sequencing,1,,,,,,,,,,,,,,,,run6_23,1,2023-01-25,,,,0,0,FAT95864,,,barcode76,,12418,12418,481.42264498827,216.9420686923,439,0,1052,11888,11885,11677,11666,,11600,
Z-14-136,sequencing,1,,,,,,,,,,,,,,,,run2_21,1,2021-10-29,,,,0,0,FAQ75669,,,barcode11,,218634,218634,7307.005364,4472.09875,6820,0,20742,11894,11886,11724,11723,,11583,
Z-14-136,sequencing,2,,,,,,,,,,,,,,,,run6_23,2,2023-01-25,,,,0,0,FAT95864,,,barcode77,,23171,23171,792.28343949045,445.33416603423,720,0,2118,11885,11528,11514,11213,,11389,
Z-14-142,sequencing,1,,,,,,,,,,,,,,,,run6_23,1,2023-01-25,,,,0,0,FAT95864,,,barcode78,,17568,17568,651.49958095877,303.43154050547,601,0,1516,11888,11687,11676,11670,,11600,
Z-14-182,sequencing,1,,,,,,,,,,,,,,,,run2_21,1,2021-10-29,,,,0,0,FAQ75669,,,barcode22,,81937,81937,3208.69301,1461.448848,3104,0,7630,11679,11677,11676,11676,,11595,
Z-14-243,sequencing,1,,,,,,,,,,,,,,,,run1_21,1,2021-10-26,,,,0,0,FAQ75669,,,barcode25,,119107,119107,7808.022125,3540.144943,7985,0,16978,11921,11893,11887,11886,,11763,
Z-15-001,sequencing,1,,,,,,,,,,,,,,,,run2_21,1,2021-10-29,,,,0,0,FAQ75669,,,barcode12,,69401,69401,3004.165437,1290.988649,2836,0,6229,11892,11887,11886,11885,,11799,
Z-15-009,sequencing,1,,,,,,,,,,,,,,,,run1_21,1,2021-10-26,,,,0,0,FAQ75669,,,barcode73,,377644,377644,12353.08096,10819.88618,11216,0,41815,11698,11687,11173,10327,,11258,
Z-15-163,sequencing,1,,,,,,,,,,,,,,,,run3_22,1,2022-11-04,,,,0,0,FAU42532,,,barcode54,,21101,21101,713.47820985585,391.3409041209,684,0,1845,11887,11881,11677,11329,,11601,
Z-16-082,sequencing,1,,,,,,,,,,,,,,,,run2_21,1,2021-10-29,,,,0,0,FAQ75669,,,barcode10,,144960,144960,5950.845039,2615.673968,5384.5,0,13521,11901,11892,11885,11676,,11792,
Z-16-150,sequencing,1,,,,,,,,,,,,,,,,run1_21,1,2021-10-26,,,,0,0,FAQ75669,,,barcode49,,101726,101726,7973.81998,2468.846239,8049,0,15476,11866,11792,11745,11676,,11589,
Z-16-151,sequencing,1,,,,,,,,,,,,,,,,run2_21,1,2021-10-29,,,,0,0,FAQ75669,,,barcode05,,260166,260166,10090.36666,4368.263507,9812.5,0,21901,11901,11895,11886,11676,,11786,
Z-16-151,sequencing,2,,,,,,,,,,,,,,,,run3_22,2,2022-11-04,,,,0,0,FAU42532,,,barcode61,,15463,15463,584.27371773383,268.73232614644,553,0,1415,11677,11676,11676,11486,,11591,
Z-16-196,sequencing,1,,,,,,,,,,,,,,,,run3_22,1,2022-11-04,,,,0,0,FAU42532,,,barcode62,,15464,15464,617.86942675159,306.95021345504,618,0,1519,11885,11680,11676,11322,,11569,
Z-16-209,sequencing,1,,,,,,,,,,,,,,,,run2_21,1,2021-10-29,,,,0,0,FAQ75669,,,barcode21,,132379,132379,5435.368756,2972.26618,5469,0,12727,11897,11888,11886,11771,,11768,
Z-16-210,sequencing,1,,,,,,,,,,,,,,,,run2_21,1,2021-10-29,,,,0,0,FAQ75669,,,barcode15,,205764,205764,7611.781847,3556.204618,7037,0,18286,11896,11887,11885,11680,,11797,
Z-16-211,sequencing,1,,,,,,,,,,,,,,,,run2_21,1,2021-10-29,,,,0,0,FAQ75669,,,barcode19,,161927,161927,5878.380322,2687.277383,5221,0,14072,11903,11894,11886,11772,,11798,
Z-17-046,sequencing,1,,,,,,,,,,,,,,,,run11_23,1,2023-03-06,,,,0,0,FAT96586,,,barcode43,,163208,163208,5623.5468488099,3112.1423387332,5176,0,13952,11895,11887,11885,11677,,11805,
Z-17-174,sequencing,1,,,,,,,,,,,,,,,,run6_23,1,2023-01-25,,,,0,0,FAT95864,,,barcode80,,17741,17741,602.83330539725,320.62050667236,534.5,0,1466,11893,11885,11677,11486,,11597,
Z-17-177,sequencing,1,,,,,,,,,,,,,,,,run11_23,1,2023-03-06,,,,0,0,FAT96586,,,barcode42,,110668,110668,3794.7930774388,2204.1408466085,3371,0,9312,11888,11887,11881,11676,,11802,
Z-17-193,sequencing,1,,,,,,,,,,,,,,,,run6_23,1,2023-01-25,,,,0,0,FAT95864,,,barcode81,,10487,10487,416.72368421053,196.44295067843,399,0,985,11893,11882,11676,11315,,11573,
Z-17-200,sequencing,1,,,,,,,,,,,,,,,,run6_23,1,2023-01-25,,,,0,0,FAT95864,,,barcode82,,20886,20886,733.94468655716,378.88067963208,702,0,1703,11697,11678,11676,11489,,11597,
Z-17-217,sequencing,1,,,,,,,,,,,,,,,,run6_23,1,2023-01-25,,,,0,0,FAT95864,,,barcode83,,13492,13492,572.91275561515,269.96140871895,531,0,1350,11898,11866,11676,11667,,11572,
Z-17-221,sequencing,1,,,,,,,,,,,,,,,,run6_23,1,2023-01-25,,,,0,0,FAT95864,,,barcode84,,25307,25307,851.66937646664,552.7348136851,769,0,2468,11692,11678,11484,10892,,11369,
Z-17-57,sequencing,1,,,,,,,,,,,,,,,,run11_23,1,2023-03-06,,,,0,0,FAT96586,,,barcode41,,135711,135711,4757.5558162923,3391.0913994429,3828.5,0,14407,11888,11888,11887,11697,,11789,
Z-18-001,sequencing,1,,,,,,,,,,,,,,,,run6_23,1,2023-01-25,,,,0,0,FAT95864,,,barcode85,,25982,25982,957.91820315119,500.19004368947,877.5,0,2450,11887,11795,11677,11673,,11596,
Z-18-114,sequencing,1,,,,,,,,,,,,,,,,run11_23,1,2023-03-06,,,,0,0,FAT96586,,,barcode45,,37285,37285,1259.3465471002,829.88339850804,1035,0,3657,11893,11885,11678,11669,,11601,
Z-18-159,sequencing,1,,,,,,,,,,,,,,,,run11_23,1,2023-03-06,,,,0,0,FAT96586,,,barcode44,,42528,42528,1409.3751257124,1147.0256045831,1066,0,5527,11699,11678,11676,11302,,11595,
Z-18-224,sequencing,1,,,,,,,,,,,,,,,,run11_23,1,2023-03-06,,,,0,0,FAT96586,,,barcode47,,166225,166225,5373.3054810593,4465.4174096217,4554,0,23155,11382,11331,11024,10819,,10838,
Z-18-251,sequencing,1,,,,,,,,,,,,,,,,run11_23,1,2023-03-06,,,,0,0,FAT96586,,,barcode46,,125899,125899,4115.7746396245,2926.6885957573,3473,0,13208,11885,11678,11674,11354,,11601,
Z-19-029,sequencing,1,,,,,,,,,,,,,,,,run11_23,1,2023-03-06,,,,0,0,FAT96586,,,barcode48,,122190,122190,4550.0718236674,3290.6540153518,4245,0,13571,11888,11887,11698,11646,,11529,
Z-19-123,sequencing,1,,,,,,,,,,,,,,,,run11_23,1,2023-03-06,,,,0,0,FAT96586,,,barcode49,,48006,48006,1560.6848809923,1602.2829026021,916.5,0,8073,11204,11193,11171,9939,,10777,
Z-19-136,sequencing,1,,,,,,,,,,,,,,,,run11_23,1,2023-03-06,,,,0,0,FAT96586,,,barcode50,,66098,66098,2137.4507207509,2229.5883522382,1706,0,12205,11192,11188,11182,10806,,11033,
Z-19-88,sequencing,1,,,,,,,,,,,,,,,,run11_23,1,2023-03-06,,,,0,0,FAT96586,,,barcode51,,29322,29322,999.88191418036,839.68658549812,683,0,4023,11686,11677,11676,10994,,11599,
Z-20-01,sequencing,1,,,,,,,,,,,,,,,,run12_23,1,2023-03-08,,,,0,0,FAT89919,,,barcode85,,69886,69886,2632.5402279584,1320.2582448831,2350,0,6231,11893,11886,11885,11855,,11802,
Z-20-110,sequencing,1,,,,,,,,,,,,,,,,run12_23,1,2023-03-08,,,,0,0,FAT89919,,,barcode89,,60653,60653,2412.0719074757,1191.6355884956,2275,0,5182,11698,11679,11677,11676,,11598,
Z-20-24,sequencing,1,,,,,,,,,,,,,,,,run12_23,1,2023-03-08,,,,0,0,FAT89919,,,barcode86,,48359,48359,2120.795172645,898.8766310444,2068,0,4598,11694,11685,11676,11676,,11599,
Z-20-33,sequencing,1,,,,,,,,,,,,,,,,run12_23,1,2023-03-08,,,,0,0,FAT89919,,,barcode87,,41602,41602,1778.9309420047,839.87722256371,1654,0,3996,11893,11678,11677,11676,,11600,
Z-20-51,sequencing,1,,,,,,,,,,,,,,,,run12_23,1,2023-03-08,,,,0,0,FAT89919,,,barcode88,,44895,44895,1981.9461951056,873.31268337964,1998,0,4176,11702,11678,11677,11676,,11597,
Z-22-103,sequencing,1,,,,,,,,,,,,,,,,run5_22,1,2022-12-11,,,,0,0,FAU03787,,,barcode71,,44564,44564,2457.108699296,990.38658561762,2418,0,4950,11699,11678,11676,11676,,11596,
Z-22-119,sequencing,1,,,,,,,,,,,,,,,,run10_23,1,2023-03-02,,,,0,0,FAU43074,,,barcode18,,42662,42662,1432.8343110962,847.1675469005,1333,0,3699,11879,11679,11676,11498,,11582,
Z-22-121,sequencing,1,,,,,,,,,,,,,,,,run10_23,1,2023-03-02,,,,0,0,FAU43074,,,barcode19,,23961,23961,755.34210526316,615.44837108484,683.5,0,2963,11370,10907,10896,9932,,10743,
Z-23-01,sequencing,1,,,,,,,,,,,,,,,,run12_23,1,2023-03-08,,,,0,0,FAT89919,,,barcode90,,45165,45165,2241.596128059,1000.2836325925,2192,0,4899,11888,11886,11677,11676,,11047,
Z-23-01Sa,sequencing,1,,,,,,,,,,,,,,,,run12_23,1,2023-03-08,,,,0,0,FAT89919,,,barcode91,,49553,49553,1633.8518270198,1360.8681033833,1436.5,0,6694,11692,11691,11499,11011,,11371,
Z-98-1061,sequencing,1,,,,,,,,,,,,,,,,run2_22,1,2022-10-26,,,,0,0,FAU03395,,,barcode35,,66383,66383,2307.390295005,1475.284135848,2205,0,6537,11899,11700,11687,11187,,11509,
Z-98-433,sequencing,1,,,,,,,,,,,,,,,,run2_22,1,2022-10-26,,,,0,0,FAU03395,,,barcode32,,71543,71543,2322.9390714046,1323.9528584739,2136,0,5876,11700,11693,11688,11474,,11595,
Z-98-454,sequencing,1,,,,,,,,,,,,,,,,run2_22,1,2022-10-26,,,,0,0,FAU03395,,,barcode31,,27733,27733,1010.5907643312,629.62698563208,1002.5,0,2885,11700,11685,11684,11347,,11531,
Z-98-515,sequencing,1,,,,,,,,,,,,,,,,run2_22,1,2022-10-26,,,,0,0,FAU03395,,,barcode30,,95114,95114,3073.1272209185,1874.3588918504,2872,0,8412,11893,11884,11676,11474,,11588,
Z-98-616,sequencing,1,,,,,,,,,,,,,,,,run2_22,1,2022-10-26,,,,0,0,FAU03395,,,barcode29,,75651,75651,2456.2092691921,1387.1178744762,2276.5,0,6436,11890,11848,11676,11472,,11584,
Z-98-667,sequencing,1,,,,,,,,,,,,,,,,run2_22,1,2022-10-26,,,,0,0,FAU03395,,,barcode28,,59506,59506,1893.3388367415,1973.3624687736,1417,0,7806,11514,10870,10472,9833,,10019,
Z-98-712,sequencing,1,,,,,,,,,,,,,,,,run2_22,1,2022-10-26,,,,0,0,FAU03395,,,barcode27,,84092,84092,2659.5499497151,2890.9040850402,1383,0,11287,11198,10685,10379,9683,,10016,
Z-98-718,sequencing,1,,,,,,,,,,,,,,,,run2_22,1,2022-10-26,,,,0,0,FAU03395,,,barcode26,,73847,73847,2330.7838585317,2347.3629505658,1882,0,9434,11527,11504,11171,9959,,10887,
Z-98-780,sequencing,1,,,,,,,,,,,,,,,,run4_22,1,2022-11-15,,,,0,0,FAU43236,,,barcode80,,79437,79437,2463.8150351995,2539.7902524801,1690,0,10978,11389,11194,11181,10217,,10989,
Z-98-823,sequencing,1,,,,,,,,,,,,,,,,run2_22,1,2022-10-26,,,,0,0,FAU03395,,,barcode25,,95086,95086,3078.1994636272,2162.7240811728,2958,0,9188,11886,11670,11227,10834,,10618,
Z-98-838,sequencing,1,,,,,,,,,,,,,,,,run2_22,1,2022-10-26,,,,0,0,FAU03395,,,barcode33,,77229,77229,2512.7723768019,2151.7982020751,2016,0,8665,11374,11334,11218,10688,,10841,
Z-98-860,sequencing,1,,,,,,,,,,,,,,,,run2_22,1,2022-10-26,,,,0,0,FAU03395,,,barcode34,,60807,60807,1955.7386020784,1618.2727857588,1987,0,6553,11705,11489,11190,10714,,10820,
