sample_id,redcap_repeat_instrument,redcap_repeat_instance,sample_labid,sample_sequenceid,sample_batchid,apha_sub,apha_rv,sample_tissuetype,sample_buffer,country,hmpcr_n405,rtassay,rtqpcr,lateral_flow_test,fat,drit,diagnostic_result,test_centre,diag_notes,diagnostic_complete,ngs_runid,duplicate_id,ngs_rundate,ngs_location,ngs_provider,ngs_submission,ngs_platform,primer_scheme,nanopore_platform,ngs_flowcell,illumina_platform,ngs_prep,ngs_barcode,ngs_library,ngs_analysis_type,ngs_merged_from,total_reads,mapped_reads,mean_depth,stdev_depth,median_depth,minimum_reads,maximum_reads,genomecov_depthx1,genomecov_depthx5,genomecov_depthx20,genomecov_depthx100,genbank_accession,consensus_coverage,consensus_fasta,ngs_notes,sequencing_complete
Z15-185,,,76,Z15-185,,,,Brain,,Philippines,,,,,Positive,,Positive,RITM,,0,,,,,,,,,,,,,,,,,,,,,,,,,,,,,,,,
Z15-185,sequencing,1,,,,,,,,,,,,,,,,,,,workshop2,1,,RITM,,,Nanopore,rabvSEasia,Minion,,,Amplicon,NB04,,Single_run,,35010,34799,,,,,,11872.34,,11741.088,11478.584,MN726854,11737,Z15-185.fasta,workshop training,0
Z14-152,,,73,Z14-152,,,,Brain,,Philippines,,,,,Positive,,Positive,RITM,,0,,,,,,,,,,,,,,,,,,,,,,,,,,,,,,,,
Z14-152,sequencing,1,,,,,,,,,,,,,,,,,,,workshop2,1,,RITM,,,Nanopore,rabvSEasia,Minion,,,Amplicon,NB01,,Single_run,,375319,374887,,,,,,11872.34,,11872.34,11585.972,MN726873,11863,Z14-152.fasta,workshop training,0
Z14-142,,,74,Z14-142,,,,Brain,,Philippines,,,,,Positive,,Positive,RITM,,0,,,,,,,,,,,,,,,,,,,,,,,,,,,,,,,,
Z14-142,sequencing,1,,,,,,,,,,,,,,,,,,,workshop2,1,,RITM,,,Nanopore,rabvSEasia,Minion,,,Amplicon,NB02,,Single_run,,58828,58658,,,,,,11872.34,,11657.564,11633.7,MN726851,11653,Z14-142.fasta,workshop training,0
Z12-012,,,75,Z12-012,,,,Brain,,Philippines,,,,,Positive,,Positive,RITM,,0,,,,,,,,,,,,,,,,,,,,,,,,,,,,,,,,
Z12-012,sequencing,1,,,,,,,,,,,,,,,,,,,workshop2,1,,RITM,,,Nanopore,rabvSEasia,Minion,,,Amplicon,NB03,,Single_run,,5687,5593,,,,,,11860.408,,11478.584,10345.044,MN726867,11653,Z12-012.fasta,workshop training,0
Z-98-860,,,,,,,,,Unknown,Philippines,,,,,,,,RITM,,0,,,,,,,,,,,,,,,,,,,,,,,,,,,,,,,,
Z-98-860,sequencing,1,,,,,,,,,,,,,,,,,,,run2_22,1,26/10/2022,RITM,,,Nanopore,rabvSEasia,Minion,FAU03395,,Amplicon,barcode34,,Single_run,,60807,60807,1955.738602,1618.272786,1987,0,6553,11705,11489,11190,10714,,10820,Z-98-860.fasta,,2
Z-98-838,,,,,,,,,Unknown,Philippines,,,,,,,,RITM,,0,,,,,,,,,,,,,,,,,,,,,,,,,,,,,,,,
Z-98-838,sequencing,1,,,,,,,,,,,,,,,,,,,run2_22,1,26/10/2022,RITM,,,Nanopore,rabvSEasia,Minion,FAU03395,,Amplicon,barcode33,,Single_run,,77229,77229,2512.772377,2151.798202,2016,0,8665,11374,11334,11218,10688,,10841,Z-98-838.fasta,,2
Z-98-823,,,,,,,,,Unknown,Philippines,,,,,,,,RITM,,0,,,,,,,,,,,,,,,,,,,,,,,,,,,,,,,,
Z-98-823,sequencing,1,,,,,,,,,,,,,,,,,,,run2_22,1,26/10/2022,RITM,,,Nanopore,rabvSEasia,Minion,FAU03395,,Amplicon,barcode25,,Single_run,,95086,95086,3078.199464,2162.724081,2958,0,9188,11886,11670,11227,10834,,10618,Z-98-823.fasta,,2
Z-98-780,,,,,,,,,Unknown,Philippines,,,,,,,,RITM,,0,,,,,,,,,,,,,,,,,,,,,,,,,,,,,,,,
Z-98-780,sequencing,1,,,,,,,,,,,,,,,,,,,run4_22,1,15/11/2022,RITM,,,Nanopore,rabvSEasia,Minion,FAU43236,,Amplicon,barcode80,,Single_run,,79437,79437,2463.815035,2539.790252,1690,0,10978,11389,11194,11181,10217,,10989,Z-98-780.fasta,,2
Z-98-718,,,,,,,,,Unknown,Philippines,,,,,,,,RITM,,0,,,,,,,,,,,,,,,,,,,,,,,,,,,,,,,,
Z-98-718,sequencing,1,,,,,,,,,,,,,,,,,,,run2_22,1,26/10/2022,RITM,,,Nanopore,rabvSEasia,Minion,FAU03395,,Amplicon,barcode26,,Single_run,,73847,73847,2330.783859,2347.362951,1882,0,9434,11527,11504,11171,9959,,10887,Z-98-718.fasta,,2
Z-98-712,,,,,,,,,Unknown,Philippines,,,,,,,,RITM,,0,,,,,,,,,,,,,,,,,,,,,,,,,,,,,,,,
Z-98-712,sequencing,1,,,,,,,,,,,,,,,,,,,run2_22,1,26/10/2022,RITM,,,Nanopore,rabvSEasia,Minion,FAU03395,,Amplicon,barcode27,,Single_run,,84092,84092,2659.54995,2890.904085,1383,0,11287,11198,10685,10379,9683,,10016,Z-98-712.fasta,,2
Z-98-667,,,,,,,,,Unknown,Philippines,,,,,,,,RITM,,0,,,,,,,,,,,,,,,,,,,,,,,,,,,,,,,,
Z-98-667,sequencing,1,,,,,,,,,,,,,,,,,,,run2_22,1,26/10/2022,RITM,,,Nanopore,rabvSEasia,Minion,FAU03395,,Amplicon,barcode28,,Single_run,,59506,59506,1893.338837,1973.362469,1417,0,7806,11514,10870,10472,9833,,10019,Z-98-667.fasta,,2
Z-98-616,,,,,,,,,Unknown,Philippines,,,,,,,,RITM,,0,,,,,,,,,,,,,,,,,,,,,,,,,,,,,,,,
Z-98-616,sequencing,1,,,,,,,,,,,,,,,,,,,run2_22,1,26/10/2022,RITM,,,Nanopore,rabvSEasia,Minion,FAU03395,,Amplicon,barcode29,,Single_run,,75651,75651,2456.209269,1387.117874,2276.5,0,6436,11890,11848,11676,11472,,11584,Z-98-616.fasta,,2
Z-98-515,,,,,,,,,Unknown,Philippines,,,,,,,,RITM,,0,,,,,,,,,,,,,,,,,,,,,,,,,,,,,,,,
Z-98-515,sequencing,1,,,,,,,,,,,,,,,,,,,run2_22,1,26/10/2022,RITM,,,Nanopore,rabvSEasia,Minion,FAU03395,,Amplicon,barcode30,,Single_run,,95114,95114,3073.127221,1874.358892,2872,0,8412,11893,11884,11676,11474,,11588,Z-98-515.fasta,,2
Z-98-454,,,,,,,,,Unknown,Philippines,,,,,,,,RITM,,0,,,,,,,,,,,,,,,,,,,,,,,,,,,,,,,,
Z-98-454,sequencing,1,,,,,,,,,,,,,,,,,,,run2_22,1,26/10/2022,RITM,,,Nanopore,rabvSEasia,Minion,FAU03395,,Amplicon,barcode31,,Single_run,,27733,27733,1010.590764,629.6269856,1002.5,0,2885,11700,11685,11684,11347,,11531,Z-98-454.fasta,,2
Z-98-433,,,,,,,,,Unknown,Philippines,,,,,,,,RITM,,0,,,,,,,,,,,,,,,,,,,,,,,,,,,,,,,,
Z-98-433,sequencing,1,,,,,,,,,,,,,,,,,,,run2_22,1,26/10/2022,RITM,,,Nanopore,rabvSEasia,Minion,FAU03395,,Amplicon,barcode32,,Single_run,,71543,71543,2322.939071,1323.952858,2136,0,5876,11700,11693,11688,11474,,11595,Z-98-433.fasta,,2
Z-98-335,,,,,,,,,Unknown,Philippines,,,,,,,,RITM,,0,,,,,,,,,,,,,,,,,,,,,,,,,,,,,,,,
Z-98-335,sequencing,1,,,,,,,,,,,,,,,,,,,run1_22,1,19/10/2022,RITM,,,Nanopore,rabvSEasia,Minion,FAQ70637,,Amplicon,barcode23,,Single_run,,105089,105089,3364.836574,3769.293523,1558,0,14722,10674,10509,9867,8846,,9468,Z-98-335.fasta,,2
Z-98-286,,,,,,,,,Unknown,Philippines,,,,,,,,RITM,,0,,,,,,,,,,,,,,,,,,,,,,,,,,,,,,,,
Z-98-286,sequencing,1,,,,,,,,,,,,,,,,,,,run1_22,1,19/10/2022,RITM,,,Nanopore,rabvSEasia,Minion,FAQ70637,,Amplicon,barcode22,,Single_run,,96997,96997,3137.291485,2533.869213,2996,0,10227,11897,11693,11189,11043,,10994,Z-98-286.fasta,,2
Z-98-285,,,,,,,,,Unknown,Philippines,,,,,,,,RITM,,0,,,,,,,,,,,,,,,,,,,,,,,,,,,,,,,,
Z-98-285,sequencing,1,,,,,,,,,,,,,,,,,,,run1_22,1,19/10/2022,RITM,,,Nanopore,rabvSEasia,Minion,FAQ70637,,Amplicon,barcode21,,Single_run,,115634,115634,3745.709185,3485.004107,3063,0,13939,11774,11594,11359,10723,,11192,Z-98-285.fasta,,2
Z-98-206,,,,,,,,,Unknown,Philippines,,,,,,,,RITM,,0,,,,,,,,,,,,,,,,,,,,,,,,,,,,,,,,
Z-98-206,sequencing,1,,,,,,,,,,,,,,,,,,,run1_22,1,19/10/2022,RITM,,,Nanopore,rabvSEasia,Minion,FAQ70637,,Amplicon,barcode20,,Single_run,,98229,98229,3112.563359,3379.492518,2161.5,0,14788,10489,9886,9849,9371,,9393,Z-98-206.fasta,,2
Z-98-134,,,,,,,,,Unknown,Philippines,,,,,,,,RITM,,0,,,,,,,,,,,,,,,,,,,,,,,,,,,,,,,,
Z-98-134,sequencing,1,,,,,,,,,,,,,,,,,,,run1_22,1,19/10/2022,RITM,,,Nanopore,rabvSEasia,Minion,FAQ70637,,Amplicon,barcode19,,Single_run,,99573,99573,3171.780925,3467.455671,2125,0,17219,10868,10562,10544,10052,,9939,Z-98-134.fasta,,2
Z-98-1061,,,,,,,,,Unknown,Philippines,,,,,,,,RITM,,0,,,,,,,,,,,,,,,,,,,,,,,,,,,,,,,,
Z-98-1061,sequencing,1,,,,,,,,,,,,,,,,,,,run2_22,1,26/10/2022,RITM,,,Nanopore,rabvSEasia,Minion,FAU03395,,Amplicon,barcode35,,Single_run,,66383,66383,2307.390295,1475.284136,2205,0,6537,11899,11700,11687,11187,,11509,Z-98-1061.fasta,,2
Z-23-01Sa,,,,,,,,,Unknown,Philippines,,,,,,,,RITM,,0,,,,,,,,,,,,,,,,,,,,,,,,,,,,,,,,
Z-23-01Sa,sequencing,1,,,,,,,,,,,,,,,,,,,run12_23,1,8/3/23,RITM,,,Nanopore,rabvSEasia,Minion,FAT89919,,Amplicon,barcode91,,Single_run,,49553,49553,1633.851827,1360.868103,1436.5,0,6694,11692,11691,11499,11011,,11371,Z-23-01Sa.fasta,,2
Z-23-01,,,,,,,,,Unknown,Philippines,,,,,,,,RITM,,0,,,,,,,,,,,,,,,,,,,,,,,,,,,,,,,,
Z-23-01,sequencing,1,,,,,,,,,,,,,,,,,,,run12_23,1,8/3/23,RITM,,,Nanopore,rabvSEasia,Minion,FAT89919,,Amplicon,barcode90,,Single_run,,45165,45165,2241.596128,1000.283633,2192,0,4899,11888,11886,11677,11676,,11047,Z-23-01.fasta,,2
Z-22-121,,,,,,,,,Unknown,Philippines,,,,,,,,RITM,,0,,,,,,,,,,,,,,,,,,,,,,,,,,,,,,,,
Z-22-121,sequencing,1,,,,,,,,,,,,,,,,,,,run10_23,1,2/3/23,RITM,,,Nanopore,rabvSEasia,Minion,FAU43074,,Amplicon,barcode19,,Single_run,,23961,23961,755.3421053,615.4483711,683.5,0,2963,11370,10907,10896,9932,,10743,Z-22-121.fasta,,2
Z-22-119,,,,,,,,,Unknown,Philippines,,,,,,,,RITM,,0,,,,,,,,,,,,,,,,,,,,,,,,,,,,,,,,
Z-22-119,sequencing,1,,,,,,,,,,,,,,,,,,,run10_23,1,2/3/23,RITM,,,Nanopore,rabvSEasia,Minion,FAU43074,,Amplicon,barcode18,,Single_run,,42662,42662,1432.834311,847.1675469,1333,0,3699,11879,11679,11676,11498,,11582,Z-22-119.fasta,,2
Z-22-103,,,,,,,,,Unknown,Philippines,,,,,,,,RITM,,0,,,,,,,,,,,,,,,,,,,,,,,,,,,,,,,,
Z-22-103,sequencing,1,,,,,,,,,,,,,,,,,,,run5_22,1,11/12/22,RITM,,,Nanopore,rabvSEasia,Minion,FAU03787,,Amplicon,barcode71,,Single_run,,44564,44564,2457.108699,990.3865856,2418,0,4950,11699,11678,11676,11676,,11596,Z-22-103.fasta,,2
Z-20-51,,,,,,,,,Unknown,Philippines,,,,,,,,RITM,,0,,,,,,,,,,,,,,,,,,,,,,,,,,,,,,,,
Z-20-51,sequencing,1,,,,,,,,,,,,,,,,,,,run12_23,1,8/3/23,RITM,,,Nanopore,rabvSEasia,Minion,FAT89919,,Amplicon,barcode88,,Single_run,,44895,44895,1981.946195,873.3126834,1998,0,4176,11702,11678,11677,11676,,11597,Z-20-51.fasta,,2
Z-20-33,,,,,,,,,Unknown,Philippines,,,,,,,,RITM,,0,,,,,,,,,,,,,,,,,,,,,,,,,,,,,,,,
Z-20-33,sequencing,1,,,,,,,,,,,,,,,,,,,run12_23,1,8/3/23,RITM,,,Nanopore,rabvSEasia,Minion,FAT89919,,Amplicon,barcode87,,Single_run,,41602,41602,1778.930942,839.8772226,1654,0,3996,11893,11678,11677,11676,,11600,Z-20-33.fasta,,2
Z-20-24,,,,,,,,,Unknown,Philippines,,,,,,,,RITM,,0,,,,,,,,,,,,,,,,,,,,,,,,,,,,,,,,
Z-20-24,sequencing,1,,,,,,,,,,,,,,,,,,,run12_23,1,8/3/23,RITM,,,Nanopore,rabvSEasia,Minion,FAT89919,,Amplicon,barcode86,,Single_run,,48359,48359,2120.795173,898.876631,2068,0,4598,11694,11685,11676,11676,,11599,Z-20-24.fasta,,2
Z-20-110,,,,,,,,,Unknown,Philippines,,,,,,,,RITM,,0,,,,,,,,,,,,,,,,,,,,,,,,,,,,,,,,
Z-20-110,sequencing,1,,,,,,,,,,,,,,,,,,,run12_23,1,8/3/23,RITM,,,Nanopore,rabvSEasia,Minion,FAT89919,,Amplicon,barcode89,,Single_run,,60653,60653,2412.071907,1191.635588,2275,0,5182,11698,11679,11677,11676,,11598,Z-20-110.fasta,,2
Z-20-01,,,,,,,,,Unknown,Philippines,,,,,,,,RITM,,0,,,,,,,,,,,,,,,,,,,,,,,,,,,,,,,,
Z-20-01,sequencing,1,,,,,,,,,,,,,,,,,,,run12_23,1,8/3/23,RITM,,,Nanopore,rabvSEasia,Minion,FAT89919,,Amplicon,barcode85,,Single_run,,69886,69886,2632.540228,1320.258245,2350,0,6231,11893,11886,11885,11855,,11802,Z-20-01.fasta,,2
Z-19-88,,,,,,,,,Unknown,Philippines,,,,,,,,RITM,,0,,,,,,,,,,,,,,,,,,,,,,,,,,,,,,,,
Z-19-88,sequencing,1,,,,,,,,,,,,,,,,,,,run11_23,1,6/3/23,RITM,,,Nanopore,rabvSEasia,Minion,FAT96586,,Amplicon,barcode51,,Single_run,,29322,29322,999.8819142,839.6865855,683,0,4023,11686,11677,11676,10994,,11599,Z-19-88.fasta,,2
Z-19-136,,,,,,,,,Unknown,Philippines,,,,,,,,RITM,,0,,,,,,,,,,,,,,,,,,,,,,,,,,,,,,,,
Z-19-136,sequencing,1,,,,,,,,,,,,,,,,,,,run11_23,1,6/3/23,RITM,,,Nanopore,rabvSEasia,Minion,FAT96586,,Amplicon,barcode50,,Single_run,,66098,66098,2137.450721,2229.588352,1706,0,12205,11192,11188,11182,10806,,11033,Z-19-136.fasta,,2
Z-19-123,,,,,,,,,Unknown,Philippines,,,,,,,,RITM,,0,,,,,,,,,,,,,,,,,,,,,,,,,,,,,,,,
Z-19-123,sequencing,1,,,,,,,,,,,,,,,,,,,run11_23,1,6/3/23,RITM,,,Nanopore,rabvSEasia,Minion,FAT96586,,Amplicon,barcode49,,Single_run,,48006,48006,1560.684881,1602.282903,916.5,0,8073,11204,11193,11171,9939,,10777,Z-19-123.fasta,,2
Z-19-029,,,,,,,,,Unknown,Philippines,,,,,,,,RITM,,0,,,,,,,,,,,,,,,,,,,,,,,,,,,,,,,,
Z-19-029,sequencing,1,,,,,,,,,,,,,,,,,,,run11_23,1,6/3/23,RITM,,,Nanopore,rabvSEasia,Minion,FAT96586,,Amplicon,barcode48,,Single_run,,122190,122190,4550.071824,3290.654015,4245,0,13571,11888,11887,11698,11646,,11529,Z-19-029.fasta,,2
Z-18-251,,,,,,,,,Unknown,Philippines,,,,,,,,RITM,,0,,,,,,,,,,,,,,,,,,,,,,,,,,,,,,,,
Z-18-251,sequencing,1,,,,,,,,,,,,,,,,,,,run11_23,1,6/3/23,RITM,,,Nanopore,rabvSEasia,Minion,FAT96586,,Amplicon,barcode46,,Single_run,,125899,125899,4115.77464,2926.688596,3473,0,13208,11885,11678,11674,11354,,11601,Z-18-251.fasta,,2
Z-18-224,,,,,,,,,Unknown,Philippines,,,,,,,,RITM,,0,,,,,,,,,,,,,,,,,,,,,,,,,,,,,,,,
Z-18-224,sequencing,1,,,,,,,,,,,,,,,,,,,run11_23,1,6/3/23,RITM,,,Nanopore,rabvSEasia,Minion,FAT96586,,Amplicon,barcode47,,Single_run,,166225,166225,5373.305481,4465.41741,4554,0,23155,11382,11331,11024,10819,,10838,Z-18-224.fasta,,2
Z-18-159,,,,,,,,,Unknown,Philippines,,,,,,,,RITM,,0,,,,,,,,,,,,,,,,,,,,,,,,,,,,,,,,
Z-18-159,sequencing,1,,,,,,,,,,,,,,,,,,,run11_23,1,6/3/23,RITM,,,Nanopore,rabvSEasia,Minion,FAT96586,,Amplicon,barcode44,,Single_run,,42528,42528,1409.375126,1147.025605,1066,0,5527,11699,11678,11676,11302,,11595,Z-18-159.fasta,,2
Z-18-114,,,,,,,,,Unknown,Philippines,,,,,,,,RITM,,0,,,,,,,,,,,,,,,,,,,,,,,,,,,,,,,,
Z-18-114,sequencing,1,,,,,,,,,,,,,,,,,,,run11_23,1,6/3/23,RITM,,,Nanopore,rabvSEasia,Minion,FAT96586,,Amplicon,barcode45,,Single_run,,37285,37285,1259.346547,829.8833985,1035,0,3657,11893,11885,11678,11669,,11601,Z-18-114.fasta,,2
Z-18-001,,,,,,,,,Unknown,Philippines,,,,,,,,RITM,,0,,,,,,,,,,,,,,,,,,,,,,,,,,,,,,,,
Z-18-001,sequencing,1,,,,,,,,,,,,,,,,,,,run6_23,1,25/01/2023,RITM,,,Nanopore,rabvSEasia,Minion,FAT95864,,Amplicon,barcode85,,Single_run,,25982,25982,957.9182032,500.1900437,877.5,0,2450,11887,11795,11677,11673,,11596,Z-18-001.fasta,,2
Z-17-57,,,,,,,,,Unknown,Philippines,,,,,,,,RITM,,0,,,,,,,,,,,,,,,,,,,,,,,,,,,,,,,,
Z-17-57,sequencing,1,,,,,,,,,,,,,,,,,,,run11_23,1,6/3/23,RITM,,,Nanopore,rabvSEasia,Minion,FAT96586,,Amplicon,barcode41,,Single_run,,135711,135711,4757.555816,3391.091399,3828.5,0,14407,11888,11888,11887,11697,,11789,Z-17-57.fasta,,2
Z-17-221,,,,,,,,,Unknown,Philippines,,,,,,,,RITM,,0,,,,,,,,,,,,,,,,,,,,,,,,,,,,,,,,
Z-17-221,sequencing,1,,,,,,,,,,,,,,,,,,,run6_23,1,25/01/2023,RITM,,,Nanopore,rabvSEasia,Minion,FAT95864,,Amplicon,barcode84,,Single_run,,25307,25307,851.6693765,552.7348137,769,0,2468,11692,11678,11484,10892,,11369,Z-17-221.fasta,,2
Z-17-217,,,,,,,,,Unknown,Philippines,,,,,,,,RITM,,0,,,,,,,,,,,,,,,,,,,,,,,,,,,,,,,,
Z-17-217,sequencing,1,,,,,,,,,,,,,,,,,,,run6_23,1,25/01/2023,RITM,,,Nanopore,rabvSEasia,Minion,FAT95864,,Amplicon,barcode83,,Single_run,,13492,13492,572.9127556,269.9614087,531,0,1350,11898,11866,11676,11667,,11572,Z-17-217.fasta,,2
Z-17-200,,,,,,,,,Unknown,Philippines,,,,,,,,RITM,,0,,,,,,,,,,,,,,,,,,,,,,,,,,,,,,,,
Z-17-200,sequencing,1,,,,,,,,,,,,,,,,,,,run6_23,1,25/01/2023,RITM,,,Nanopore,rabvSEasia,Minion,FAT95864,,Amplicon,barcode82,,Single_run,,20886,20886,733.9446866,378.8806796,702,0,1703,11697,11678,11676,11489,,11597,Z-17-200.fasta,,2
Z-17-193,,,,,,,,,Unknown,Philippines,,,,,,,,RITM,,0,,,,,,,,,,,,,,,,,,,,,,,,,,,,,,,,
Z-17-193,sequencing,1,,,,,,,,,,,,,,,,,,,run6_23,1,25/01/2023,RITM,,,Nanopore,rabvSEasia,Minion,FAT95864,,Amplicon,barcode81,,Single_run,,10487,10487,416.7236842,196.4429507,399,0,985,11893,11882,11676,11315,,11573,Z-17-193.fasta,,2
Z-17-177,,,,,,,,,Unknown,Philippines,,,,,,,,RITM,,0,,,,,,,,,,,,,,,,,,,,,,,,,,,,,,,,
Z-17-177,sequencing,1,,,,,,,,,,,,,,,,,,,run11_23,1,6/3/23,RITM,,,Nanopore,rabvSEasia,Minion,FAT96586,,Amplicon,barcode42,,Single_run,,110668,110668,3794.793077,2204.140847,3371,0,9312,11888,11887,11881,11676,,11802,Z-17-177.fasta,,2
Z-17-174,,,,,,,,,Unknown,Philippines,,,,,,,,RITM,,0,,,,,,,,,,,,,,,,,,,,,,,,,,,,,,,,
Z-17-174,sequencing,1,,,,,,,,,,,,,,,,,,,run6_23,1,25/01/2023,RITM,,,Nanopore,rabvSEasia,Minion,FAT95864,,Amplicon,barcode80,,Single_run,,17741,17741,602.8333054,320.6205067,534.5,0,1466,11893,11885,11677,11486,,11597,Z-17-174.fasta,,2
Z-17-046,,,,,,,,,Unknown,Philippines,,,,,,,,RITM,,0,,,,,,,,,,,,,,,,,,,,,,,,,,,,,,,,
Z-17-046,sequencing,1,,,,,,,,,,,,,,,,,,,run11_23,1,6/3/23,RITM,,,Nanopore,rabvSEasia,Minion,FAT96586,,Amplicon,barcode43,,Single_run,,163208,163208,5623.546849,3112.142339,5176,0,13952,11895,11887,11885,11677,,11805,Z-17-046.fasta,,2
Z-16-211,,,41,Z-16-211,,,,Brain,No_buffer_fresh_stored_at_-80,Philippines,,,,,Positive,,Positive,RITM,,0,,,,,,,,,,,,,,,,,,,,,,,,,,,,,,,,
Z-16-211,sequencing,1,,,,,,,,,,,,,,,,,,,ritm_archive2-nb22,1,29-Mar-19,RITM,,,Nanopore,rabvSEasia,Minion,FAK63189,,Amplicon,NB15,,Single_run,,3533,3503,5878.380322,2687.277383,5221,0,14072,11872.34,11894,11645.632,7302.384,MN726882,11653,Z-16-211.fasta,,2
Z-16-211,sequencing,2,,,,,,,,,,,,,,,,,,,run2_21,2,29/10/2021,RITM,,,Nanopore,rabvSEasia,Minion,,,Amplicon,barcode19,,Single_run,,161927,161927,5878.380322,2687.277383,5221,0,14072,11903,11894,11886,11772,MN726882,11798,Z-16-211.fasta,,0
Z-16-210,,,59,Z-16-210,,,,Brain,No_buffer_fresh_stored_at_-80,Philippines,,,,,Positive,,Positive,RITM,,0,,,,,,,,,,,,,,,,,,,,,,,,,,,,,,,,
Z-16-210,sequencing,1,,,,,,,,,,,,,,,,,,,ritm_archive1_NB24,1,29-Mar-19,RITM,,,Nanopore,rabvSEasia,Minion,,,Amplicon,NB11,,Single_run,,8321,8306,7611.781847,3556.204618,7037,0,18286,11872.34,11887,11657.564,11060.964,MN726847,11653,Z-16-210.fasta,,2
Z-16-210,sequencing,2,,,,,,,,,,,,,,,,,,,run2_21,2,29/10/2021,RITM,,,Nanopore,rabvSEasia,Minion,,,Amplicon,barcode15,,Single_run,,205764,205764,7611.781847,3556.204618,7037,0,18286,11896,11887,11885,11680,MN726847,11797,Z-16-210.fasta,,0
Z-16-209,,,32,Z-16-209,,,,Brain,No_buffer_fresh_stored_at_-80,Philippines,,,,,Positive,,Positive,RITM,,0,,,,,,,,,,,,,,,,,,,,,,,,,,,,,,,,
Z-16-209,sequencing,1,,,,,,,,,,,,,,,,,,,ritm_archive2-nb22,1,29-Mar-19,RITM,,,Nanopore,rabvSEasia,Minion,FAK63189,,Amplicon,NB07,,Single_run,,3522,3446,5435.368756,2972.26618,5469,0,12727,11872.34,11888,9808.104,5154.624,MN726872,11863,Z-16-209.fasta,,2
Z-16-209,sequencing,2,,,,,,,,,,,,,,,,,,,run2_21,2,29/10/2021,RITM,,,Nanopore,rabvSEasia,Minion,,,Amplicon,barcode21,,Single_run,,132379,132379,5435.368756,2972.26618,5469,0,12727,11897,11888,11886,11771,MN726872,11768,Z-16-209.fasta,,0
Z-16-196,,,,,,,,,Unknown,Philippines,,,,,,,,RITM,,0,,,,,,,,,,,,,,,,,,,,,,,,,,,,,,,,
Z-16-196,sequencing,1,,,,,,,,,,,,,,,,,,,run3_22,1,4/11/22,RITM,,,Nanopore,rabvSEasia,Minion,FAU42532,,Amplicon,barcode62,,Single_run,,15464,15464,617.8694268,306.9502135,618,0,1519,11885,11680,11676,11322,,11569,Z-16-196.fasta,,2
Z-16-186,,,43,Z-16-186,,,,Brain,No_buffer_fresh_stored_at_-80,Philippines,,,,,Positive,,Positive,RITM,,0,,,,,,,,,,,,,,,,,,,,,,,,,,,,,,,,
Z-16-186,sequencing,1,,,,,,,,,,,,,,,,,,,ritm_archive2-nb22,1,29-Mar-19,RITM,,,Nanopore,rabvSEasia,Minion,FAK63189,,Amplicon,NB17,,Single_run,,2844,2813,,,,,,11872.34,,11466.652,5763.156,MN726858,11653,Z-16-186.fasta,,0
Z-16-159,,,42,Z-16-159,,,,Brain,No_buffer_fresh_stored_at_-80,Philippines,,,,,Positive,,Positive,RITM,,0,,,,,,,,,,,,,,,,,,,,,,,,,,,,,,,,
Z-16-159,sequencing,1,,,,,,,,,,,,,,,,,,,ritm_archive2-nb22,1,29-Mar-19,RITM,,,Nanopore,rabvSEasia,Minion,FAK63189,,Amplicon,NB16,,Single_run,,3379,3326,,,,,,11872.34,,11478.584,7135.336,MN726855,11653,Z-16-159.fasta,,0
Z-16-151,,,,,,,,,Unknown,Philippines,,,,,,,,RITM,,0,,,,,,,,,,,,,,,,,,,,,,,,,,,,,,,,
Z-16-151,sequencing,1,,,,,,,,,,,,,,,,,,,run2_21,1,29/10/2021,RITM,,,Nanopore,rabvSEasia,Minion,,,Amplicon,barcode05,,Single_run,,260166,260166,10090.36666,4368.263507,9812.5,0,21901,11901,11895,11886,11676,,11786,Z-16-151.fasta,,2
Z-16-151,sequencing,2,,,,,,,,,,,,,,,,,,,run3_22,2,4/11/22,RITM,,,Nanopore,rabvSEasia,Minion,,,Amplicon,barcode61,,Single_run,,15463,15463,584.2737177,268.7323261,553,0,1415,11677,11676,11676,11486,,11591,Z-16-151.fasta,,2
Z-16-150,,,,,,,,,Unknown,Philippines,,,,,,,,RITM,,0,,,,,,,,,,,,,,,,,,,,,,,,,,,,,,,,
Z-16-150,sequencing,1,,,,,,,,,,,,,,,,,,,run1_21,1,26/10/2021,RITM,,,Nanopore,rabvSEasia,Minion,FAQ75669,,Amplicon,barcode49,,Single_run,,101726,101726,7973.81998,2468.846239,8049,0,15476,11866,11792,11745,11676,,11589,Z-16-150.fasta,,2
Z-16-082,,,45,Z-16-082,,,,Brain,No_buffer_fresh_stored_at_-80,Philippines,,,,,Positive,,Positive,RITM,,0,,,,,,,,,,,,,,,,,,,,,,,,,,,,,,,,
Z-16-082,sequencing,1,,,,,,,,,,,,,,,,,,,ritm_archive2-nb22,1,29-Mar-19,RITM,,,Nanopore,rabvSEasia,Minion,FAK63189,,Amplicon,NB19,,Single_run,,2209,2156,5950.845039,2615.673968,5384.5,0,13521,11848.476,11892,11478.584,4880.188,MN726868,11653,Z-16-082.fasta,,2
Z-16-082,sequencing,2,,,,,,,,,,,,,,,,,,,run2_21,2,29/10/2021,RITM,,,Nanopore,rabvSEasia,Minion,,,Amplicon,barcode10,,Single_run,,144960,144960,5950.845039,2615.673968,5384.5,0,13521,11901,11892,11885,11676,MN726868,11792,Z-16-082.fasta,,0
Z-16-052,,,69,Z-16-052,,,,Brain,No_buffer_fresh_stored_at_-80,Philippines,,,,,Positive,,Positive,RITM,,0,,,,,,,,,,,,,,,,,,,,,,,,,,,,,,,,
Z-16-052,sequencing,1,,,,,,,,,,,,,,,,,,,ritm_archive1_NB24,1,29-Mar-19,RITM,,,Nanopore,rabvSEasia,Minion,FAK31415,,Amplicon,NB21,,Single_run,,302,302,,,,,,11395.06,,3138.116,0,,,,,0
Z-16-013,,,58,Z-16-013,,,,Brain,No_buffer_fresh_stored_at_-80,Philippines,,,,,Positive,,Positive,RITM,,0,,,,,,,,,,,,,,,,,,,,,,,,,,,,,,,,
Z-16-013,sequencing,1,,,,,,,,,,,,,,,,,,,ritm_archive1_NB24,1,29-Mar-19,RITM,,,Nanopore,rabvSEasia,Minion,FAK31415,,Amplicon,NB10,,Single_run,,5421,5367,,,,,,11812.68,,11430.856,8841.612,MN726848,11653,Z-16-013.fasta,,0
Z-15-185,,,Z-15-185,Z15-185,,,,Brain,No_buffer_fresh_stored_at_-80,Philippines,,,,,Positive,,Positive,RITM,,0,,,,,,,,,,,,,,,,,,,,,,,,,,,,,,,,
Z-15-185,sequencing,1,,,,,,,,,,,,,,,,,,,workshop2,1,29-Mar-19,RITM,,,Nanopore,rabvSEasia,Minion,FAK63400,,Amplicon,NB04,,Single_run,,35010,34799,,,,,,11872.34,,11741.088,11478.584,,,,,0
Z-15-163,,,,,,,,,Unknown,Philippines,,,,,,,,RITM,,0,,,,,,,,,,,,,,,,,,,,,,,,,,,,,,,,
Z-15-163,sequencing,1,,,,,,,,,,,,,,,,,,,run3_22,1,4/11/22,RITM,,,Nanopore,rabvSEasia,Minion,FAU42532,,Amplicon,barcode54,,Single_run,,21101,21101,713.4782099,391.3409041,684,0,1845,11887,11881,11677,11329,,11601,Z-15-163.fasta,,2
Z-15-148,,,47,Z-15-148,,,,Brain,No_buffer_fresh_stored_at_-80,Philippines,,,,,Positive,,Positive,RITM,,0,,,,,,,,,,,,,,,,,,,,,,,,,,,,,,,,
Z-15-148,sequencing,1,,,,,,,,,,,,,,,,,,,ritm_archive2-nb22,1,29-Mar-19,RITM,,,Nanopore,rabvSEasia,Minion,FAK63189,,Amplicon,NB21,,Single_run,,2321,2298,,,,,,11872.34,,11418.924,3961.424,MN726840,11653,Z-15-148.fasta,,0
Z-15-130,,,57,Z-15-130,,,,Brain,No_buffer_fresh_stored_at_-80,Philippines,,,,,Positive,,Positive,RITM,,0,,,,,,,,,,,,,,,,,,,,,,,,,,,,,,,,
Z-15-130,sequencing,1,,,,,,,,,,,,,,,,,,,ritm_archive1_NB24,1,29-Mar-19,RITM,,,Nanopore,rabvSEasia,Minion,FAK31415,,Amplicon,NB09,,Single_run,,5160,5153,,,,,,11872.34,,11430.856,8650.7,MN726881,11653,Z-15-130.fasta,,0
Z-15-119,,,71,Z-15-119,,,,Brain,No_buffer_fresh_stored_at_-80,Philippines,,,,,Positive,,Positive,RITM,,0,,,,,,,,,,,,,,,,,,,,,,,,,,,,,,,,
Z-15-119,sequencing,1,,,,,,,,,,,,,,,,,,,ritm_archive1_NB24,1,29-Mar-19,RITM,,,Nanopore,rabvSEasia,Minion,FAK31415,,Amplicon,NB23,,Single_run,,469,468,,,,,,11657.564,,5977.932,0,,,,,0
Z-15-116,,,52,Z-15-116,,,,Brain,No_buffer_fresh_stored_at_-80,Philippines,,,,,Positive,,Positive,RITM,,0,,,,,,,,,,,,,,,,,,,,,,,,,,,,,,,,
Z-15-116,sequencing,1,,,,,,,,,,,,,,,,,,,ritm_archive1_NB24,1,29-Mar-19,RITM,,,Nanopore,rabvSEasia,Minion,FAK31415,,Amplicon,NB04,,Single_run,,25265,25237,,,,,,11872.34,,11860.408,11657.564,MN726839,11863,Z-15-116.fasta,,0
Z-15-019,,,53,Z-15-019,,,,Brain,No_buffer_fresh_stored_at_-80,Philippines,,,,,Positive,,Positive,RITM,,0,,,,,,,,,,,,,,,,,,,,,,,,,,,,,,,,
Z-15-019,sequencing,1,,,,,,,,,,,,,,,,,,,ritm_archive1_NB24,1,29-Mar-19,RITM,,,Nanopore,rabvSEasia,Minion,FAK31415,,Amplicon,NB05,,Single_run,,13535,13523,,,,,,11872.34,,11836.544,11239.944,MN726861,11791,Z-15-019.fasta,,0
Z-15-012,,,68,Z-15-012,,,,Brain,No_buffer_fresh_stored_at_-80,Philippines,,,,,Positive,,Positive,RITM,,0,,,,,,,,,,,,,,,,,,,,,,,,,,,,,,,,
Z-15-012,sequencing,1,,,,,,,,,,,,,,,,,,,ritm_archive1_NB24,1,29-Mar-19,RITM,,,Nanopore,rabvSEasia,Minion,FAK31415,,Amplicon,NB20,,Single_run,,353,351,,,,,,11657.564,,4128.472,0,,,,,0
Z-15-009,,,,,,,,,Unknown,Philippines,,,,,,,,RITM,,0,,,,,,,,,,,,,,,,,,,,,,,,,,,,,,,,
Z-15-009,sequencing,1,,,,,,,,,,,,,,,,,,,run1_21,1,26/10/2021,RITM,,,Nanopore,rabvSEasia,Minion,FAQ75669,,Amplicon,barcode73,,Single_run,,377644,377644,12353.08096,10819.88618,11216,0,41815,11698,11687,11173,10327,,11258,Z-15-009.fasta,,2
Z-15-001,,,55,Z-15-001,,,,Brain,No_buffer_fresh_stored_at_-80,Philippines,,,,,Positive,,Positive,RITM,,0,,,,,,,,,,,,,,,,,,,,,,,,,,,,,,,,
Z-15-001,sequencing,1,,,,,,,,,,,,,,,,,,,ritm_archive1_NB24,1,29-Mar-19,RITM,,,Nanopore,rabvSEasia,Minion,FAK31415,,Amplicon,NB07,,Single_run,,10202,10189,3004.165437,1290.988649,2836,0,6229,11872.34,11887,11657.564,11430.856,MN726846,11653,Z-15-001.fasta,,2
Z-15-001,sequencing,2,,,,,,,,,,,,,,,,,,,run2_21,2,29/10/2021,RITM,,,Nanopore,rabvSEasia,Minion,FAQ75669,,Amplicon,barcode12,,Single_run,,69401,69401,3004.165437,1290.988649,2836,0,6229,11892,11887,11886,11885,MN726846,11799,Z-15-001.fasta,,0
Z-14-243,,,,,,,,,Unknown,Philippines,,,,,,,,RITM,,0,,,,,,,,,,,,,,,,,,,,,,,,,,,,,,,,
Z-14-243,sequencing,1,,,,,,,,,,,,,,,,,,,run1_21,1,26/10/2021,RITM,,,Nanopore,rabvSEasia,Minion,FAQ75669,,Amplicon,barcode25,,Single_run,,119107,119107,7808.022125,3540.144943,7985,0,16978,11921,11893,11887,11886,,11763,Z-14-243.fasta,,2
Z-14-182,,,67,Z-14-182,,,,Brain,No_buffer_fresh_stored_at_-80,Philippines,,,,,Positive,,Positive,RITM,,0,,,,,,,,,,,,,,,,,,,,,,,,,,,,,,,,
Z-14-182,sequencing,1,,,,,,,,,,,,,,,,,,,ritm_archive1_NB24,1,29-Mar-19,RITM,,,Nanopore,rabvSEasia,Minion,FAK31415,,Amplicon,NB19,,Single_run,,334,333,3208.69301,1461.448848,3104,0,7630,11430.856,11677,3185.844,0,,11595,,,2
Z-14-182,sequencing,2,,,,,,,,,,,,,,,,,,,run2_21,2,29/10/2021,RITM,,,Nanopore,rabvSEasia,Minion,,,Amplicon,barcode22,,Single_run,,81937,81937,3208.69301,1461.448848,3104,0,7630,11679,11677,11676,11676,,11595,Z-14-182.fasta,,0
Z-14-152,,,Z-14-152,Z14-152,,,,Brain,No_buffer_fresh_stored_at_-80,Philippines,,,,,Positive,,Positive,RITM,,0,,,,,,,,,,,,,,,,,,,,,,,,,,,,,,,,
Z-14-152,sequencing,1,,,,,,,,,,,,,,,,,,,workshop2,1,29-Mar-19,RITM,,,Nanopore,rabvSEasia,Minion,FAK63400,,Amplicon,NB01,,Single_run,,375319,374887,,,,,,11872.34,,11872.34,11585.972,,,,,0
Z-14-149,,,46,Z-14-149,,,,Brain,No_buffer_fresh_stored_at_-80,Philippines,,,,,Positive,,Positive,RITM,,0,,,,,,,,,,,,,,,,,,,,,,,,,,,,,,,,
Z-14-149,sequencing,1,,,,,,,,,,,,,,,,,,,ritm_archive2-nb22,1,29-Mar-19,RITM,,,Nanopore,rabvSEasia,Minion,FAK63189,,Amplicon,NB20,,Single_run,,3926,3870,,,,,,11872.34,,10881.984,6168.844,MN726870,11863,Z-14-149.fasta,,0
Z-14-146,,,51,Z-14-146,,,,Brain,No_buffer_fresh_stored_at_-80,Philippines,,,,,Positive,,Positive,RITM,,0,,,,,,,,,,,,,,,,,,,,,,,,,,,,,,,,
Z-14-146,sequencing,1,,,,,,,,,,,,,,,,,,,ritm_archive1_NB24,1,29-Mar-19,RITM,,,Nanopore,rabvSEasia,Minion,FAK31415,,Amplicon,NB03,,Single_run,,5579,5566,,,,,,11872.34,,11633.7,9187.64,MN726841,11863,Z-14-146.fasta,,0
Z-14-142,,,Z-14-142,Z14-142,,,,Brain,No_buffer_fresh_stored_at_-80,Philippines,,,,,Positive,,Positive,RITM,,0,,,,,,,,,,,,,,,,,,,,,,,,,,,,,,,,
Z-14-142,sequencing,1,,,,,,,,,,,,,,,,,,,workshop2,1,29-Mar-19,RITM,,,Nanopore,rabvSEasia,Minion,,,Amplicon,NB02,,Single_run,,58828,58658,651.499581,303.4315405,601,0,1516,11888,11687,11676,11670,,11600,,,0
Z-14-142,sequencing,2,,,,,,,,,,,,,,,,,,,run6_23,2,25/01/2023,RITM,,,Nanopore,rabvSEasia,Minion,,,Amplicon,barcode78,,Single_run,,17568,17568,651.499581,303.4315405,601,0,1516,11888,11687,11676,11670,,11600,Z-14-142.fasta,,2
Z-14-138,,,50,Z-14-138,,,,Brain,No_buffer_fresh_stored_at_-80,Philippines,,,,,Positive,,Positive,RITM,,0,,,,,,,,,,,,,,,,,,,,,,,,,,,,,,,,
Z-14-138,sequencing,1,,,,,,,,,,,,,,,,,,,ritm_archive1_NB24,1,29-Mar-19,RITM,,,Nanopore,rabvSEasia,Minion,FAK31415,,Amplicon,NB02,,Single_run,,13434,13423,,,,,,11872.34,,11812.68,11239.944,MN726866,11765,Z-14-138.fasta,,0
Z-14-136,,,49,Z-14-136,,,,Brain,No_buffer_fresh_stored_at_-80,Philippines,,,,,Positive,,Positive,RITM,,0,,,,,,,,,,,,,,,,,,,,,,,,,,,,,,,,
Z-14-136,sequencing,1,,,,,,,,,,,,,,,,,,,ritm_archive1_NB24,1,29-Mar-19,RITM,,,Nanopore,rabvSEasia,Minion,FAK31415,,Amplicon,NB01,,Single_run,,6370,6368,7307.005364,4472.09875,6820,0,20742,11872.34,11886,11216.08,8770.02,MN726865,11653,Z-14-136.fasta,,2
Z-14-136,sequencing,2,,,,,,,,,,,,,,,,,,,run2_21,2,29/10/2021,RITM,,,Nanopore,rabvSEasia,Minion,FAQ75669,,Amplicon,barcode11,,Single_run,,218634,218634,7307.005364,4472.09875,6820,0,20742,11894,11886,11724,11723,,11583,Z-14-136.fasta,,2
Z-14-136,sequencing,3,,,,,,,,,,,,,,,,,,,run6_23,3,25/01/2023,RITM,,,Nanopore,rabvSEasia,Minion,,,Amplicon,barcode77,,Single_run,,23171,23171,792.2834395,445.334166,720,0,2118,11885,11528,11514,11213,MN726865,11389,Z-14-136.fasta,,0
Z-14-126,,,,,,,,,Unknown,Philippines,,,,,,,,RITM,,0,,,,,,,,,,,,,,,,,,,,,,,,,,,,,,,,
Z-14-126,sequencing,1,,,,,,,,,,,,,,,,,,,run6_23,1,25/01/2023,RITM,,,Nanopore,rabvSEasia,Minion,FAT95864,,Amplicon,barcode76,,Single_run,,12418,12418,481.422645,216.9420687,439,0,1052,11888,11885,11677,11666,,11600,Z-14-126.fasta,,2
Z-14-106,,,,,,,,,Unknown,Philippines,,,,,,,,RITM,,0,,,,,,,,,,,,,,,,,,,,,,,,,,,,,,,,
Z-14-106,sequencing,1,,,,,,,,,,,,,,,,,,,run1_21,1,26/10/2021,RITM,,,Nanopore,rabvSEasia,Minion,FAQ75669,,Amplicon,barcode13,,Single_run,,434130,434130,14697.97586,14578.80513,10421,0,67068,11223,11199,11192,10574,,11039,Z-14-106.fasta,,2
Z-14-101,,,,,,,,,Unknown,Philippines,,,,,,,,RITM,,0,,,,,,,,,,,,,,,,,,,,,,,,,,,,,,,,
Z-14-101,sequencing,1,,,,,,,,,,,,,,,,,,,run6_23,1,25/01/2023,RITM,,,Nanopore,rabvSEasia,Minion,FAT95864,,Amplicon,barcode75,,Single_run,,13232,13232,494.5536373,255.0402751,481,0,1188,11684,11608,11354,11154,,11271,Z-14-101.fasta,,2
Z-14-098,,,,,,,,,Unknown,Philippines,,,,,,,,RITM,,0,,,,,,,,,,,,,,,,,,,,,,,,,,,,,,,,
Z-14-098,sequencing,1,,,,,,,,,,,,,,,,,,,run6_23,1,25/01/2023,RITM,,,Nanopore,rabvSEasia,Minion,FAT95864,,Amplicon,barcode74,,Single_run,,7842,7842,285.5284948,141.641663,261,0,726,11679,11677,11676,11293,,11587,Z-14-098.fasta,,2
Z-14-058,,,,,,,,,Unknown,Philippines,,,,,,,,RITM,,0,,,,,,,,,,,,,,,,,,,,,,,,,,,,,,,,
Z-14-058,sequencing,1,,,,,,,,,,,,,,,,,,,run6_23,1,25/01/2023,RITM,,,Nanopore,rabvSEasia,Minion,FAT95864,,Amplicon,barcode73,,Single_run,,13289,13289,461.4294335,261.6547645,419,0,1171,11884,11677,11669,11143,,11391,Z-14-058.fasta,,2
Z-14-05,,,,,,,,,Unknown,Philippines,,,,,,,,RITM,,0,,,,,,,,,,,,,,,,,,,,,,,,,,,,,,,,
Z-14-05,sequencing,1,,,,,,,,,,,,,,,,,,,run5_22,1,11/12/22,RITM,,,Nanopore,rabvSEasia,Minion,FAU03787,,Amplicon,barcode63,,Single_run,,81669,81669,2824.436809,1479.698549,2672,0,7175,11888,11886,11882,11676,,11804,Z-14-05.fasta,,2
Z-14-033,,,44,Z-14-033,,,,Brain,No_buffer_fresh_stored_at_-80,Philippines,,,,,Positive,,Positive,RITM,,0,,,,,,,,,,,,,,,,,,,,,,,,,,,,,,,,
Z-14-033,sequencing,1,,,,,,,,,,,,,,,,,,,ritm_archive2-nb22,1,29-Mar-19,RITM,,,Nanopore,rabvSEasia,Minion,FAK63189,,Amplicon,NB18,,Single_run,,2143,2125,5349.353,2483.224605,5127,0,12531,11872.34,11869,10917.78,3460.28,MN726844,11653,Z-14-033.fasta,,2
Z-14-033,sequencing,2,,,,,,,,,,,,,,,,,,,run2_21,2,29/10/2021,RITM,,,Nanopore,rabvSEasia,Minion,,,Amplicon,barcode09,,Single_run,,148568,148568,5349.353,2483.224605,5127,0,12531,11901,11869,11676,11676,MN726844,11591,Z-14-033.fasta,,0
Z-14-023,,,,,,,,,Unknown,Philippines,,,,,,,,RITM,,0,,,,,,,,,,,,,,,,,,,,,,,,,,,,,,,,
Z-14-023,sequencing,1,,,,,,,,,,,,,,,,,,,run5_22,1,11/12/22,RITM,,,Nanopore,rabvSEasia,Minion,FAU03787,,Amplicon,barcode64,,Single_run,,82778,82778,2865.39239,1451.954832,2849,0,6906,11883,11680,11677,11676,,11587,Z-14-023.fasta,,2
Z-13-259,,,,,,,,,Unknown,Philippines,,,,,,,,RITM,,0,,,,,,,,,,,,,,,,,,,,,,,,,,,,,,,,
Z-13-259,sequencing,1,,,,,,,,,,,,,,,,,,,run5_22,1,11/12/22,RITM,,,Nanopore,rabvSEasia,Minion,FAU03787,,Amplicon,barcode62,,Single_run,,163021,163021,7517.367751,3698.616829,7715.5,0,18732,11886,11770,11678,11676,,11599,Z-13-259.fasta,,2
Z-13-234,,,,,,,,,Unknown,Philippines,,,,,,,,RITM,,0,,,,,,,,,,,,,,,,,,,,,,,,,,,,,,,,
Z-13-234,sequencing,1,,,,,,,,,,,,,,,,,,,run5_22,1,11/12/22,RITM,,,Nanopore,rabvSEasia,Minion,FAU03787,,Amplicon,barcode61,,Single_run,,51002,51002,2260.705833,1187.242194,2187,0,5291,11917,11889,11886,11684,,11763,Z-13-234.fasta,,2
Z-13-216,,,,,,,,,Unknown,Philippines,,,,,,,,RITM,,0,,,,,,,,,,,,,,,,,,,,,,,,,,,,,,,,
Z-13-216,sequencing,1,,,,,,,,,,,,,,,,,,,run5_22,1,11/12/22,RITM,,,Nanopore,rabvSEasia,Minion,FAU03787,,Amplicon,barcode60,,Single_run,,58248,58248,2300.478545,1169.021144,2055,0,5264,11890,11887,11880,11684,,11748,Z-13-216.fasta,,2
Z-13-204,,,,,,,,,Unknown,Philippines,,,,,,,,RITM,,0,,,,,,,,,,,,,,,,,,,,,,,,,,,,,,,,
Z-13-204,sequencing,1,,,,,,,,,,,,,,,,,,,run5_22,1,11/12/22,RITM,,,Nanopore,rabvSEasia,Minion,FAU03787,,Amplicon,barcode59,,Single_run,,33728,33728,1940.523802,894.5981617,1866,0,4214,11889,11887,11886,11885,,11669,Z-13-204.fasta,,2
Z-13-184,,,,,,,,,Unknown,Philippines,,,,,,,,RITM,,0,,,,,,,,,,,,,,,,,,,,,,,,,,,,,,,,
Z-13-184,sequencing,1,,,,,,,,,,,,,,,,,,,run5_22,1,11/12/22,RITM,,,Nanopore,rabvSEasia,Minion,FAU03787,,Amplicon,barcode58,,Single_run,,98387,98387,4651.401693,2122.808896,4662,0,9591,11895,11888,11887,11885,,11762,Z-13-184.fasta,,2
Z-13-171,,,,,,,,,Unknown,Philippines,,,,,,,,RITM,,0,,,,,,,,,,,,,,,,,,,,,,,,,,,,,,,,
Z-13-171,sequencing,1,,,,,,,,,,,,,,,,,,,run5_22,1,11/12/22,RITM,,,Nanopore,rabvSEasia,Minion,FAU03787,,Amplicon,barcode57,,Single_run,,56392,56392,2646.757291,1248.402992,2638,0,6032,11904,11887,11886,11884,,11768,Z-13-171.fasta,,2
Z-13-161,,,,,,,,,Unknown,Philippines,,,,,,,,RITM,,0,,,,,,,,,,,,,,,,,,,,,,,,,,,,,,,,
Z-13-161,sequencing,1,,,,,,,,,,,,,,,,,,,run5_22,1,11/12/22,RITM,,,Nanopore,rabvSEasia,Minion,FAU03787,,Amplicon,barcode56,,Single_run,,110224,110224,3606.653621,2340.88956,3506,0,10434,11886,11884,11677,11196,,11598,Z-13-161.fasta,,2
Z-13-135,,,,,,,,,Unknown,Philippines,,,,,,,,RITM,,0,,,,,,,,,,,,,,,,,,,,,,,,,,,,,,,,
Z-13-135,sequencing,1,,,,,,,,,,,,,,,,,,,run5_22,1,11/12/22,RITM,,,Nanopore,rabvSEasia,Minion,FAU03787,,Amplicon,barcode55,,Single_run,,127516,127516,4128.086574,2842.722491,3788.5,0,12788,11886,11683,11677,11488,,11597,Z-13-135.fasta,,2
Z-13-134,,,,,,,,,Unknown,Philippines,,,,,,,,RITM,,0,,,,,,,,,,,,,,,,,,,,,,,,,,,,,,,,
Z-13-134,sequencing,1,,,,,,,,,,,,,,,,,,,run5_22,1,11/12/22,RITM,,,Nanopore,rabvSEasia,Minion,FAU03787,,Amplicon,barcode54,,Single_run,,75001,75001,3190.08297,1349.643636,3120,0,6884,11918,11885,11678,11676,,11592,Z-13-134.fasta,,2
Z-13-098,,,,,,,,,Unknown,Philippines,,,,,,,,RITM,,0,,,,,,,,,,,,,,,,,,,,,,,,,,,,,,,,
Z-13-098,sequencing,1,,,,,,,,,,,,,,,,,,,run5_22,1,11/12/22,RITM,,,Nanopore,rabvSEasia,Minion,FAU03787,,Amplicon,barcode52,,Single_run,,53882,53882,2918.836322,1429.29305,2829,0,6325,11902,11888,11886,11544,,11709,Z-13-098.fasta,,2
Z-13-096,,,56,Z-13-096,,,,Brain,No_buffer_fresh_stored_at_-80,Philippines,,,,,Positive,,Positive,RITM,,0,,,,,,,,,,,,,,,,,,,,,,,,,,,,,,,,
Z-13-096,sequencing,1,,,,,,,,,,,,,,,,,,,ritm_archive1_NB24,1,29-Mar-19,RITM,,,Nanopore,rabvSEasia,Minion,FAK31415,,Amplicon,NB08,,Single_run,,19170,19048,4392.243798,2027.333939,4032.5,0,10525,11872.34,11886,11657.564,11645.632,MN726869,11653,Z-13-096.fasta,,2
Z-13-096,sequencing,2,,,,,,,,,,,,,,,,,,,run2_21,2,29/10/2021,RITM,,,Nanopore,rabvSEasia,Minion,FAQ75669,,Amplicon,barcode27,,Single_run,,123906,123906,4392.243798,2027.333939,4032.5,0,10525,11892,11886,11885,11676,MN726869,11800,Z-13-096.fasta,,0
Z-13-094,,,63,Z-13-094,,,,Brain,No_buffer_fresh_stored_at_-80,Philippines,,,,,Positive,,Positive,RITM,,0,,,,,,,,,,,,,,,,,,,,,,,,,,,,,,,,
Z-13-094,sequencing,1,,,,,,,,,,,,,,,,,,,ritm_archive1_NB24,1,29-Mar-19,RITM,,,Nanopore,rabvSEasia,Minion,FAK31415,,Amplicon,NB15,,Single_run,,7209,7205,4184.524388,2196.782888,3813,0,10622,11872.34,11893,11406.992,10798.46,MN726838,11653,Z-13-094.fasta,,2
Z-13-094,sequencing,2,,,,,,,,,,,,,,,,,,,run2_21,2,29/10/2021,RITM,,,Nanopore,rabvSEasia,Minion,,,Amplicon,barcode28,,Single_run,,123625,123625,4184.524388,2196.782888,3813,0,10622,11893,11893,11886,11677,MN726838,11800,Z-13-094.fasta,,0
Z-13-089,,,,,,,,,Unknown,Philippines,,,,,,,,RITM,,0,,,,,,,,,,,,,,,,,,,,,,,,,,,,,,,,
Z-13-089,sequencing,1,,,,,,,,,,,,,,,,,,,run5_22,1,11/12/22,RITM,,,Nanopore,rabvSEasia,Minion,FAU03787,,Amplicon,barcode53,,Single_run,,66077,66077,3113.69125,1180.367148,3146.5,0,6384,11896,11889,11885,11676,,11798,Z-13-089.fasta,,2
Z-13-086,,,,,,,,,Unknown,Philippines,,,,,,,,RITM,,0,,,,,,,,,,,,,,,,,,,,,,,,,,,,,,,,
Z-13-086,sequencing,1,,,,,,,,,,,,,,,,,,,run5_22,1,11/12/22,RITM,,,Nanopore,rabvSEasia,Minion,FAU03787,,Amplicon,barcode51,,Single_run,,76974,76974,2722.893228,1388.230629,2605,0,6784,11891,11885,11680,11676,,11600,Z-13-086.fasta,,2
Z-13-081,,,,,,,,,Unknown,Philippines,,,,,,,,RITM,,0,,,,,,,,,,,,,,,,,,,,,,,,,,,,,,,,
Z-13-081,sequencing,1,,,,,,,,,,,,,,,,,,,run6_23,1,25/01/2023,RITM,,,Nanopore,rabvSEasia,Minion,FAT95864,,Amplicon,barcode86,,Single_run,,14244,14244,584.7708683,313.3577979,503,0,1435,11896,11893,11684,11674,,11480,Z-13-081.fasta,,2
Z-13-073,,,,,,,,,Unknown,Philippines,,,,,,,,RITM,,0,,,,,,,,,,,,,,,,,,,,,,,,,,,,,,,,
Z-13-073,sequencing,1,,,,,,,,,,,,,,,,,,,run1_21,1,26/10/2021,RITM,,,Nanopore,rabvSEasia,Minion,FAQ75669,,Amplicon,barcode61,,Single_run,,53310,53310,4439.687982,1575.474471,4315,0,7666,11887,11699,11676,11676,,11562,Z-13-073.fasta,,2
Z-13-071,,,60,Z-13-071,,,,Brain,No_buffer_fresh_stored_at_-80,Philippines,,,,,Positive,,Positive,RITM,,0,,,,,,,,,,,,,,,,,,,,,,,,,,,,,,,,
Z-13-071,sequencing,1,,,,,,,,,,,,,,,,,,,ritm_archive1_NB24,1,29-Mar-19,RITM,,,Nanopore,rabvSEasia,Minion,FAK31415,,Amplicon,NB12,,Single_run,,4817,4806,712.0138284,396.9389615,670,0,1898,11872.34,11687,11442.788,10583.684,MN726871,11653,Z-13-071.fasta,,2
Z-13-071,sequencing,2,,,,,,,,,,,,,,,,,,,run3_22,2,4/11/22,RITM,,,Nanopore,rabvSEasia,Minion,,,Amplicon,barcode60,,Single_run,,20629,20629,712.0138284,396.9389615,670,0,1898,11884,11687,11676,11316,MN726871,11596,Z-13-071.fasta,,0
Z-13-066,,,65,Z-13-066,,,,Brain,No_buffer_fresh_stored_at_-80,Philippines,,,,,Positive,,Positive,RITM,,0,,,,,,,,,,,,,,,,,,,,,,,,,,,,,,,,
Z-13-066,sequencing,1,,,,,,,,,,,,,,,,,,,ritm_archive1_NB24,1,29-Mar-19,RITM,,,Nanopore,rabvSEasia,Minion,FAK31415,,Amplicon,NB17,,Single_run,,682,679,8728.982233,3644.569628,8209.5,0,18790,11812.68,11887,8233.08,0,MN726878,11000,Z-13-066.fasta,,2
Z-13-066,sequencing,2,,,,,,,,,,,,,,,,,,,run1_21,2,26/10/2021,RITM,,,Nanopore,rabvSEasia,Minion,FAQ75669,,Amplicon,barcode14,,Single_run,,208536,208536,8728.982233,3644.569628,8209.5,0,18790,11901,11887,11886,11884,,11801,Z-13-066.fasta,,2
Z-13-066,sequencing,3,,,,,,,,,,,,,,,,,,,run5_22,3,11/12/22,RITM,,,Nanopore,rabvSEasia,Minion,,,Amplicon,barcode50,,Single_run,,78280,78280,2663.957677,1397.991855,2526,0,6866,11899,11885,11684,11676,MN726878,11598,Z-13-066.fasta,,0
Z-13-065,,,,,,,,,Unknown,Philippines,,,,,,,,RITM,,0,,,,,,,,,,,,,,,,,,,,,,,,,,,,,,,,
Z-13-065,sequencing,1,,,,,,,,,,,,,,,,,,,run5_22,1,11/12/22,RITM,,,Nanopore,rabvSEasia,Minion,FAU03787,,Amplicon,barcode49,,Single_run,,89170,89170,3176.277908,2039.243492,3026,0,8369,11898,11837,11685,11682,,11544,Z-13-065.fasta,,2
Z-13-037,,,,,,,,,Unknown,Philippines,,,,,,,,RITM,,0,,,,,,,,,,,,,,,,,,,,,,,,,,,,,,,,
Z-13-037,sequencing,1,,,,,,,,,,,,,,,,,,,run3_22,1,4/11/22,RITM,,,Nanopore,rabvSEasia,Minion,FAU42532,,Amplicon,barcode53,,Single_run,,25543,25543,824.3342273,786.5744647,708.5,0,3500,11514,10876,10244,8469,,9835,Z-13-037.fasta,,2
Z-13-036,,,,,,,,,Unknown,Philippines,,,,,,,,RITM,,0,,,,,,,,,,,,,,,,,,,,,,,,,,,,,,,,
Z-13-036,sequencing,1,,,,,,,,,,,,,,,,,,,run1_21,1,26/10/2021,RITM,,,Nanopore,rabvSEasia,Minion,FAQ75669,,Amplicon,barcode85,,Single_run,,327401,327401,14020.82551,6740.580781,12938,0,32970,11893,11887,11690,11676,,11599,Z-13-036.fasta,,2
Z-13-032,,,64,Z-13-032,,,,Brain,No_buffer_fresh_stored_at_-80,Philippines,,,,,Positive,,Positive,RITM,,0,,,,,,,,,,,,,,,,,,,,,,,,,,,,,,,,
Z-13-032,sequencing,1,,,,,,,,,,,,,,,,,,,ritm_archive1_NB24,1,29-Mar-19,RITM,,,Nanopore,rabvSEasia,Minion,FAK31415,,Amplicon,NB16,,Single_run,,11393,11378,966.2040731,462.3586857,909,0,2352,11872.34,11885,11657.564,11430.856,MN726862,11653,Z-13-032.fasta,,2
Z-13-032,sequencing,2,,,,,,,,,,,,,,,,,,,run2_21,2,29/10/2021,RITM,,,Nanopore,rabvSEasia,Minion,,,Amplicon,barcode29,,Single_run,,26448,26448,966.2040731,462.3586857,909,0,2352,11886,11885,11824,11673,MN726862,11746,Z-13-032.fasta,,0
Z-13-020,,,,,,,,,Unknown,Philippines,,,,,,,,RITM,,0,,,,,,,,,,,,,,,,,,,,,,,,,,,,,,,,
Z-13-020,sequencing,1,,,,,,,,,,,,,,,,,,,run3_22,1,4/11/22,RITM,,,Nanopore,rabvSEasia,Minion,FAU42532,,Amplicon,barcode52,,Single_run,,20112,20112,780.4892725,409.5885076,767.5,0,1880,11696,11676,11676,11505,,11578,Z-13-020.fasta,,2
Z-13-011,,,66,Z-13-011,,,,Brain,No_buffer_fresh_stored_at_-80,Philippines,,,,,Positive,,Positive,RITM,,0,,,,,,,,,,,,,,,,,,,,,,,,,,,,,,,,
Z-13-011,sequencing,1,,,,,,,,,,,,,,,,,,,ritm_archive1_NB24,1,29-Mar-19,RITM,,,Nanopore,rabvSEasia,Minion,FAK31415,,Amplicon,NB18,,Single_run,,327,326,,,,,,11645.632,,3770.512,0,,,,,0
Z-13-009,,,61,Z-13-009,,,,Brain,No_buffer_fresh_stored_at_-80,Philippines,,,,,Positive,,Positive,RITM,,0,,,,,,,,,,,,,,,,,,,,,,,,,,,,,,,,
Z-13-009,sequencing,1,,,,,,,,,,,,,,,,,,,ritm_archive1_NB24,1,29-Mar-19,RITM,,,Nanopore,rabvSEasia,Minion,FAK31415,,Amplicon,NB13,,Single_run,,14905,14871,,,,,,11800.748,,11657.564,11418.924,MN726837,11653,Z-13-009.fasta,,0
Z-13-002,,,62,Z-13-002,,,,Brain,No_buffer_fresh_stored_at_-80,Philippines,,,,,Positive,,Positive,RITM,,0,,,,,,,,,,,,,,,,,,,,,,,,,,,,,,,,
Z-13-002,sequencing,1,,,,,,,,,,,,,,,,,,,ritm_archive1_NB24,1,29-Mar-19,RITM,,,Nanopore,rabvSEasia,Minion,FAK31415,,Amplicon,NB14,,Single_run,,12309,12303,,,,,,11872.34,,11860.408,11168.352,MN726836,11863,Z-13-002.fasta,,0
Z-12-212,,,36,Z-12-212,,,,Brain,No_buffer_fresh_stored_at_-80,Philippines,,,,,Positive,,Positive,RITM,,0,,,,,,,,,,,,,,,,,,,,,,,,,,,,,,,,
Z-12-212,sequencing,1,,,,,,,,,,,,,,,,,,,ritm_archive2-nb22,1,29-Mar-19,RITM,,,Nanopore,rabvSEasia,Minion,FAK63189,,Amplicon,NB10,,Single_run,,1548,1528,,,,,,11872.34,,11848.476,5214.284,MN726879,11863,Z-12-212.fasta,,0
Z-12-208,,,,,,,,,Unknown,Philippines,,,,,,,,RITM,,0,,,,,,,,,,,,,,,,,,,,,,,,,,,,,,,,
Z-12-208,sequencing,1,,,,,,,,,,,,,,,,,,,run1_21,1,26/10/2021,RITM,,,Nanopore,rabvSEasia,Minion,FAQ75669,,Amplicon,barcode37,,Single_run,,206386,206386,10728.1356,4916.375799,10822,0,26130,11893,11684,11677,11499,,11588,Z-12-208.fasta,,2
Z-12-180,,,70,Z-12-180,,,,Brain,No_buffer_fresh_stored_at_-80,Philippines,,,,,Positive,,Positive,RITM,,0,,,,,,,,,,,,,,,,,,,,,,,,,,,,,,,,
Z-12-180,sequencing,1,,,,,,,,,,,,,,,,,,,ritm_archive1_NB24,1,29-Mar-19,RITM,,,Nanopore,rabvSEasia,Minion,FAK31415,,Amplicon,NB22,,Single_run,,247,247,,,,,,11251.876,,1801.732,0,,,,,0
Z-12-149,,,38,Z-12-149,,,,Brain,No_buffer_fresh_stored_at_-80,Philippines,,,,,Positive,,Positive,RITM,,0,,,,,,,,,,,,,,,,,,,,,,,,,,,,,,,,
Z-12-149,sequencing,1,,,,,,,,,,,,,,,,,,,ritm_archive2-nb22,1,29-Mar-19,RITM,,,Nanopore,rabvSEasia,Minion,FAK63189,,Amplicon,NB12,,Single_run,,2625,2587,14462.78109,6273.985265,14007,0,30310,11860.408,11684,11430.856,6192.708,MN726853,11653,Z-12-149.fasta,,2
Z-12-149,sequencing,2,,,,,,,,,,,,,,,,,,,run1_21,2,26/10/2021,RITM,,,Nanopore,rabvSEasia,Minion,,,Amplicon,barcode26,,Single_run,,257718,257718,14462.78109,6273.985265,14007,0,30310,11689,11684,11677,11516,MN726853,11594,Z-12-149.fasta,,0
Z-12-134,,,54,Z-12-134,,,,Brain,No_buffer_fresh_stored_at_-80,Philippines,,,,,Positive,,Positive,RITM,,0,,,,,,,,,,,,,,,,,,,,,,,,,,,,,,,,
Z-12-134,sequencing,1,,,,,,,,,,,,,,,,,,,ritm_archive1_NB24,1,29-Mar-19,RITM,,,Nanopore,rabvSEasia,Minion,FAK31415,,Amplicon,NB06,,Single_run,,27333,27322,,,,,,11872.34,,11263.808,11251.876,MN726874,11653,Z-12-134.fasta,,0
Z-12-118,,,35,Z-12-118,,,,Brain,No_buffer_fresh_stored_at_-80,Philippines,,,,,Positive,,Positive,RITM,,0,,,,,,,,,,,,,,,,,,,,,,,,,,,,,,,,
Z-12-118,sequencing,1,,,,,,,,,,,,,,,,,,,ritm_archive2-nb22,1,29-Mar-19,RITM,,,Nanopore,rabvSEasia,Minion,FAK63189,,Amplicon,NB09,,Single_run,,2646,2624,,,,,,11872.34,,11049.032,4379.044,MN726856,11653,Z-12-118.fasta,,0
Z-12-088,,,37,Z-12-088,,,,Brain,No_buffer_fresh_stored_at_-80,Philippines,,,,,Positive,,Positive,RITM,,0,,,,,,,,,,,,,,,,,,,,,,,,,,,,,,,,
Z-12-088,sequencing,1,,,,,,,,,,,,,,,,,,,ritm_archive2-nb22,1,29-Mar-19,RITM,,,Nanopore,rabvSEasia,Minion,FAK63189,,Amplicon,NB11,,Single_run,,2223,2197,,,,,,11860.408,,11597.904,6872.832,MN726843,11653,Z-12-088.fasta,,0
Z-12-060,,,,,,,,,Unknown,Philippines,,,,,,,,RITM,,0,,,,,,,,,,,,,,,,,,,,,,,,,,,,,,,,
Z-12-060,sequencing,1,,,,,,,,,,,,,,,,,,,run3_22,1,4/11/22,RITM,,,Nanopore,rabvSEasia,Minion,FAU42532,,Amplicon,barcode51,,Single_run,,23814,23814,790.2447201,399.9435195,732,0,1996,11685,11677,11675,11291,,11592,Z-12-060.fasta,,2
Z-12-034,,,,,,,,,Unknown,Philippines,,,,,,,,RITM,,0,,,,,,,,,,,,,,,,,,,,,,,,,,,,,,,,
Z-12-034,sequencing,1,,,,,,,,,,,,,,,,,,,run3_22,1,4/11/22,RITM,,,Nanopore,rabvSEasia,Minion,FAU42532,,Amplicon,barcode50,,Single_run,,23352,23352,769.1198458,679.3954296,656,0,2619,11708,11444,10685,8511,,10027,Z-12-034.fasta,,2
Z-12-029,,,,,,,,,Unknown,Philippines,,,,,,,,RITM,,0,,,,,,,,,,,,,,,,,,,,,,,,,,,,,,,,
Z-12-029,sequencing,1,,,,,,,,,,,,,,,,,,,run3_22,1,4/11/22,RITM,,,Nanopore,rabvSEasia,Minion,FAU42532,,Amplicon,barcode49,,Single_run,,29905,29905,1007.778998,507.7844991,934,0,2519,11682,11677,11674,11492,,11598,Z-12-029.fasta,,2
Z-12-012,,,Z-12-012,Z12-012,,,,Brain,No_buffer_fresh_stored_at_-80,Philippines,,,,,Positive,,Positive,RITM,,0,,,,,,,,,,,,,,,,,,,,,,,,,,,,,,,,
Z-12-012,sequencing,1,,,,,,,,,,,,,,,,,,,workshop2,1,29-Mar-19,RITM,,,Nanopore,rabvSEasia,Minion,FAK63400,,Amplicon,NB03,,Single_run,,5687,5593,4999.873282,2623.047931,4529,0,12812,11886,11869,11676,11676,,11592,,,0
Z-12-012,sequencing,2,,,,,,,,,,,,,,,,,,,run2_21,2,29/10/2021,RITM,,,Nanopore,rabvSEasia,Minion,,,Amplicon,barcode18,,Single_run,,144097,144097,4999.873282,2623.047931,4529,0,12812,11886,11869,11676,11676,,11592,Z-12-012.fasta,,2
Z-12-001,,,30,Z-12-001,,,,Brain,No_buffer_fresh_stored_at_-80,Philippines,,,,,Positive,,Positive,RITM,,0,,,,,,,,,,,,,,,,,,,,,,,,,,,,,,,,
Z-12-001,sequencing,1,,,,,,,,,,,,,,,,,,,ritm_archive2-nb22,1,29-Mar-19,RITM,,,Nanopore,rabvSEasia,Minion,FAK63189,,Amplicon,NB05,,Single_run,,1746,1725,,,,,,11860.408,,11454.72,5118.828,MN726845,11653,Z-12-001.fasta,,0
Z-09-94,,,,,,,,,Unknown,Philippines,,,,,,,,RITM,,0,,,,,,,,,,,,,,,,,,,,,,,,,,,,,,,,
Z-09-94,sequencing,1,,,,,,,,,,,,,,,,,,,run4_22,1,15/11/2022,RITM,,,Nanopore,rabvSEasia,Minion,FAU43236,,Amplicon,barcode95,,Single_run,,43595,43595,1529.345122,787.9778729,1439.5,0,4030,11887,11885,11690,11675,,11601,Z-09-94.fasta,,2
Z-08-359,,,,,,,,,Unknown,Philippines,,,,,,,,RITM,,0,,,,,,,,,,,,,,,,,,,,,,,,,,,,,,,,
Z-08-359,sequencing,1,,,,,,,,,,,,,,,,,,,run4_22,1,15/11/2022,RITM,,,Nanopore,rabvSEasia,Minion,FAU43236,,Amplicon,barcode94,,Single_run,,63326,63326,2083.13644,1571.227385,2061,0,6068,11719,11692,11682,10787,,11333,Z-08-359.fasta,,2
Z-08-351,,,,,,,,,Unknown,Philippines,,,,,,,,RITM,,0,,,,,,,,,,,,,,,,,,,,,,,,,,,,,,,,
Z-08-351,sequencing,1,,,,,,,,,,,,,,,,,,,run4_22,1,15/11/2022,RITM,,,Nanopore,rabvSEasia,Minion,FAU43236,,Amplicon,barcode92,,Single_run,,46441,46441,1486.302213,1116.767033,1456,0,5050,11882,11678,11542,10006,,11051,Z-08-351.fasta,,2
Z-07-407,,,,,,,,,Unknown,Philippines,,,,,,,,RITM,,0,,,,,,,,,,,,,,,,,,,,,,,,,,,,,,,,
Z-07-407,sequencing,1,,,,,,,,,,,,,,,,,,,run4_22,1,15/11/2022,RITM,,,Nanopore,rabvSEasia,Minion,FAU43236,,Amplicon,barcode91,,Single_run,,55500,55500,1836.007124,1099.072668,1764,0,5027,11891,11881,11677,11469,,11596,Z-07-407.fasta,,2
Z-07-403,,,,,,,,,Unknown,Philippines,,,,,,,,RITM,,0,,,,,,,,,,,,,,,,,,,,,,,,,,,,,,,,
Z-07-403,sequencing,1,,,,,,,,,,,,,,,,,,,run4_22,1,15/11/2022,RITM,,,Nanopore,rabvSEasia,Minion,FAU43236,,Amplicon,barcode90,,Single_run,,53889,53889,1763.435551,1064.601399,1672,0,5037,11889,11884,11677,11427,,11595,Z-07-403.fasta,,2
Z-07-398,,,,,,,,,Unknown,Philippines,,,,,,,,RITM,,0,,,,,,,,,,,,,,,,,,,,,,,,,,,,,,,,
Z-07-398,sequencing,1,,,,,,,,,,,,,,,,,,,run3_22,1,4/11/22,RITM,,,Nanopore,rabvSEasia,Minion,FAU42532,,Amplicon,barcode71,,Single_run,,94571,94571,3044.709102,1867.84329,2933,0,8530,11897,11896,11678,11473,,11597,Z-07-398.fasta,,2
Z-07-387,,,,,,,,,Unknown,Philippines,,,,,,,,RITM,,0,,,,,,,,,,,,,,,,,,,,,,,,,,,,,,,,
Z-07-387,sequencing,1,,,,,,,,,,,,,,,,,,,run3_22,1,4/11/22,RITM,,,Nanopore,rabvSEasia,Minion,FAU42532,,Amplicon,barcode70,,Single_run,,103439,103439,3293.42298,1888.47326,3277,0,8635,11890,11885,11684,11297,,11598,Z-07-387.fasta,,2
Z-07-38,,,,,,,,,Unknown,Philippines,,,,,,,,RITM,,0,,,,,,,,,,,,,,,,,,,,,,,,,,,,,,,,
Z-07-38,sequencing,1,,,,,,,,,,,,,,,,,,,run4_22,1,15/11/2022,RITM,,,Nanopore,rabvSEasia,Minion,FAU43236,,Amplicon,barcode86,,Single_run,,29717,29717,1167.371857,532.250347,1102.5,0,2785,11897,11886,11885,11675,,11804,Z-07-38.fasta,,2
Z-07-366,,,,,,,,,Unknown,Philippines,,,,,,,,RITM,,0,,,,,,,,,,,,,,,,,,,,,,,,,,,,,,,,
Z-07-366,sequencing,1,,,,,,,,,,,,,,,,,,,run4_22,1,15/11/2022,RITM,,,Nanopore,rabvSEasia,Minion,FAU43236,,Amplicon,barcode89,,Single_run,,55969,55969,1798.508213,1149.922211,1762,0,4980,11693,11677,11312,10996,,11123,Z-07-366.fasta,,2
Z-07-351,,,,,,,,,Unknown,Philippines,,,,,,,,RITM,,0,,,,,,,,,,,,,,,,,,,,,,,,,,,,,,,,
Z-07-351,sequencing,1,,,,,,,,,,,,,,,,,,,run4_22,1,15/11/2022,RITM,,,Nanopore,rabvSEasia,Minion,FAU43236,,Amplicon,barcode88,,Single_run,,65561,65561,2236.480892,1156.011109,2138,0,5656,11900,11881,11677,11674,,11599,Z-07-351.fasta,,2
Z-07-222,,,,,,,,,Unknown,Philippines,,,,,,,,RITM,,0,,,,,,,,,,,,,,,,,,,,,,,,,,,,,,,,
Z-07-222,sequencing,1,,,,,,,,,,,,,,,,,,,run4_22,1,15/11/2022,RITM,,,Nanopore,rabvSEasia,Minion,FAU43236,,Amplicon,barcode87,,Single_run,,52964,52964,1691.206336,1382.715645,1592,0,5762,11691,11481,10707,9765,,10373,Z-07-222.fasta,,2
Z-07-22,,,,,,,,,Unknown,Philippines,,,,,,,,RITM,,0,,,,,,,,,,,,,,,,,,,,,,,,,,,,,,,,
Z-07-22,sequencing,1,,,,,,,,,,,,,,,,,,,run4_22,1,15/11/2022,RITM,,,Nanopore,rabvSEasia,Minion,FAU43236,,Amplicon,barcode85,,Single_run,,64076,64076,2057.287798,1286.635726,2039.5,0,5622,11886,11884,11677,11673,,10053,Z-07-22.fasta,,2
Z-07-07,,,,,,,,,Unknown,Philippines,,,,,,,,RITM,,0,,,,,,,,,,,,,,,,,,,,,,,,,,,,,,,,
Z-07-07,sequencing,1,,,,,,,,,,,,,,,,,,,run4_22,1,15/11/2022,RITM,,,Nanopore,rabvSEasia,Minion,FAU43236,,Amplicon,barcode84,,Single_run,,52118,52118,1675.670801,997.904847,1593,0,4629,11891,11884,11676,11425,,11596,Z-07-07.fasta,,2
Z-06-39,,,,,,,,,Unknown,Philippines,,,,,,,,RITM,,0,,,,,,,,,,,,,,,,,,,,,,,,,,,,,,,,
Z-06-39,sequencing,1,,,,,,,,,,,,,,,,,,,run4_22,1,15/11/2022,RITM,,,Nanopore,rabvSEasia,Minion,FAU43236,,Amplicon,barcode81,,Single_run,,71041,71041,2284.438233,1108.141629,2110,0,5400,11890,11888,11887,11684,,11801,Z-06-39.fasta,,2
Z-06-295,,,,,,,,,Unknown,Philippines,,,,,,,,RITM,,0,,,,,,,,,,,,,,,,,,,,,,,,,,,,,,,,
Z-06-295,sequencing,1,,,,,,,,,,,,,,,,,,,run4_22,1,15/11/2022,RITM,,,Nanopore,rabvSEasia,Minion,FAU43236,,Amplicon,barcode83,,Single_run,,52534,52534,1675.992876,1012.919906,1584.5,0,4611,11886,11885,11676,11458,,11602,Z-06-295.fasta,,2
Z-06-150,,,,,,,,,Unknown,Philippines,,,,,,,,RITM,,0,,,,,,,,,,,,,,,,,,,,,,,,,,,,,,,,
Z-06-150,sequencing,1,,,,,,,,,,,,,,,,,,,run4_22,1,15/11/2022,RITM,,,Nanopore,rabvSEasia,Minion,FAU43236,,Amplicon,barcode82,,Single_run,,49479,49479,1570.11817,1033.574897,1522,0,4483,11714,11692,11362,11218,,11210,Z-06-150.fasta,,2
Z-05-96,,,,,,,,,Unknown,Philippines,,,,,,,,RITM,,0,,,,,,,,,,,,,,,,,,,,,,,,,,,,,,,,
Z-05-96,sequencing,1,,,,,,,,,,,,,,,,,,,run2_22,1,26/10/2022,RITM,,,Nanopore,rabvSEasia,Minion,FAU03395,,Amplicon,barcode43,,Single_run,,101819,101819,3286.011398,2294.038008,3127,0,9751,11885,11675,11660,10914,,11343,Z-05-96.fasta,,2
Z-05-557,,,,,,,,,Unknown,Philippines,,,,,,,,RITM,,0,,,,,,,,,,,,,,,,,,,,,,,,,,,,,,,,
Z-05-557,sequencing,1,,,,,,,,,,,,,,,,,,,run2_22,1,26/10/2022,RITM,,,Nanopore,rabvSEasia,Minion,FAU03395,,Amplicon,barcode45,,Single_run,,169873,169873,5509.624958,3569.408237,5122.5,0,16183,11891,11886,11797,11682,,11541,Z-05-557.fasta,,2
Z-05-191,,,,,,,,,Unknown,Philippines,,,,,,,,RITM,,0,,,,,,,,,,,,,,,,,,,,,,,,,,,,,,,,
Z-05-191,sequencing,1,,,,,,,,,,,,,,,,,,,run2_22,1,26/10/2022,RITM,,,Nanopore,rabvSEasia,Minion,FAU03395,,Amplicon,barcode44,,Single_run,,92572,92572,2985.76408,2230.209214,2894.5,0,8836,11691,11477,11351,10567,,11113,Z-05-191.fasta,,2
Z-05-102,,,,,,,,,Unknown,Philippines,,,,,,,,RITM,,0,,,,,,,,,,,,,,,,,,,,,,,,,,,,,,,,
Z-05-102,sequencing,1,,,,,,,,,,,,,,,,,,,run2_22,1,26/10/2022,RITM,,,Nanopore,rabvSEasia,Minion,FAU03395,,Amplicon,barcode46,,Single_run,,96098,96098,3107.89943,2323.233004,2757,0,10550,11887,11885,11474,11210,,11351,Z-05-102.fasta,,2
Z-04-664,,,,,,,,,Unknown,Philippines,,,,,,,,RITM,,0,,,,,,,,,,,,,,,,,,,,,,,,,,,,,,,,
Z-04-664,sequencing,1,,,,,,,,,,,,,,,,,,,run2_22,1,26/10/2022,RITM,,,Nanopore,rabvSEasia,Minion,FAU03395,,Amplicon,barcode42,,Single_run,,131393,131393,4212.445106,3686.17364,3427.5,0,15042,11184,10930,10921,10625,,10718,Z-04-664.fasta,,2
Z-04-421,,,,,,,,,Unknown,Philippines,,,,,,,,RITM,,0,,,,,,,,,,,,,,,,,,,,,,,,,,,,,,,,
Z-04-421,sequencing,1,,,,,,,,,,,,,,,,,,,run2_22,1,26/10/2022,RITM,,,Nanopore,rabvSEasia,Minion,FAU03395,,Amplicon,barcode41,,Single_run,,107835,107835,3423.067801,3242.160124,2379,0,9549,11396,11190,10668,9187,,10087,Z-04-421.fasta,,2
REGION_5_2019-13,,,3,REGION_5_2019-13,,,,Brain,No_buffer_fresh_stored_at_-80,Philippines,,,,,Positive,,Positive,RITM,,0,,,,,,,,,,,,,,,,,,,,,,,,,,,,,,,,
REGION_5_2019-13,sequencing,1,,,,,,,,,,,,,,,,,,,workshop2,1,29-Mar-19,RITM,,,Nanopore,rabvSEasia,Minion,FAK63400,,Amplicon,NB05,,Single_run,,18539,18457,,,,,,11860.408,,11657.564,11597.904,MN726842,11653,REGION_5_2019-13.fasta,workshop training,0
REGION_5_2019-1,,,6,REGION_5_2019-1,,,,Brain,No_buffer_fresh_stored_at_-80,Philippines,,,,,Positive,,Positive,RITM,,0,,,,,,,,,,,,,,,,,,,,,,,,,,,,,,,,
REGION_5_2019-1,sequencing,1,,,,,,,,,,,,,,,,,,,workshop2,1,29-Mar-19,RITM,,,Nanopore,rabvSEasia,Minion,FAK63400,,Amplicon,NB06,,Single_run,,53435,53278,,,,,,11872.34,,11657.564,11657.564,MN726880,11653,REGION_5_2019-1.fasta,workshop training,0
REGION_5_2018-50,,,14,REGION_5_2018-50,,,,Brain,No_buffer_fresh_stored_at_-80,Philippines,,,,,Positive,,Positive,RITM,,0,,,,,,,,,,,,,,,,,,,,,,,,,,,,,,,,
REGION_5_2018-50,sequencing,1,,,,,,,,,,,,,,,,,,,workshop2,1,29-Mar-19,RITM,,,Nanopore,rabvSEasia,Minion,FAK63400,,Amplicon,NB08,,Single_run,,32442,31865,,,,,,11872.34,,11657.564,11597.904,MN726852,11653,REGION_5_2018-50.fasta,workshop training,0
REGION_5_2018-311,,,A6,REGION_5_2018-311,,,,Brain,No_buffer_fresh_stored_at_-80,Philippines,,,,,,Positive,Positive,RITM,,0,,,,,,,,,,,,,,,,,,,,,,,,,,,,,,,,
REGION_5_2018-311,sequencing,1,,,,,,,,,,,,,,,,,,,ritm_archive2-nb22,1,29-Mar-19,RITM,,,Nanopore,rabvSEasia,Minion,FAK63189,,Amplicon,NB14,,Single_run,,2737,2691,,,,,,11812.68,,11657.564,7875.12,MN726875,11653,REGION_5_2018-311.fasta,,0
REGION_5_2018-304,,,A5,REGION_5_2018-304,,,,Brain,No_buffer_fresh_stored_at_-80,Philippines,,,,,,Positive,Positive,RITM,,0,,,,,,,,,,,,,,,,,,,,,,,,,,,,,,,,
REGION_5_2018-304,sequencing,1,,,,,,,,,,,,,,,,,,,ritm_archive2-nb22,1,29-Mar-19,RITM,,,Nanopore,rabvSEasia,Minion,FAK63189,,Amplicon,NB13,,Single_run,,4055,4003,,,,,,11860.408,,11657.564,9020.592,MN726876,11653,REGION_5_2018-304.fasta,,0
REGION_5_2018-100,,,10,REGION_5_2018-100,,,,Brain,No_buffer_fresh_stored_at_-80,Philippines,,,,,Positive,,Positive,RITM,,0,,,,,,,,,,,,,,,,,,,,,,,,,,,,,,,,
REGION_5_2018-100,sequencing,1,,,,,,,,,,,,,,,,,,,workshop2,1,29-Mar-19,RITM,,,Nanopore,rabvSEasia,Minion,FAK63400,,Amplicon,NB07,,Single_run,,24217,24127,,,,,,11860.408,,11657.564,11430.856,MN726860,11653,REGION_5_2018-100.fasta,workshop training,0
RADDL5-005,,,33,RADDL5-005,,,,Brain,No_buffer_fresh_stored_at_-80,Philippines,,,,,Positive,,Positive,RITM,,0,,,,,,,,,,,,,,,,,,,,,,,,,,,,,,,,
RADDL5-005,sequencing,1,,,,,,,,,,,,,,,,,,,ritm_archive2-nb22,1,29-Mar-19,RITM,,,Nanopore,rabvSEasia,Minion,FAK63189,,Amplicon,NB08,,Single_run,,2511,2488,8922.323165,4048.767056,8460,0,20137,11860.408,11890,11657.564,5715.428,MN726877,11653,RADDL5-005.fasta,,2
RADDL5-005,sequencing,2,,,,,,,,,,,,,,,,,,,run1_21,2,26/10/2021,RITM,,,Nanopore,rabvSEasia,Minion,,,Amplicon,barcode02,,Single_run,,242600,242600,8922.323165,4048.767056,8460,0,20137,11895,11890,11884,11713,MN726877,11800,RADDL5-005.fasta,,0
RADDL3-845,,,31,RADDL3-845,,,,Brain,No_buffer_fresh_stored_at_-80,Philippines,,,,,Positive,,Positive,RITM,,0,,,,,,,,,,,,,,,,,,,,,,,,,,,,,,,,
RADDL3-845,sequencing,1,,,,,,,,,,,,,,,,,,,ritm_archive2-nb22,1,29-Mar-19,RITM,,,Nanopore,rabvSEasia,Minion,FAK63189,,Amplicon,NB06,,Single_run,,2157,2109,1756.317801,779.9229463,1652,0,4055,11872.34,11677,11454.72,8185.352,MN726864,11653,RADDL3-845.fasta,,2
RADDL3-845,sequencing,2,,,,,,,,,,,,,,,,,,,run2_21,2,29/10/2021,RITM,,,Nanopore,rabvSEasia,Minion,,,Amplicon,barcode08,,Single_run,,39173,39173,1756.317801,779.9229463,1652,0,4055,11886,11677,11676,11676,MN726864,11588,RADDL3-845.fasta,,0
RADDL3-16-627,,,,,,,,,Unknown,Philippines,,,,,,,,RITM,,0,,,,,,,,,,,,,,,,,,,,,,,,,,,,,,,,
RADDL3-16-627,sequencing,1,,,,,,,,,,,,,,,,,,,run1_21,1,26/10/2021,RITM,,,Nanopore,rabvSEasia,Minion,FAQ75669,,Amplicon,barcode01,,Single_run,,167345,167345,5842.952984,3996.535397,5980.5,0,18562,11795,11689,11675,11496,,11365,RADDL3-16-627.fasta,,2
RADDL3-16-521,,,,,,,,,Unknown,Philippines,,,,,,,,RITM,,0,,,,,,,,,,,,,,,,,,,,,,,,,,,,,,,,
RADDL3-16-521,sequencing,1,,,,,,,,,,,,,,,,,,,run3_22,1,4/11/22,RITM,,,Nanopore,rabvSEasia,Minion,FAU42532,,Amplicon,barcode55,,Single_run,,15946,15946,656.3103419,290.5728385,657,0,1572,11683,11677,11676,11477,,11594,RADDL3-16-521.fasta,,2
RADDL3-16-468,,,,,,,,,Unknown,Philippines,,,,,,,,RITM,,0,,,,,,,,,,,,,,,,,,,,,,,,,,,,,,,,
RADDL3-16-468,sequencing,1,,,,,,,,,,,,,,,,,,,run2_21,1,29/10/2021,RITM,,,Nanopore,rabvSEasia,Minion,FAQ75669,,Amplicon,barcode20,,Single_run,,162858,162858,7481.750503,3053.867492,6949,0,15503,11851,11677,11676,11676,,11592,RADDL3-16-468.fasta,,2
RADDL3-16-1008,,,,,,,,,Unknown,Philippines,,,,,,,,RITM,,0,,,,,,,,,,,,,,,,,,,,,,,,,,,,,,,,
RADDL3-16-1008,sequencing,1,,,,,,,,,,,,,,,,,,,run3_22,1,4/11/22,RITM,,,Nanopore,rabvSEasia,Minion,FAU42532,,Amplicon,barcode58,,Single_run,,18146,18146,727.1340094,359.4906352,685.5,0,1675,11877,11680,11676,11167,,11580,RADDL3-16-1008.fasta,,2
RADDL3-15-172,,,,RADDL3-15-172,,,,Brain,No_buffer_fresh_stored_at_-80,Philippines,,,,,Positive,,Positive,RITM,,0,,,,,,,,,,,,,,,,,,,,,,,,,,,,,,,,
RADDL3-15-172,sequencing,1,,,,,,,,,,,,,,,,,,,ritm_archive2-nb22,1,29-Mar-19,RITM,,,Nanopore,rabvSEasia,Minion,FAK63189,,Amplicon,NB01,,Single_run,,2490,2476,5353.908146,2319.525117,4992,0,12013,11872.34,11854,11454.72,6240.436,MN726859,11653,RADDL3-15-172.fasta,,2
RADDL3-15-172,sequencing,2,,,,,,,,,,,,,,,,,,,run2_21,2,29/10/2021,RITM,,,Nanopore,rabvSEasia,Minion,,,Amplicon,barcode06,,Single_run,,130863,130863,5353.908146,2319.525117,4992,0,12013,11897,11854,11742,11676,MN726859,11592,RADDL3-15-172.fasta,,0
RADDL3-1045,,,26,RADDL3-1045,,,,Brain,No_buffer_fresh_stored_at_-80,Philippines,,,,,Positive,,Positive,RITM,,0,,,,,,,,,,,,,,,,,,,,,,,,,,,,,,,,
RADDL3-1045,sequencing,1,,,,,,,,,,,,,,,,,,,ritm_archive2-nb22,1,29-Mar-19,RITM,,,Nanopore,rabvSEasia,Minion,FAK63189,,Amplicon,NB02,,Single_run,,3804,3752,7910.868337,4137.48131,7350,0,20745,11860.408,11894,11383.128,6848.968,MN726863,11653,RADDL3-1045.fasta,,2
RADDL3-1045,sequencing,2,,,,,,,,,,,,,,,,,,,run2_21,2,29/10/2021,RITM,,,Nanopore,rabvSEasia,Minion,,,Amplicon,barcode07,,Single_run,,235100,235100,7910.868337,4137.48131,7350,0,20745,11896,11894,11680,11676,MN726863,11596,RADDL3-1045.fasta,,0
RADDL3-1038,,,27,RADDL3-1038,,,,Brain,No_buffer_fresh_stored_at_-80,Philippines,,,,,Positive,,Positive,RITM,,0,,,,,,,,,,,,,,,,,,,,,,,,,,,,,,,,
RADDL3-1038,sequencing,1,,,,,,,,,,,,,,,,,,,ritm_archive2-nb22,1,29-Mar-19,RITM,,,Nanopore,rabvSEasia,Minion,FAK63189,,Amplicon,NB03,,Single_run,,2203,2197,,,,,,11657.564,,10750.732,3138.116,MN726850,11653,RADDL3-1038.fasta,,0
RADDL1-16-166,,,,,,,,,Unknown,Philippines,,,,,,,,RITM,,0,,,,,,,,,,,,,,,,,,,,,,,,,,,,,,,,
RADDL1-16-166,sequencing,1,,,,,,,,,,,,,,,,,,,run3_22,1,4/11/22,RITM,,,Nanopore,rabvSEasia,Minion,FAU42532,,Amplicon,barcode59,,Single_run,,23234,23234,783.4859202,419.0152039,739,0,2036,11690,11605,11495,11290,,11357,RADDL1-16-166.fasta,,2
RADDL1-16-154,,,28,RADDL1-16-154,,,,Brain,No_buffer_fresh_stored_at_-80,Philippines,,,,,Positive,,Positive,RITM,,0,,,,,,,,,,,,,,,,,,,,,,,,,,,,,,,,
RADDL1-16-154,sequencing,1,,,,,,,,,,,,,,,,,,,ritm_archive2-nb22,1,29-Mar-19,RITM,,,Nanopore,rabvSEasia,Minion,FAK63189,,Amplicon,NB04,,Single_run,,2643,2622,,,,,,11872.34,,11347.332,4760.868,MN726857,11553,RADDL1-16-154.fasta,,0
RADDL1-16-153,,,,,,,,,Unknown,Philippines,,,,,,,,RITM,,0,,,,,,,,,,,,,,,,,,,,,,,,,,,,,,,,
RADDL1-16-153,sequencing,1,,,,,,,,,,,,,,,,,,,run3_22,1,4/11/22,RITM,,,Nanopore,rabvSEasia,Minion,FAU42532,,Amplicon,barcode56,,Single_run,,15167,15167,719.5216225,309.3458058,694,0,1529,11690,11676,11676,11658,,11598,RADDL1-16-153.fasta,,2
R9-105,,,,,,,,,Unknown,Philippines,,,,,,,,RITM,,0,,,,,,,,,,,,,,,,,,,,,,,,,,,,,,,,
R9-105,sequencing,1,,,,,,,,,,,,,,,,,,,run5_21,1,1/3/22,RITM,,,Nanopore,rabvSEasia,Minion,FAQ67517,,Amplicon,barcode17,,Single_run,,41899,41899,2224.175243,908.1496533,2210,0,4646,11891,11886,11885,11676,,11734,R9-105.fasta,,2
R9-089,,,,,,,,,Unknown,Philippines,,,,,,,,RITM,,0,,,,,,,,,,,,,,,,,,,,,,,,,,,,,,,,
R9-089,sequencing,1,,,,,,,,,,,,,,,,,,,run5_21,1,1/3/22,RITM,,,Nanopore,rabvSEasia,Minion,FAQ67517,,Amplicon,barcode16,,Single_run,,109806,109806,3810.859621,2448.353901,3877,0,9691,11886,11885,11480,11137,,11291,R9-089.fasta,,2
R9-074,,,,,,,,,Unknown,Philippines,,,,,,,,RITM,,0,,,,,,,,,,,,,,,,,,,,,,,,,,,,,,,,
R9-074,sequencing,1,,,,,,,,,,,,,,,,,,,run5_21,1,1/3/22,RITM,,,Nanopore,rabvSEasia,Minion,FAQ67517,,Amplicon,barcode15,,Single_run,,63092,63092,2972.659403,1326.172705,2926,0,7088,11899,11885,11677,11676,,11585,R9-074.fasta,,2
R9-010,,,,,,,,,Unknown,Philippines,,,,,,,,RITM,,0,,,,,,,,,,,,,,,,,,,,,,,,,,,,,,,,
R9-010,sequencing,1,,,,,,,,,,,,,,,,,,,run5_21,1,1/3/22,RITM,,,Nanopore,rabvSEasia,Minion,FAQ67517,,Amplicon,barcode14,,Single_run,,53625,53625,2607.197285,1118.021451,2587,0,5972,11862,11690,11676,11676,,11574,R9-010.fasta,,2
R7-21-161,,,,,,,,,Unknown,Philippines,,,,,,,,RITM,,0,,,,,,,,,,,,,,,,,,,,,,,,,,,,,,,,
R7-21-161,sequencing,1,,,,,,,,,,,,,,,,,,,run11_23,1,6/3/23,RITM,,,Nanopore,rabvSEasia,Minion,FAT96586,,Amplicon,barcode38,,Single_run,,202645,202645,6757.399598,6037.869055,4963.5,0,27416,11517,11483,11275,10700,,11353,R7-21-161.fasta,,2
R7-21-149,,,,,,,,,Unknown,Philippines,,,,,,,,RITM,,0,,,,,,,,,,,,,,,,,,,,,,,,,,,,,,,,
R7-21-149,sequencing,1,,,,,,,,,,,,,,,,,,,run11_23,1,6/3/23,RITM,,,Nanopore,rabvSEasia,Minion,FAT96586,,Amplicon,barcode37,,Single_run,,77319,77319,3807.744636,1884.321183,3486,0,9296,11858,11783,11693,11676,,11540,R7-21-149.fasta,,2
R6-4568,,,,,,,,,Unknown,Philippines,,,,,,,,RITM,,0,,,,,,,,,,,,,,,,,,,,,,,,,,,,,,,,
R6-4568,sequencing,1,,,,,,,,,,,,,,,,,,,run5_21,1,1/3/22,RITM,,,Nanopore,rabvSEasia,Minion,FAQ67517,,Amplicon,barcode13,,Single_run,,63047,63047,2987.019024,1304.903897,2958,0,7016,11891,11822,11676,11676,,11569,R6-4568.fasta,,2
R6-4342,,,,,,,,,Unknown,Philippines,,,,,,,,RITM,,0,,,,,,,,,,,,,,,,,,,,,,,,,,,,,,,,
R6-4342,sequencing,1,,,,,,,,,,,,,,,,,,,run5_21,1,1/3/22,RITM,,,Nanopore,rabvSEasia,Minion,FAQ67517,,Amplicon,barcode12,,Single_run,,30225,30225,1875.01584,655.9218054,1860,0,3708,11706,11678,11676,11676,,11539,R6-4342.fasta,,2
R6-21-4600,,,,,,,,,Unknown,Philippines,,,,,,,,RITM,,0,,,,,,,,,,,,,,,,,,,,,,,,,,,,,,,,
R6-21-4600,sequencing,1,,,,,,,,,,,,,,,,,,,run3_21,1,17/02/2022,RITM,,,Nanopore,rabvSEasia,Minion,FAQ67614,,Amplicon,barcode25,,Single_run,,129092,129092,4957.942424,2736.298895,4726.5,0,12954,11906,11677,11676,11480,,11586,R6-21-4600.fasta,,2
R6-21-4511,,,,,,,,,Unknown,Philippines,,,,,,,,RITM,,0,,,,,,,,,,,,,,,,,,,,,,,,,,,,,,,,
R6-21-4511,sequencing,1,,,,,,,,,,,,,,,,,,,run3_21,1,17/02/2022,RITM,,,Nanopore,rabvSEasia,Minion,FAQ67614,,Amplicon,barcode13,,Single_run,,189873,189873,6961.801291,3373.810536,6576.5,0,16090,11893,11811,11676,11676,,11589,R6-21-4511.fasta,,2
R6-21-4375,,,,,,,,,Unknown,Philippines,,,,,,,,RITM,,0,,,,,,,,,,,,,,,,,,,,,,,,,,,,,,,,
R6-21-4375,sequencing,1,,,,,,,,,,,,,,,,,,,run11_23,1,6/3/23,RITM,,,Nanopore,rabvSEasia,Minion,FAT96586,,Amplicon,barcode36,,Single_run,,203788,203788,7042.236172,4489.993861,6721,0,18057,11718,11679,11676,11522,,11573,R6-21-4375.fasta,,2
R6-21-4343,,,,,,,,,Unknown,Philippines,,,,,,,,RITM,,0,,,,,,,,,,,,,,,,,,,,,,,,,,,,,,,,
R6-21-4343,sequencing,1,,,,,,,,,,,,,,,,,,,run11_23,1,6/3/23,RITM,,,Nanopore,rabvSEasia,Minion,FAT96586,,Amplicon,barcode35,,Single_run,,90441,90441,3976.518689,2166.584121,3497,0,10524,11861,11799,11712,11676,,11591,R6-21-4343.fasta,,2
R5-22-09,,,,,,,,,Unknown,Philippines,,,,,,,,RITM,,0,,,,,,,,,,,,,,,,,,,,,,,,,,,,,,,,
R5-22-09,sequencing,1,,,,,,,,,,,,,,,,,,,run5_21,1,1/3/22,RITM,,,Nanopore,rabvSEasia,Minion,FAQ67517,,Amplicon,barcode11,,Single_run,,50180,50180,2903.58582,932.0254402,2867,0,5291,11893,11888,11885,11884,,11802,R5-22-09.consensus.fasta,,2
R5-22-008,,,,,,,,,Unknown,Philippines,,,,,,,,RITM,,0,,,,,,,,,,,,,,,,,,,,,,,,,,,,,,,,
R5-22-008,sequencing,1,,,,,,,,,,,,,,,,,,,run11_23,1,6/3/23,RITM,,,Nanopore,rabvSEasia,Minion,FAT96586,,Amplicon,barcode34,,Single_run,,103037,103037,3400.954827,2328.702092,2873,0,10293,11783,11678,11677,11458,,11596,R5-22-008.fasta,,2
R5-21-140,,,,,,,,,Unknown,Philippines,,,,,,,,RITM,,0,,,,,,,,,,,,,,,,,,,,,,,,,,,,,,,,
R5-21-140,sequencing,1,,,,,,,,,,,,,,,,,,,run11_23,1,6/3/23,RITM,,,Nanopore,rabvSEasia,Minion,FAT96586,,Amplicon,barcode33,,Single_run,,127216,127216,5249.104928,2846.126167,4664.5,0,13563,11900,11888,11886,11886,,11800,R5-21-140.fasta,,2
R5-21-136,,,,,,,,,Unknown,Philippines,,,,,,,,RITM,,0,,,,,,,,,,,,,,,,,,,,,,,,,,,,,,,,
R5-21-136,sequencing,1,,,,,,,,,,,,,,,,,,,run11_23,1,6/3/23,RITM,,,Nanopore,rabvSEasia,Minion,FAT96586,,Amplicon,barcode32,,Single_run,,76031,76031,3567.293245,1806.053784,3384.5,0,8004,11894,11886,11689,11674,,11601,R5-21-136.fasta,,2
R5-21-132,,,,,,,,,Unknown,Philippines,,,,,,,,RITM,,0,,,,,,,,,,,,,,,,,,,,,,,,,,,,,,,,
R5-21-132,sequencing,1,,,,,,,,,,,,,,,,,,,run3_21,1,17/02/2022,RITM,,,Nanopore,rabvSEasia,Minion,FAQ67614,,Amplicon,barcode37,,Single_run,,194519,194519,9247.281512,3605.793478,9216.5,0,17386,11900,11889,11885,11676,,11799,R5-21-132.fasta,,2
R5-21-128,,,,,,,,,Unknown,Philippines,,,,,,,,RITM,,0,,,,,,,,,,,,,,,,,,,,,,,,,,,,,,,,
R5-21-128,sequencing,1,,,,,,,,,,,,,,,,,,,run4_21,1,22/02/2022,RITM,,,Nanopore,rabvSEasia,Minion,FAQ72364,,Amplicon,barcode03,,Single_run,,30755,30755,1154.376467,497.1962902,1056,0,2657,11906,11887,11886,11883,,11798,R5-21-128.fasta,,2
R5-21-119,,,,,,,,,Unknown,Philippines,,,,,,,,RITM,,0,,,,,,,,,,,,,,,,,,,,,,,,,,,,,,,,
R5-21-119,sequencing,1,,,,,,,,,,,,,,,,,,,run4_21,1,22/02/2022,RITM,,,Nanopore,rabvSEasia,Minion,FAQ72364,,Amplicon,barcode04,,Single_run,,59368,59368,1958.928847,1115.970534,1800,0,4633,11886,11885,11884,11140,,11801,R5-21-119.fasta,,2
R5-21-115,,,,,,,,,Unknown,Philippines,,,,,,,,RITM,,0,,,,,,,,,,,,,,,,,,,,,,,,,,,,,,,,
R5-21-115,sequencing,1,,,,,,,,,,,,,,,,,,,run4_21,1,22/02/2022,RITM,,,Nanopore,rabvSEasia,Minion,FAQ72364,,Amplicon,barcode05,,Single_run,,67761,67761,2364.112303,1142.209652,2134,0,5479,11905,11888,11887,11884,,11795,R5-21-115.fasta,,2
R3-731,,,,,,,,,Unknown,Philippines,,,,,,,,RITM,,0,,,,,,,,,,,,,,,,,,,,,,,,,,,,,,,,
R3-731,sequencing,1,,,,,,,,,,,,,,,,,,,run5_21,1,1/3/22,RITM,,,Nanopore,rabvSEasia,Minion,FAQ67517,,Amplicon,barcode02,,Single_run,,62721,62721,2664.61289,1103.346032,2491,0,5850,11886,11680,11676,11676,,11596,R3-731.fasta,,2
R3-21-0467,,,,,,,,,Unknown,Philippines,,,,,,,,RITM,,0,,,,,,,,,,,,,,,,,,,,,,,,,,,,,,,,
R3-21-0467,sequencing,1,,,,,,,,,,,,,,,,,,,run4_21,1,22/02/2022,RITM,,,Nanopore,rabvSEasia,Minion,FAQ72364,,Amplicon,barcode15,,Single_run,,8312,8312,268.9239859,322.2012554,90,0,1352,10516,9333,8622,5857,,8043,R3-21-0467.fasta,,2
R3-0483,,,,,,,,,Unknown,Philippines,,,,,,,,RITM,,0,,,,,,,,,,,,,,,,,,,,,,,,,,,,,,,,
R3-0483,sequencing,1,,,,,,,,,,,,,,,,,,,run5_21,1,1/3/22,RITM,,,Nanopore,rabvSEasia,Minion,FAQ67517,,Amplicon,barcode03,,Single_run,,27266,27266,1671.840513,598.1084858,1641,0,3181,11812,11677,11676,11676,,11579,R3-0483.fasta,,2
R2-22-8924,,,,,,,,,Unknown,Philippines,,,,,,,,RITM,,0,,,,,,,,,,,,,,,,,,,,,,,,,,,,,,,,
R2-22-8924,sequencing,1,,,,,,,,,,,,,,,,,,,run10_23,1,2/3/23,RITM,,,Nanopore,rabvSEasia,Minion,FAU43074,,Amplicon,barcode26,,Single_run,,43115,43115,1423.587244,868.341573,1241,0,3806,11684,11682,11676,11676,,11591,R2-22-8924.fasta,,2
R2-22-84711,,,,,,,,,Unknown,Philippines,,,,,,,,RITM,,0,,,,,,,,,,,,,,,,,,,,,,,,,,,,,,,,
R2-22-84711,sequencing,1,,,,,,,,,,,,,,,,,,,run11_23,1,6/3/23,RITM,,,Nanopore,rabvSEasia,Minion,FAT96586,,Amplicon,barcode31,,Single_run,,142335,142335,4668.798441,3486.497806,3742.5,0,15083,11618,11586,11360,11151,,11266,R2-22-84711.fasta,,2
R2-22-5814,,,,,,,,,Unknown,Philippines,,,,,,,,RITM,,0,,,,,,,,,,,,,,,,,,,,,,,,,,,,,,,,
R2-22-5814,sequencing,1,,,,,,,,,,,,,,,,,,,run10_23,1,2/3/23,RITM,,,Nanopore,rabvSEasia,Minion,FAU43074,,Amplicon,barcode27,,Single_run,,49816,49816,1549.309252,1228.99752,1301,0,5161,11670,11344,11125,10258,,10820,R2-22-5814.fasta,,2
R2-22-5302,,,,,,,,,Unknown,Philippines,,,,,,,,RITM,,0,,,,,,,,,,,,,,,,,,,,,,,,,,,,,,,,
R2-22-5302,sequencing,1,,,,,,,,,,,,,,,,,,,run10_23,1,2/3/23,RITM,,,Nanopore,rabvSEasia,Minion,FAU43074,,Amplicon,barcode28,,Single_run,,23485,23485,967.6469159,547.8621008,847,0,2515,11685,11677,11676,11657,,11583,R2-22-5302.fasta,,2
R2-081,,,,,,,,,Unknown,Philippines,,,,,,,,RITM,,0,,,,,,,,,,,,,,,,,,,,,,,,,,,,,,,,
R2-081,sequencing,1,,,,,,,,,,,,,,,,,,,run5_21,1,1/3/22,RITM,,,Nanopore,rabvSEasia,Minion,FAQ67517,,Amplicon,barcode01,,Single_run,,101178,101178,3470.992876,1985.053452,3355,0,9572,11692,11689,11683,11672,,11591,R2-081.fasta,,2
R11-22-002,,,,,,,,,Unknown,Philippines,,,,,,,,RITM,,0,,,,,,,,,,,,,,,,,,,,,,,,,,,,,,,,
R11-22-002,sequencing,1,,,,,,,,,,,,,,,,,,,run11_23,1,6/3/23,RITM,,,Nanopore,rabvSEasia,Minion,FAT96586,,Amplicon,barcode40,,Single_run,,75418,75418,2972.628059,1970.793992,2591.5,0,7420,11895,11885,11797,11656,,11730,R11-22-002.fasta,,2
R11-22-001,,,,,,,,,Unknown,Philippines,,,,,,,,RITM,,0,,,,,,,,,,,,,,,,,,,,,,,,,,,,,,,,
R11-22-001,sequencing,1,,,,,,,,,,,,,,,,,,,run11_23,1,6/3/23,RITM,,,Nanopore,rabvSEasia,Minion,FAT96586,,Amplicon,barcode39,,Single_run,,96805,96805,3644.51584,2564.535568,3168.5,0,10174,11889,11884,11695,11676,,11563,R11-22-001.fasta,,2
R11-21-63,,,,,,,,,Unknown,Philippines,,,,,,,,RITM,,0,,,,,,,,,,,,,,,,,,,,,,,,,,,,,,,,
R11-21-63,sequencing,1,,,,,,,,,,,,,,,,,,,run3_21,1,17/02/2022,RITM,,,Nanopore,rabvSEasia,Minion,FAQ67614,,Amplicon,barcode73,,Single_run,,80422,80422,4466.344284,1842.311676,4452.5,0,7854,11846,11677,11676,11606,,11591,R11-21-63.fasta,,2
R11-21-61,,,,,,,,,Unknown,Philippines,,,,,,,,RITM,,0,,,,,,,,,,,,,,,,,,,,,,,,,,,,,,,,
R11-21-61,sequencing,1,,,,,,,,,,,,,,,,,,,run3_21,1,17/02/2022,RITM,,,Nanopore,rabvSEasia,Minion,FAQ67614,,Amplicon,barcode61,,Single_run,,181394,181394,6889.439574,3764.398249,6839.5,0,17078,11917,11887,11886,11879,,11800,R11-21-61.fasta,,2
R11-21-57,,,,,,,,,Unknown,Philippines,,,,,,,,RITM,,0,,,,,,,,,,,,,,,,,,,,,,,,,,,,,,,,
R11-21-57,sequencing,1,,,,,,,,,,,,,,,,,,,run3_21,1,17/02/2022,RITM,,,Nanopore,rabvSEasia,Minion,FAQ67614,,Amplicon,barcode49,,Single_run,,13,13,0.584813946,0.811098125,0,0,4,4863,0,0,0,,-9,R11-21-57.fasta,,2
R10-990,,,,,,,,,Unknown,Philippines,,,,,,,,RITM,,0,,,,,,,,,,,,,,,,,,,,,,,,,,,,,,,,
R10-990,sequencing,1,,,,,,,,,,,,,,,,,,,run3_22,1,4/11/22,RITM,,,Nanopore,rabvSEasia,Minion,FAU42532,,Amplicon,barcode68,,Single_run,,17635,17635,714.8122695,398.3772243,703,0,1957,11691,11677,11675,11190,,11562,R10-990.fasta,,2
R10-989,,,,,,,,,Unknown,Philippines,,,,,,,,RITM,,0,,,,,,,,,,,,,,,,,,,,,,,,,,,,,,,,
R10-989,sequencing,1,,,,,,,,,,,,,,,,,,,run3_22,1,4/11/22,RITM,,,Nanopore,rabvSEasia,Minion,FAU42532,,Amplicon,barcode67,,Single_run,,16112,16112,712.6129735,363.2364522,711,0,1812,11872,11677,11648,11179,,11337,R10-989.fasta,,2
R10-920,,,,,,,,,Unknown,Philippines,,,,,,,,RITM,,0,,,,,,,,,,,,,,,,,,,,,,,,,,,,,,,,
R10-920,sequencing,1,,,,,,,,,,,,,,,,,,,run3_21,1,17/02/2022,RITM,,,Nanopore,rabvSEasia,Minion,FAQ67614,,Amplicon,barcode85,,Single_run,,51668,51668,2957.091016,1137.177129,2903.5,0,5537,11766,11679,11676,11676,,11572,R10-920.fasta,,2
R10-907,,,,,,,,,Unknown,Philippines,,,,,,,,RITM,,0,,,,,,,,,,,,,,,,,,,,,,,,,,,,,,,,
R10-907,sequencing,1,,,,,,,,,,,,,,,,,,,run5_21,1,1/3/22,RITM,,,Nanopore,rabvSEasia,Minion,FAQ67517,,Amplicon,barcode19,,Single_run,,47361,47361,2457.926835,989.8736028,2419,0,5064,11699,11683,11676,11676,,11558,R10-907.fasta,,2
R10-856,,,,,,,,,Unknown,Philippines,,,,,,,,RITM,,0,,,,,,,,,,,,,,,,,,,,,,,,,,,,,,,,
R10-856,sequencing,1,,,,,,,,,,,,,,,,,,,run3_22,1,4/11/22,RITM,,,Nanopore,rabvSEasia,Minion,FAU42532,,Amplicon,barcode64,,Single_run,,22239,22239,914.2749749,474.0289324,940,0,2459,11690,11677,11475,11417,,11281,R10-856.fasta,,2
R10-824,,,,,,,,,Unknown,Philippines,,,,,,,,RITM,,0,,,,,,,,,,,,,,,,,,,,,,,,,,,,,,,,
R10-824,sequencing,1,,,,,,,,,,,,,,,,,,,run3_22,1,4/11/22,RITM,,,Nanopore,rabvSEasia,Minion,FAU42532,,Amplicon,barcode66,,Single_run,,11985,11985,581.1174992,270.7452706,577,0,1216,11683,11677,11674,11456,,11476,R10-824.fasta,,2
R10-714,,,,,,,,,Unknown,Philippines,,,,,,,,RITM,,0,,,,,,,,,,,,,,,,,,,,,,,,,,,,,,,,
R10-714,sequencing,1,,,,,,,,,,,,,,,,,,,run5_21,1,1/3/22,RITM,,,Nanopore,rabvSEasia,Minion,FAQ67517,,Amplicon,barcode18,,Single_run,,30540,30540,1827.797016,816.4748489,1858,0,3500,11677,11676,11676,11676,,11550,R10-714.fasta,,2
R10-711,,,,,,,,,Unknown,Philippines,,,,,,,,RITM,,0,,,,,,,,,,,,,,,,,,,,,,,,,,,,,,,,
R10-711,sequencing,1,,,,,,,,,,,,,,,,,,,run3_22,1,4/11/22,RITM,,,Nanopore,rabvSEasia,Minion,FAU42532,,Amplicon,barcode65,,Single_run,,24065,24065,938.4233155,478.3338488,969,0,2383,11704,11698,11498,11483,,11330,R10-711.fasta,,2
R10-688,,,,,,,,,Unknown,Philippines,,,,,,,,RITM,,0,,,,,,,,,,,,,,,,,,,,,,,,,,,,,,,,
R10-688,sequencing,1,,,,,,,,,,,,,,,,,,,run3_22,1,4/11/22,RITM,,,Nanopore,rabvSEasia,Minion,FAU42532,,Amplicon,barcode63,,Single_run,,21710,21710,1010.325679,448.1341418,1056,0,2232,11690,11678,11675,11474,,11560,R10-688.fasta,,2
R1-21-148,,,,,,,,,Unknown,Philippines,,,,,,,,RITM,,0,,,,,,,,,,,,,,,,,,,,,,,,,,,,,,,,
R1-21-148,sequencing,1,,,,,,,,,,,,,,,,,,,run3_21,1,17/02/2022,RITM,,,Nanopore,rabvSEasia,Minion,FAQ67614,,Amplicon,barcode01,,Single_run,,125187,125187,4475.726534,2243.720806,4318.5,0,11153,11894,11690,11683,11496,,11594,R1-21-148.fasta,,2
NTC5,,,,,,,,,Unknown,Philippines,,,,,,,,RITM,,0,,,,,,,,,,,,,,,,,,,,,,,,,,,,,,,,
NTC5,sequencing,1,,,,,,,,,,,,,,,,,,,run5_21,1,1/3/22,RITM,,,Nanopore,rabvSEasia,Minion,FAQ67517,,Amplicon,barcode21,,Single_run,,1,1,0.110626886,0.443238865,0,0,3,744,0,0,0,,-10,NTC5.fasta,,2
NTC4,,,,,,,,,Unknown,Philippines,,,,,,,,RITM,,0,,,,,,,,,,,,,,,,,,,,,,,,,,,,,,,,
NTC4,sequencing,1,,,,,,,,,,,,,,,,,,,run4_21,1,22/02/2022,RITM,,,Nanopore,rabvSEasia,Minion,FAQ72364,,Amplicon,barcode16,,Single_run,,1,1,0.026902447,0.161805129,0,0,1,321,0,0,0,,-10,NTC4.fasta,,2
NTC3,,,,,,,,,Unknown,Philippines,,,,,,,,RITM,,0,,,,,,,,,,,,,,,,,,,,,,,,,,,,,,,,
NTC3,sequencing,1,,,,,,,,,,,,,,,,,,,run3_21,1,17/02/2022,RITM,,,Nanopore,rabvSEasia,Minion,FAQ67614,,Amplicon,barcode38,,Single_run,,,,,,,0,0,0,0,0,0,,-9,NTC3.fasta,,2
NTC2,,,,,,,,,Unknown,Philippines,,,,,,,,RITM,,0,,,,,,,,,,,,,,,,,,,,,,,,,,,,,,,,
NTC2,sequencing,1,,,,,,,,,,,,,,,,,,,run2_21,1,29/10/2021,RITM,,,Nanopore,rabvSEasia,Minion,FAQ75669,,Amplicon,barcode30,,Single_run,,,,,,,0,0,0,0,0,0,,-9,NTC2.fasta,,2
NTC1,,,,,,,,,Unknown,Philippines,,,,,,,,RITM,,0,,,,,,,,,,,,,,,,,,,,,,,,,,,,,,,,
NTC1,sequencing,1,,,,,,,,,,,,,,,,,,,run1_21,1,26/10/2021,RITM,,,Nanopore,rabvSEasia,Minion,FAQ75669,,Amplicon,barcode38,,Single_run,,1,1,0.07123701,0.359672849,0,0,2,473,0,0,0,,-10,NTC1.fasta,,2
NFW5,,,,,,,,,Unknown,Philippines,,,,,,,,RITM,,0,,,,,,,,,,,,,,,,,,,,,,,,,,,,,,,,
NFW5,sequencing,1,,,,,,,,,,,,,,,,,,,run3_22,1,4/11/22,RITM,,,Nanopore,rabvSEasia,Minion,FAU42532,,Amplicon,barcode72,,Single_run,,,,,,,0,0,0,0,0,0,,-9,NFW5.fasta,,2
NFW4.3,,,,,,,,,Unknown,Philippines,,,,,,,,RITM,,0,,,,,,,,,,,,,,,,,,,,,,,,,,,,,,,,
NFW4.3,sequencing,1,,,,,,,,,,,,,,,,,,,run3_22,1,4/11/22,RITM,,,Nanopore,rabvSEasia,Minion,FAU42532,,Amplicon,barcode69,,Single_run,,141,141,4.567717063,13.59241299,0,0,66,1810,1656,1004,0,,712,,,2
NFW4,,,,,,,,,Unknown,Philippines,,,,,,,,RITM,,0,,,,,,,,,,,,,,,,,,,,,,,,,,,,,,,,
NFW4,sequencing,1,,,,,,,,,,,,,,,,,,,run2_22,1,26/10/2022,RITM,,,Nanopore,rabvSEasia,Minion,FAU03395,,Amplicon,barcode37,,Single_run,,,,,,,0,0,0,0,0,0,,-9,NFW4.fasta,,2
NFW3,,,,,,,,,Unknown,Philippines,,,,,,,,RITM,,0,,,,,,,,,,,,,,,,,,,,,,,,,,,,,,,,
NFW3,sequencing,1,,,,,,,,,,,,,,,,,,,run3_22,1,4/11/22,RITM,,,Nanopore,rabvSEasia,Minion,FAU42532,,Amplicon,barcode57,,Single_run,,196,196,5.714549112,31.32759916,0,0,193,793,371,370,369,,317,NFW3.fasta,,2
NFW2,,,,,,,,,Unknown,Philippines,,,,,,,,RITM,,0,,,,,,,,,,,,,,,,,,,,,,,,,,,,,,,,
NFW2,sequencing,1,,,,,,,,,,,,,,,,,,,run1_22,1,19/10/2022,RITM,,,Nanopore,rabvSEasia,Minion,FAQ70637,,Amplicon,barcode24,,Single_run,,1,1,0.074673148,0.354392936,0,0,2,554,0,0,0,,-9,NFW2.fasta,,2
NFW.12,,,,,,,,,Unknown,Philippines,,,,,,,,RITM,,0,,,,,,,,,,,,,,,,,,,,,,,,,,,,,,,,
NFW.12,sequencing,1,,,,,,,,,,,,,,,,,,,run12_23,1,8/3/23,RITM,,,Nanopore,rabvSEasia,Minion,FAT89919,,Amplicon,barcode70,,Single_run,,24,24,0.791233657,4.194010151,0,0,24,412,412,393,0,,356,NFW.12.fasta,,2
NFW.11,,,,,,,,,Unknown,Philippines,,,,,,,,RITM,,0,,,,,,,,,,,,,,,,,,,,,,,,,,,,,,,,
NFW.11,sequencing,1,,,,,,,,,,,,,,,,,,,run11_23,1,6/3/23,RITM,,,Nanopore,rabvSEasia,Minion,FAT96586,,Amplicon,barcode30,,Single_run,,2,2,0.066878981,0.249822764,0,0,1,798,0,0,0,,-10,NFW.11.fasta,,2
NFW.10,,,,,,,,,Unknown,Philippines,,,,,,,,RITM,,0,,,,,,,,,,,,,,,,,,,,,,,,,,,,,,,,
NFW.10,sequencing,1,,,,,,,,,,,,,,,,,,,run10_23,1,2/3/23,RITM,,,Nanopore,rabvSEasia,Minion,FAU43074,,Amplicon,barcode29,,Single_run,,,,,,,,,,,,,,,,,2
NFW_r6_2,,,,,,,,,Unknown,Philippines,,,,,,,,RITM,,0,,,,,,,,,,,,,,,,,,,,,,,,,,,,,,,,
NFW_r6_2,sequencing,1,,,,,,,,,,,,,,,,,,,run5_22,1,11/12/22,RITM,,,Nanopore,rabvSEasia,Minion,FAU03787,,Amplicon,barcode72,,Single_run,,,,,,,0,0,0,0,0,0,,-9,NFW_r6_2.fasta,,2
NFW_r6_1,,,,,,,,,Unknown,Philippines,,,,,,,,RITM,,0,,,,,,,,,,,,,,,,,,,,,,,,,,,,,,,,
NFW_r6_1,sequencing,1,,,,,,,,,,,,,,,,,,,run5_22,1,11/12/22,RITM,,,Nanopore,rabvSEasia,Minion,FAU03787,,Amplicon,barcode65,,Single_run,,50,50,1.499748575,8.275548541,0,0,50,383,383,382,0,,322,NFW_r6_1.fasta,,2
NFW_2_R6,,,,,,,,,Unknown,Philippines,,,,,,,,RITM,,0,,,,,,,,,,,,,,,,,,,,,,,,,,,,,,,,
NFW_2_R6,sequencing,1,,,,,,,,,,,,,,,,,,,run6_23,1,25/01/2023,RITM,,,Nanopore,rabvSEasia,Minion,FAT95864,,Amplicon,barcode87,,Single_run,,,,,,,,,,,,,,,,,2
NFW_1_R6,,,,,,,,,Unknown,Philippines,,,,,,,,RITM,,0,,,,,,,,,,,,,,,,,,,,,,,,,,,,,,,,
NFW_1_R6,sequencing,1,,,,,,,,,,,,,,,,,,,run6_23,1,25/01/2023,RITM,,,Nanopore,rabvSEasia,Minion,FAT95864,,Amplicon,barcode79,,Single_run,,8,8,0.242624874,1.196781402,0,0,7,703,375,0,0,,-10,NFW_1_R6.fasta,,2
H22-01,,,,,,,,,Unknown,Philippines,,,,,,,,RITM,,0,,,,,,,,,,,,,,,,,,,,,,,,,,,,,,,,
H22-01,sequencing,1,,,,,,,,,,,,,,,,,,,run5_21,1,1/3/22,RITM,,,Nanopore,rabvSEasia,Minion,FAQ67517,,Amplicon,barcode20,,Single_run,,105322,105322,3460.889457,2939.418139,3087,0,11872,11361,10908,10702,10060,,10524,H22-01.fasta,,2
H-23-011Sk_12,,,,,,,,,Unknown,Philippines,,,,,,,,RITM,,0,,,,,,,,,,,,,,,,,,,,,,,,,,,,,,,,
H-23-011Sk_12,sequencing,1,,,,,,,,,,,,,,,,,,,run12_23,1,8/3/23,RITM,,,Nanopore,rabvSEasia,Minion,FAT89919,,Amplicon,barcode92,,Single_run,,19329,19329,626.5606772,537.1848781,543,0,2432,11206,11174,10734,9251,,10512,H-23-011Sk_12.fasta,,2
H-23-011Sa_12,,,,,,,,,Unknown,Philippines,,,,,,,,RITM,,0,,,,,,,,,,,,,,,,,,,,,,,,,,,,,,,,
H-23-011Sa_12,sequencing,1,,,,,,,,,,,,,,,,,,,run12_23,1,8/3/23,RITM,,,Nanopore,rabvSEasia,Minion,FAT89919,,Amplicon,barcode93,,Single_run,,320,320,9.889456923,42.35118176,0,0,300,1364,1351,669,384,,612,H-23-011Sa_12.fasta,,2
H-23-011Sa_11,,,,,,,,,Unknown,Philippines,,,,,,,,RITM,,0,,,,,,,,,,,,,,,,,,,,,,,,,,,,,,,,
H-23-011Sa_11,sequencing,1,,,,,,,,,,,,,,,,,,,run11_23,1,6/3/23,RITM,,,Nanopore,rabvSEasia,Minion,FAT96586,,Amplicon,barcode52,,Single_run,,1246,1246,39.10777741,120.4332724,0,0,764,4791,3948,3363,978,,3054,H-23-011Sa_11.fasta,,2
H-23-011Sa_10,,,,,,,,,Unknown,Philippines,,,,,,,,RITM,,0,,,,,,,,,,,,,,,,,,,,,,,,,,,,,,,,
H-23-011Sa_10,sequencing,1,,,,,,,,,,,,,,,,,,,run10_23,1,2/3/23,RITM,,,Nanopore,rabvSEasia,Minion,FAU43074,,Amplicon,barcode20,,Single_run,,824,824,25.46672813,91.57652708,0,0,512,988,984,979,920,,922,H-23-011Sa_10.fasta,,2
H-23-011-Sk_10,,,,,,,,,Unknown,Philippines,,,,,,,,RITM,,0,,,,,,,,,,,,,,,,,,,,,,,,,,,,,,,,
H-23-011-Sk_10,sequencing,1,,,,,,,,,,,,,,,,,,,run10_23,1,2/3/23,RITM,,,Nanopore,rabvSEasia,Minion,FAU43074,,Amplicon,barcode21,,Single_run,,9365,9365,287.2930774,262.3817771,221,0,1417,10835,10820,10473,8231,,10149,H-23-011-Sk_10.fasta,,2
GOAT,,,,,,,,,Unknown,Philippines,,,,,,,,RITM,,0,,,,,,,,,,,,,,,,,,,,,,,,,,,,,,,,
GOAT,sequencing,1,,,,,,,,,,,,,,,,,,,run2_21,1,29/10/2021,RITM,,,Nanopore,rabvSEasia,Minion,FAQ75669,,Amplicon,barcode16,,Single_run,,7321,7321,272.8347301,123.4178471,244,0,613,11886,11868,11676,11301,,11581,GOAT.fasta,,2
COW,,,,,,,,,Unknown,Philippines,,,,,,,,RITM,,0,,,,,,,,,,,,,,,,,,,,,,,,,,,,,,,,
COW,sequencing,1,,,,,,,,,,,,,,,,,,,run2_21,1,29/10/2021,RITM,,,Nanopore,rabvSEasia,Minion,FAQ75669,,Amplicon,barcode17,,Single_run,,173426,173426,5842.35652,3898.785344,5569.5,0,16806,11696,11676,11676,11625,,11594,COW.fasta,,2
CAR-22-020,,,,,,,,,Unknown,Philippines,,,,,,,,RITM,,0,,,,,,,,,,,,,,,,,,,,,,,,,,,,,,,,
CAR-22-020,sequencing,1,,,,,,,,,,,,,,,,,,,run10_23,1,2/3/23,RITM,,,Nanopore,rabvSEasia,Minion,FAU43074,,Amplicon,barcode23,,Single_run,,42521,42521,1462.850235,783.975831,1363,0,3806,11906,11885,11881,11676,,11798,CAR-22-020.fasta,,2
CAR-22-018,,,,,,,,,Unknown,Philippines,,,,,,,,RITM,,0,,,,,,,,,,,,,,,,,,,,,,,,,,,,,,,,
CAR-22-018,sequencing,1,,,,,,,,,,,,,,,,,,,run10_23,1,2/3/23,RITM,,,Nanopore,rabvSEasia,Minion,FAU43074,,Amplicon,barcode22,,Single_run,,30194,30194,1064.428847,581.1501607,939.5,0,2860,11684,11677,11676,11674,,11584,CAR-22-018.fasta,,2
4B-2922JG,,,,,,,,,Unknown,Philippines,,,,,,,,RITM,,0,,,,,,,,,,,,,,,,,,,,,,,,,,,,,,,,
4B-2922JG,sequencing,1,,,,,,,,,,,,,,,,,,,run5_21,1,1/3/22,RITM,,,Nanopore,rabvSEasia,Minion,FAQ67517,,Amplicon,barcode09,,Single_run,,70209,70209,3349.604593,1238.131459,3151,0,6344,11894,11887,11886,11885,,11782,4B-2922JG.fasta,,2
4B-2922HM,,,,,,,,,Unknown,Philippines,,,,,,,,RITM,,0,,,,,,,,,,,,,,,,,,,,,,,,,,,,,,,,
4B-2922HM,sequencing,1,,,,,,,,,,,,,,,,,,,run5_21,1,1/3/22,RITM,,,Nanopore,rabvSEasia,Minion,FAQ67517,,Amplicon,barcode08,,Single_run,,46432,46432,2460.547938,872.1687536,2397,0,4479,11896,11886,11885,11676,,11785,4B-2922HM.fasta,,2
4B-2422,,,,,,,,,Unknown,Philippines,,,,,,,,RITM,,0,,,,,,,,,,,,,,,,,,,,,,,,,,,,,,,,
4B-2422,sequencing,1,,,,,,,,,,,,,,,,,,,run5_21,1,1/3/22,RITM,,,Nanopore,rabvSEasia,Minion,FAQ67517,,Amplicon,barcode07,,Single_run,,79772,79772,2890.355263,1512.341566,2610,0,7091,11695,11679,11676,11658,,11595,4B-2422.fasta,,2
4B-23-19,,,,,,,,,Unknown,Philippines,,,,,,,,RITM,,0,,,,,,,,,,,,,,,,,,,,,,,,,,,,,,,,
4B-23-19,sequencing,1,,,,,,,,,,,,,,,,,,,run12_23,1,8/3/23,RITM,,,Nanopore,rabvSEasia,Minion,FAT89919,,Amplicon,barcode84,,Single_run,,99762,99762,3882.936557,2003.076178,3842.5,0,9493,11890,11780,11686,11676,,11594,4B-23-19.fasta,,2
4B-23-17,,,,,,,,,Unknown,Philippines,,,,,,,,RITM,,0,,,,,,,,,,,,,,,,,,,,,,,,,,,,,,,,
4B-23-17,sequencing,1,,,,,,,,,,,,,,,,,,,run12_23,1,8/3/23,RITM,,,Nanopore,rabvSEasia,Minion,FAT89919,,Amplicon,barcode83,,Single_run,,54399,54399,3176.05171,1174.478951,3170,0,6162,11898,11782,11677,11676,,11593,4B-23-17.fasta,,2
4B-23-16,,,,,,,,,Unknown,Philippines,,,,,,,,RITM,,0,,,,,,,,,,,,,,,,,,,,,,,,,,,,,,,,
4B-23-16,sequencing,1,,,,,,,,,,,,,,,,,,,run12_23,1,8/3/23,RITM,,,Nanopore,rabvSEasia,Minion,FAT89919,,Amplicon,barcode82,,Single_run,,79568,79568,3032.704911,1580.393229,2876.5,0,7403,11892,11789,11708,11675,,11595,4B-23-16.fasta,,2
4B-23-15,,,,,,,,,Unknown,Philippines,,,,,,,,RITM,,0,,,,,,,,,,,,,,,,,,,,,,,,,,,,,,,,
4B-23-15,sequencing,1,,,,,,,,,,,,,,,,,,,run12_23,1,8/3/23,RITM,,,Nanopore,rabvSEasia,Minion,FAT89919,,Amplicon,barcode81,,Single_run,,68151,68151,2674.935049,1361.523071,2493,0,6541,11895,11783,11681,11676,,11591,4B-23-15.fasta,,2
4B-23-13,,,,,,,,,Unknown,Philippines,,,,,,,,RITM,,0,,,,,,,,,,,,,,,,,,,,,,,,,,,,,,,,
4B-23-13,sequencing,1,,,,,,,,,,,,,,,,,,,run12_23,1,8/3/23,RITM,,,Nanopore,rabvSEasia,Minion,FAT89919,,Amplicon,barcode80,,Single_run,,72962,72962,2447.54534,1698.6457,2115.5,0,7764,11814,11716,11681,11488,,11598,4B-23-13.fasta,,2
4B-23-12,,,,,,,,,Unknown,Philippines,,,,,,,,RITM,,0,,,,,,,,,,,,,,,,,,,,,,,,,,,,,,,,
4B-23-12,sequencing,1,,,,,,,,,,,,,,,,,,,run12_23,1,8/3/23,RITM,,,Nanopore,rabvSEasia,Minion,FAT89919,,Amplicon,barcode79,,Single_run,,5356,5356,209.0664599,95.58894212,208,0,473,11881,11677,11676,9940,,11593,4B-23-12.fasta,,2
4B-23-11,,,,,,,,,Unknown,Philippines,,,,,,,,RITM,,0,,,,,,,,,,,,,,,,,,,,,,,,,,,,,,,,
4B-23-11,sequencing,1,,,,,,,,,,,,,,,,,,,run12_23,1,8/3/23,RITM,,,Nanopore,rabvSEasia,Minion,FAT89919,,Amplicon,barcode78,,Single_run,,97843,97843,4284.652447,1887.091052,4294,0,9284,11894,11866,11712,11676,,11596,4B-23-11.fasta,,2
4B-23-07,,,,,,,,,Unknown,Philippines,,,,,,,,RITM,,0,,,,,,,,,,,,,,,,,,,,,,,,,,,,,,,,
4B-23-07,sequencing,1,,,,,,,,,,,,,,,,,,,run12_23,1,8/3/23,RITM,,,Nanopore,rabvSEasia,Minion,FAT89919,,Amplicon,barcode77,,Single_run,,21344,21344,883.6055146,488.8536643,784,0,2122,11886,11777,11677,11671,,11596,4B-23-07.fasta,,2
4B-23-06,,,,,,,,,Unknown,Philippines,,,,,,,,RITM,,0,,,,,,,,,,,,,,,,,,,,,,,,,,,,,,,,
4B-23-06,sequencing,1,,,,,,,,,,,,,,,,,,,run12_23,1,8/3/23,RITM,,,Nanopore,rabvSEasia,Minion,FAT89919,,Amplicon,barcode76,,Single_run,,22835,22835,1031.598475,530.3200312,926,0,2574,11733,11678,11676,11672,,11596,4B-23-06.fasta,,2
4B-23-05,,,,,,,,,Unknown,Philippines,,,,,,,,RITM,,0,,,,,,,,,,,,,,,,,,,,,,,,,,,,,,,,
4B-23-05,sequencing,1,,,,,,,,,,,,,,,,,,,run12_23,1,8/3/23,RITM,,,Nanopore,rabvSEasia,Minion,FAT89919,,Amplicon,barcode75,,Single_run,,63730,63730,2266.908314,1252.288002,2183,0,5680,11893,11793,11699,11676,,11588,4B-23-05.fasta,,2
4B-23-04,,,,,,,,,Unknown,Philippines,,,,,,,,RITM,,0,,,,,,,,,,,,,,,,,,,,,,,,,,,,,,,,
4B-23-04,sequencing,1,,,,,,,,,,,,,,,,,,,run12_23,1,8/3/23,RITM,,,Nanopore,rabvSEasia,Minion,FAT89919,,Amplicon,barcode74,,Single_run,,115937,115937,4400.248408,2205.341577,4264,0,11035,11899,11887,11884,11676,,11804,4B-23-04.fasta,,2
4B-23-03,,,,,,,,,Unknown,Philippines,,,,,,,,RITM,,0,,,,,,,,,,,,,,,,,,,,,,,,,,,,,,,,
4B-23-03,sequencing,1,,,,,,,,,,,,,,,,,,,run12_23,1,8/3/23,RITM,,,Nanopore,rabvSEasia,Minion,FAT89919,,Amplicon,barcode73,,Single_run,,71238,71238,2897.844368,1434.011117,2809,0,6846,11893,11886,11884,11676,,11807,4B-23-03.fasta,,2
4B-23-02,,,,,,,,,Unknown,Philippines,,,,,,,,RITM,,0,,,,,,,,,,,,,,,,,,,,,,,,,,,,,,,,
4B-23-02,sequencing,1,,,,,,,,,,,,,,,,,,,run12_23,1,8/3/23,RITM,,,Nanopore,rabvSEasia,Minion,FAT89919,,Amplicon,barcode72,,Single_run,,56689,56689,2863.912085,1190.82322,2785,0,6053,11891,11777,11677,11676,,11597,4B-23-02.fasta,,2
4B-23-01,,,,,,,,,Unknown,Philippines,,,,,,,,RITM,,0,,,,,,,,,,,,,,,,,,,,,,,,,,,,,,,,
4B-23-01,sequencing,1,,,,,,,,,,,,,,,,,,,run12_23,1,8/3/23,RITM,,,Nanopore,rabvSEasia,Minion,FAT89919,,Amplicon,barcode71,,Single_run,,148701,148701,5251.437395,2650.492012,4972,0,13542,11898,11784,11678,11676,,11599,4B-23-01.fasta,,2
4B-22-45,,,,,,,,,Unknown,Philippines,,,,,,,,RITM,,0,,,,,,,,,,,,,,,,,,,,,,,,,,,,,,,,
4B-22-45,sequencing,1,,,,,,,,,,,,,,,,,,,run10_23,1,2/3/23,RITM,,,Nanopore,rabvSEasia,Minion,FAU43074,,Amplicon,barcode17,,Single_run,,60931,60931,1958.844703,1171.851007,1813,0,5036,11702,11684,11677,11496,,11591,4B-22-45.fasta,,2
4B-22-44,,,,,,,,,Unknown,Philippines,,,,,,,,RITM,,0,,,,,,,,,,,,,,,,,,,,,,,,,,,,,,,,
4B-22-44,sequencing,1,,,,,,,,,,,,,,,,,,,run10_23,1,2/3/23,RITM,,,Nanopore,rabvSEasia,Minion,FAU43074,,Amplicon,barcode16,,Single_run,,73209,73209,2364.5176,1418.94092,2217,0,6259,11865,11698,11677,11668,,11595,4B-22-44.fasta,,2
4B-22-42,,,,,,,,,Unknown,Philippines,,,,,,,,RITM,,0,,,,,,,,,,,,,,,,,,,,,,,,,,,,,,,,
4B-22-42,sequencing,1,,,,,,,,,,,,,,,,,,,run5_22,1,11/12/22,RITM,,,Nanopore,rabvSEasia,Minion,FAU03787,,Amplicon,barcode70,,Single_run,,80686,80686,2841.937395,1516.863432,2763,0,6819,11829,11710,11684,11676,,11603,4B-22-42.fasta,,2
4B-22-41,,,,,,,,,Unknown,Philippines,,,,,,,,RITM,,0,,,,,,,,,,,,,,,,,,,,,,,,,,,,,,,,
4B-22-41,sequencing,1,,,,,,,,,,,,,,,,,,,run5_22,1,11/12/22,RITM,,,Nanopore,rabvSEasia,Minion,FAU03787,,Amplicon,barcode69,,Single_run,,63086,63086,2082.013326,1327.846029,1920.5,0,5888,11686,11685,11482,11172,,11274,4B-22-41.fasta,,2
4B-22-40,,,,,,,,,Unknown,Philippines,,,,,,,,RITM,,0,,,,,,,,,,,,,,,,,,,,,,,,,,,,,,,,
4B-22-40,sequencing,1,,,,,,,,,,,,,,,,,,,run5_22,1,11/12/22,RITM,,,Nanopore,rabvSEasia,Minion,FAU03787,,Amplicon,barcode68,,Single_run,,39734,39734,1695.100067,803.4751974,1673,0,4073,11890,11885,11677,11676,,11572,4B-22-40.fasta,,2
4B-22-39,,,,,,,,,Unknown,Philippines,,,,,,,,RITM,,0,,,,,,,,,,,,,,,,,,,,,,,,,,,,,,,,
4B-22-39,sequencing,1,,,,,,,,,,,,,,,,,,,run10_23,1,2/3/23,RITM,,,Nanopore,rabvSEasia,Minion,FAU43074,,Amplicon,barcode15,,Single_run,,41968,41968,1449.961197,851.9478314,1259.5,0,3429,11712,11678,11676,11370,,11595,4B-22-39.fasta,,2
4B-22-37,,,,,,,,,Unknown,Philippines,,,,,,,,RITM,,0,,,,,,,,,,,,,,,,,,,,,,,,,,,,,,,,
4B-22-37,sequencing,1,,,,,,,,,,,,,,,,,,,run10_23,1,2/3/23,RITM,,,Nanopore,rabvSEasia,Minion,FAU43074,,Amplicon,barcode14,,Single_run,,42907,42907,1589.750251,788.4247775,1505,0,3466,11787,11676,11676,11676,,11592,4B-22-37.fasta,,2
4B-22-35,,,,,,,,,Unknown,Philippines,,,,,,,,RITM,,0,,,,,,,,,,,,,,,,,,,,,,,,,,,,,,,,
4B-22-35,sequencing,1,,,,,,,,,,,,,,,,,,,run5_22,1,11/12/22,RITM,,,Nanopore,rabvSEasia,Minion,FAU03787,,Amplicon,barcode67,,Single_run,,43499,43499,1513.779836,952.2034976,1354.5,0,4453,11689,11678,11677,11245,,11584,4B-22-35.fasta,,2
4B-22-31,,,,,,,,,Unknown,Philippines,,,,,,,,RITM,,0,,,,,,,,,,,,,,,,,,,,,,,,,,,,,,,,
4B-22-31,sequencing,1,,,,,,,,,,,,,,,,,,,run5_22,1,11/12/22,RITM,,,Nanopore,rabvSEasia,Minion,FAU03787,,Amplicon,barcode66,,Single_run,,44618,44618,1499.413761,964.4141396,1349,0,4205,11885,11859,11754,11355,,11583,4B-22-31.fasta,,2
4B-22-30,,,,,,,,,Unknown,Philippines,,,,,,,,RITM,,0,,,,,,,,,,,,,,,,,,,,,,,,,,,,,,,,
4B-22-30,sequencing,1,,,,,,,,,,,,,,,,,,,run4_22,1,15/11/2022,RITM,,,Nanopore,rabvSEasia,Minion,FAU43236,,Amplicon,barcode79,,Single_run,,10620,10620,702.6354341,238.615899,697,0,1310,11886,11881,11676,11673,,11463,4B-22-30.fasta,,2
4B-22-28,,,,,,,,,Unknown,Philippines,,,,,,,,RITM,,0,,,,,,,,,,,,,,,,,,,,,,,,,,,,,,,,
4B-22-28,sequencing,1,,,,,,,,,,,,,,,,,,,run4_22,1,15/11/2022,RITM,,,Nanopore,rabvSEasia,Minion,FAU43236,,Amplicon,barcode78,,Single_run,,56494,56494,2079.418622,1040.828883,1933,0,5278,11895,11885,11685,11673,,11598,4B-22-28.fasta,,2
4B-22-21,,,,,,,,,Unknown,Philippines,,,,,,,,RITM,,0,,,,,,,,,,,,,,,,,,,,,,,,,,,,,,,,
4B-22-21,sequencing,1,,,,,,,,,,,,,,,,,,,run4_22,1,15/11/2022,RITM,,,Nanopore,rabvSEasia,Minion,FAU43236,,Amplicon,barcode77,,Single_run,,24534,24534,1056.348978,460.411182,1028,0,2303,11895,11884,11678,11673,,11548,4B-22-21.fasta,,2
4B-22-20,,,,,,,,,Unknown,Philippines,,,,,,,,RITM,,0,,,,,,,,,,,,,,,,,,,,,,,,,,,,,,,,
4B-22-20,sequencing,1,,,,,,,,,,,,,,,,,,,run4_22,1,15/11/2022,RITM,,,Nanopore,rabvSEasia,Minion,FAU43236,,Amplicon,barcode76,,Single_run,,33322,33322,1599.80942,685.766919,1571.5,0,3643,11887,11885,11677,11675,,11561,4B-22-20.fasta,,2
4B-22-17,,,,,,,,,Unknown,Philippines,,,,,,,,RITM,,0,,,,,,,,,,,,,,,,,,,,,,,,,,,,,,,,
4B-22-17,sequencing,1,,,,,,,,,,,,,,,,,,,run4_22,1,15/11/2022,RITM,,,Nanopore,rabvSEasia,Minion,FAU43236,,Amplicon,barcode75,,Single_run,,21960,21960,955.9657224,429.9373452,901.5,0,2094,11890,11885,11810,11672,,11585,4B-22-17.fasta,,2
4B-22-16,,,,,,,,,Unknown,Philippines,,,,,,,,RITM,,0,,,,,,,,,,,,,,,,,,,,,,,,,,,,,,,,
4B-22-16,sequencing,1,,,,,,,,,,,,,,,,,,,run4_22,1,15/11/2022,RITM,,,Nanopore,rabvSEasia,Minion,FAU43236,,Amplicon,barcode74,,Single_run,,26648,26648,1017.625796,505.1991345,946.5,0,2672,11899,11850,11676,11669,,11562,4B-22-16.fasta,,2
4B-22-15,,,,,,,,,Unknown,Philippines,,,,,,,,RITM,,0,,,,,,,,,,,,,,,,,,,,,,,,,,,,,,,,
4B-22-15,sequencing,1,,,,,,,,,,,,,,,,,,,run3_21,1,17/02/2022,RITM,,,Nanopore,rabvSEasia,Minion,FAQ67614,,Amplicon,barcode14,,Single_run,,88177,88177,3570.690831,1708.531267,3467,0,8098,11895,11886,11886,11884,,11799,4B-22-15.fasta,,2
4B-22-13,,,,,,,,,Unknown,Philippines,,,,,,,,RITM,,0,,,,,,,,,,,,,,,,,,,,,,,,,,,,,,,,
4B-22-13,sequencing,1,,,,,,,,,,,,,,,,,,,run4_22,1,15/11/2022,RITM,,,Nanopore,rabvSEasia,Minion,FAU43236,,Amplicon,barcode73,,Single_run,,42850,42850,1620.969997,781.9086231,1554,0,3809,11895,11885,11677,11674,,11578,4B-22-13.fasta,,2
4B-22-114,,,,,,,,,Unknown,Philippines,,,,,,,,RITM,,0,,,,,,,,,,,,,,,,,,,,,,,,,,,,,,,,
4B-22-114,sequencing,1,,,,,,,,,,,,,,,,,,,run3_21,1,17/02/2022,RITM,,,Nanopore,rabvSEasia,Minion,FAQ67614,,Amplicon,barcode26,,Single_run,,73511,73511,3115.181864,1293.109941,2984,0,6372,11887,11886,11885,11873,,11792,4B-22-114.fasta,,2
4B-21622,,,,,,,,,Unknown,Philippines,,,,,,,,RITM,,0,,,,,,,,,,,,,,,,,,,,,,,,,,,,,,,,
4B-21622,sequencing,1,,,,,,,,,,,,,,,,,,,run5_21,1,1/3/22,RITM,,,Nanopore,rabvSEasia,Minion,FAQ67517,,Amplicon,barcode10,,Single_run,,55046,55046,2703.92055,988.5056001,2559,0,5161,11903,11888,11886,11885,,11780,4B-21622.fasta,,2
4B-21-528,,,,,,,,,Unknown,Philippines,,,,,,,,RITM,,0,,,,,,,,,,,,,,,,,,,,,,,,,,,,,,,,
4B-21-528,sequencing,1,,,,,,,,,,,,,,,,,,,run4_21,1,22/02/2022,RITM,,,Nanopore,rabvSEasia,Minion,FAQ72364,,Amplicon,barcode12,,Single_run,,33369,33369,1298.337077,643.8413943,1212,0,2932,11895,11886,11885,11513,,11801,4B-21-528.fasta,,2
4B-21-423,,,,,,,,,Unknown,Philippines,,,,,,,,RITM,,0,,,,,,,,,,,,,,,,,,,,,,,,,,,,,,,,
4B-21-423,sequencing,1,,,,,,,,,,,,,,,,,,,run4_21,1,22/02/2022,RITM,,,Nanopore,rabvSEasia,Minion,FAQ72364,,Amplicon,barcode11,,Single_run,,52324,52324,1764.669963,1023.346189,1611,0,4758,11888,11885,11677,11659,,11588,4B-21-423.fasta,,2
4B-21-421,,,,,,,,,Unknown,Philippines,,,,,,,,RITM,,0,,,,,,,,,,,,,,,,,,,,,,,,,,,,,,,,
4B-21-421,sequencing,1,,,,,,,,,,,,,,,,,,,run4_21,1,22/02/2022,RITM,,,Nanopore,rabvSEasia,Minion,FAQ72364,,Amplicon,barcode10,,Single_run,,32418,32418,1252.439826,590.5725342,1211,0,2908,11886,11886,11884,11675,,11791,4B-21-421.fasta,,2
4B-21-412,,,,,,,,,Unknown,Philippines,,,,,,,,RITM,,0,,,,,,,,,,,,,,,,,,,,,,,,,,,,,,,,
4B-21-412,sequencing,1,,,,,,,,,,,,,,,,,,,run4_21,1,22/02/2022,RITM,,,Nanopore,rabvSEasia,Minion,FAQ72364,,Amplicon,barcode09,,Single_run,,31268,31268,1182.667784,590.253369,1103,0,2734,11887,11886,11886,11722,,11799,4B-21-412.fasta,,2
4B-21-35,,,,,,,,,Unknown,Philippines,,,,,,,,RITM,,0,,,,,,,,,,,,,,,,,,,,,,,,,,,,,,,,
4B-21-35,sequencing,1,,,,,,,,,,,,,,,,,,,run4_21,1,22/02/2022,RITM,,,Nanopore,rabvSEasia,Minion,FAQ72364,,Amplicon,barcode07,,Single_run,,31723,31723,1093.751006,623.6411208,975,0,2662,11896,11886,11723,11216,,11593,4B-21-35.fasta,,2
4B-21-310,,,,,,,,,Unknown,Philippines,,,,,,,,RITM,,0,,,,,,,,,,,,,,,,,,,,,,,,,,,,,,,,
4B-21-310,sequencing,1,,,,,,,,,,,,,,,,,,,run4_21,1,22/02/2022,RITM,,,Nanopore,rabvSEasia,Minion,FAQ72364,,Amplicon,barcode08,,Single_run,,87245,87245,2971.537127,1688.145724,2794,0,7448,11887,11886,11726,11722,,11591,4B-21-310.fasta,,2
4B-21-29,,,,,,,,,Unknown,Philippines,,,,,,,,RITM,,0,,,,,,,,,,,,,,,,,,,,,,,,,,,,,,,,
4B-21-29,sequencing,1,,,,,,,,,,,,,,,,,,,run4_21,1,22/02/2022,RITM,,,Nanopore,rabvSEasia,Minion,FAQ72364,,Amplicon,barcode06,,Single_run,,29965,29965,1014.977204,521.3244337,952,0,2368,11897,11886,11885,11859,,11791,4B-21-29.fasta,,2
4B-21-126,,,,,,,,,Unknown,Philippines,,,,,,,,RITM,,0,,,,,,,,,,,,,,,,,,,,,,,,,,,,,,,,
4B-21-126,sequencing,1,,,,,,,,,,,,,,,,,,,run3_21,1,17/02/2022,RITM,,,Nanopore,rabvSEasia,Minion,FAQ67614,,Amplicon,barcode02,,Single_run,,91407,91407,3955.795759,1545.948115,3821,0,8142,11895,11887,11886,11885,,11788,4B-21-126.fasta,,2
4A-22-98,,,,,,,,,Unknown,Philippines,,,,,,,,RITM,,0,,,,,,,,,,,,,,,,,,,,,,,,,,,,,,,,
4A-22-98,sequencing,1,,,,,,,,,,,,,,,,,,,run5_21,1,1/3/22,RITM,,,Nanopore,rabvSEasia,Minion,FAQ67517,,Amplicon,barcode05,,Single_run,,46433,46433,2301.151022,848.9059604,2193,0,4276,11887,11886,11885,11676,,11792,4A-22-98.fasta,,2
4A-22-40,,,,,,,,,Unknown,Philippines,,,,,,,,RITM,,0,,,,,,,,,,,,,,,,,,,,,,,,,,,,,,,,
4A-22-40,sequencing,1,,,,,,,,,,,,,,,,,,,run5_21,1,1/3/22,RITM,,,Nanopore,rabvSEasia,Minion,FAQ67517,,Amplicon,barcode04,,Single_run,,37660,37660,2143.286708,719.6691412,2099,0,3920,11895,11886,11885,11676,,11785,4A-22-40.fasta,,2
4A-22-203,,,,,,,,,Unknown,Philippines,,,,,,,,RITM,,0,,,,,,,,,,,,,,,,,,,,,,,,,,,,,,,,
4A-22-203,sequencing,1,,,,,,,,,,,,,,,,,,,run10_23,1,2/3/23,RITM,,,Nanopore,rabvSEasia,Minion,FAU43074,,Amplicon,barcode25,,Single_run,,37558,37558,1190.401022,855.1184059,1151,0,4038,11681,11392,11354,10995,,11261,4A-22-203.fasta,,2
4A-22-171,,,,,,,,,Unknown,Philippines,,,,,,,,RITM,,0,,,,,,,,,,,,,,,,,,,,,,,,,,,,,,,,
4A-22-171,sequencing,1,,,,,,,,,,,,,,,,,,,run10_23,1,2/3/23,RITM,,,Nanopore,rabvSEasia,Minion,FAU43074,,Amplicon,barcode24,,Single_run,,40941,40941,1328.048776,819.7012991,1165,0,3971,11683,11677,11676,11669,,11597,4A-22-171.fasta,,2
4A-22-104,,,,,,,,,Unknown,Philippines,,,,,,,,RITM,,0,,,,,,,,,,,,,,,,,,,,,,,,,,,,,,,,
4A-22-104,sequencing,1,,,,,,,,,,,,,,,,,,,run5_21,1,1/3/22,RITM,,,Nanopore,rabvSEasia,Minion,FAQ67517,,Amplicon,barcode06,,Single_run,,62538,62538,2734.587663,1135.203836,2625,0,6111,11897,11677,11676,11676,,11591,4A-22-104.fasta,,2
19-40,,,,,,,,,Unknown,Philippines,,,,,,,,RITM,,0,,,,,,,,,,,,,,,,,,,,,,,,,,,,,,,,
19-40,sequencing,1,,,,,,,,,,,,,,,,,,,run2_21,1,29/10/2021,RITM,,,Nanopore,rabvSEasia,Minion,FAQ75669,,Amplicon,barcode24,,Single_run,,125074,125074,4173.567214,2181.03051,3793,0,10132,11903,11886,11885,11730,,11799,19-40.fasta,,2
19-30,,,,,,,,,Unknown,Philippines,,,,,,,,RITM,,0,,,,,,,,,,,,,,,,,,,,,,,,,,,,,,,,
19-30,sequencing,1,,,,,,,,,,,,,,,,,,,run2_21,1,29/10/2021,RITM,,,Nanopore,rabvSEasia,Minion,FAQ75669,,Amplicon,barcode23,,Single_run,,123570,123570,4143.805481,2115.262279,3821,0,9692,11887,11884,11677,11676,,11590,19-30.fasta,,2
153,,,,,,,,,Unknown,Philippines,,,,,,,,RITM,,0,,,,,,,,,,,,,,,,,,,,,,,,,,,,,,,,
153,sequencing,1,,,,,,,,,,,,,,,,,,,run2_21,1,29/10/2021,RITM,,,Nanopore,rabvSEasia,Minion,FAQ75669,,Amplicon,barcode04,,Single_run,,339786,339786,11689.50805,5833.876067,10659,0,27363,11900,11894,11677,11676,,11597,153.fasta,,2
14,,,,,,,,,Unknown,Philippines,,,,,,,,RITM,,0,,,,,,,,,,,,,,,,,,,,,,,,,,,,,,,,
14,sequencing,1,,,,,,,,,,,,,,,,,,,run2_21,1,29/10/2021,RITM,,,Nanopore,rabvSEasia,Minion,FAQ75669,,Amplicon,barcode03,,Single_run,,210965,210965,7361.692508,3747.191029,6960.5,0,17037,11892,11889,11676,11676,,11588,14.fasta,,2